{"text": "", "segments": [{"id": 0, "seek": 6000, "start": 59.98, "end": 59.98, "text": "", "tokens": [], "temperature": 0.0, "avg_logprob": -0.5620214462280273, "compression_ratio": 0.7647058823529411, "no_speech_prob": 0.847727358341217, "words": []}], "language": "Italian"}