{"text": " Radio Radicale, al termine delle votazioni sul decreto anticrisi, il Presidente del Consiglio Silvio Berlusconi ha rilasciato alcune dichiarazioni alla stampa, brevi dichiarazioni nelle quali ha polemizzato, con la stampa sulle polemiche sono state riportate sul provvedimento che riguarda le missioni italiane all'estero, ma ha ricordato anche che probabilmente ci saranno delle modifiche al decreto anticrisi. Ma sentiamo le parole del Presidente del Consiglio Silvio Berlusconi. Vediamo, penso di s\u00ec, vediamo, stiamo lavorando, una battuta cos\u00ec, ma \u00e8 stato votato unanimitariamente in finanziamento il 23 di luglio, dovete riempire i giornali, per\u00f2 non c'era nulla da dire. Grazie.", "segments": [{"id": 0, "seek": 0, "start": 0.0, "end": 27.72, "text": " Radio Radicale, al termine delle votazioni sul decreto anticrisi, il Presidente del Consiglio Silvio Berlusconi ha rilasciato alcune dichiarazioni alla stampa, brevi dichiarazioni nelle quali ha polemizzato, con la stampa sulle polemiche sono state riportate sul provvedimento che riguarda le missioni italiane all'estero, ma ha ricordato anche che probabilmente ci saranno delle modifiche al decreto anticrisi. Ma sentiamo le parole del Presidente del Consiglio Silvio Berlusconi.", "tokens": [50364, 17296, 9654, 804, 68, 11, 419, 1433, 533, 16485, 3478, 27569, 17603, 6853, 1353, 49172, 5714, 72, 11, 1930, 3117, 68, 1103, 6923, 328, 19987, 6943, 28226, 5637, 3063, 1671, 72, 324, 367, 388, 296, 537, 2513, 20005, 2613, 10390, 9448, 27569, 11591, 9921, 64, 11, 1403, 4917, 10390, 9448, 27569, 46350, 4101, 72, 324, 714, 10386, 8072, 2513, 11, 416, 635, 9921, 64, 459, 2447, 714, 10386, 9304, 9259, 1785, 12782, 477, 473, 17603, 1439, 937, 10030, 947, 8329, 16981, 64, 476, 4447, 72, 22366, 21133, 439, 6, 377, 2032, 11, 463, 324, 21040, 765, 2513, 11585, 947, 31959, 4082, 6983, 13782, 13484, 16485, 1072, 351, 9304, 419, 6853, 1353, 49172, 5714, 72, 13, 4042, 2279, 7415, 476, 26783, 1103, 3117, 68, 1103, 6923, 328, 19987, 6943, 28226, 5637, 3063, 1671, 72, 13, 51764], "temperature": 0.0, "avg_logprob": -0.13640345274096857, "compression_ratio": 1.901185770750988, "no_speech_prob": 0.21241679787635803, "words": [{"word": " Radio", "start": 0.0, "end": 1.18, "probability": 0.38394027948379517}, {"word": " Radicale,", "start": 1.18, "end": 1.52, "probability": 0.8930023113886515}, {"word": " al", "start": 1.6, "end": 1.68, "probability": 0.9736093878746033}, {"word": " termine", "start": 1.68, "end": 1.96, "probability": 0.9975442588329315}, {"word": " delle", "start": 1.96, "end": 2.12, "probability": 0.9913069605827332}, {"word": " votazioni", "start": 2.12, "end": 2.6, "probability": 0.9948554337024689}, {"word": " sul", "start": 2.6, "end": 2.8, "probability": 0.9784533977508545}, {"word": " decreto", "start": 2.8, "end": 3.4, "probability": 0.8997446894645691}, {"word": " anticrisi,", "start": 3.4, "end": 4.14, "probability": 0.7961210409800211}, {"word": " il", "start": 4.48, "end": 4.6, "probability": 0.9780001044273376}, {"word": " Presidente", "start": 4.6, "end": 4.9, "probability": 0.7897765040397644}, {"word": " del", "start": 4.9, "end": 5.06, "probability": 0.9951838850975037}, {"word": " Consiglio", "start": 5.06, "end": 5.42, "probability": 0.9883575042088827}, {"word": " Silvio", "start": 5.42, "end": 5.72, "probability": 0.8839980363845825}, {"word": " Berlusconi", "start": 5.72, "end": 6.16, "probability": 0.9970578849315643}, {"word": " ha", "start": 6.16, "end": 6.3, "probability": 0.9688481688499451}, {"word": " rilasciato", "start": 6.3, "end": 6.7, "probability": 0.9969805002212524}, {"word": " alcune", "start": 6.7, "end": 7.0, "probability": 0.9904720783233643}, {"word": " dichiarazioni", "start": 7.0, "end": 7.92, "probability": 0.9755643606185913}, {"word": " alla", "start": 7.92, "end": 8.48, "probability": 0.8075426816940308}, {"word": " stampa,", "start": 8.48, "end": 8.9, "probability": 0.9645652174949646}, {"word": " brevi", "start": 8.98, "end": 9.2, "probability": 0.8684486448764801}, {"word": " dichiarazioni", "start": 9.2, "end": 9.78, "probability": 0.9972343047459921}, {"word": " nelle", "start": 9.78, "end": 10.44, "probability": 0.47751644253730774}, {"word": " quali", "start": 10.44, "end": 10.58, "probability": 0.993590384721756}, {"word": " ha", "start": 10.58, "end": 10.78, "probability": 0.9821150302886963}, {"word": " polemizzato,", "start": 10.78, "end": 12.02, "probability": 0.9902114570140839}, {"word": " con", "start": 12.08, "end": 12.38, "probability": 0.9751371741294861}, {"word": " la", "start": 12.38, "end": 12.6, "probability": 0.9973516464233398}, {"word": " stampa", "start": 12.6, "end": 12.94, "probability": 0.9981612861156464}, {"word": " sulle", "start": 12.94, "end": 13.54, "probability": 0.7650578022003174}, {"word": " polemiche", "start": 13.54, "end": 13.94, "probability": 0.9981070955594381}, {"word": " sono", "start": 13.94, "end": 14.2, "probability": 0.8285481333732605}, {"word": " state", "start": 14.2, "end": 14.42, "probability": 0.9931117296218872}, {"word": " riportate", "start": 14.42, "end": 15.06, "probability": 0.9857613245646158}, {"word": " sul", "start": 15.06, "end": 15.72, "probability": 0.9305511713027954}, {"word": " provvedimento", "start": 15.72, "end": 16.28, "probability": 0.9767809510231018}, {"word": " che", "start": 16.28, "end": 16.44, "probability": 0.9895106554031372}, {"word": " riguarda", "start": 16.44, "end": 16.76, "probability": 0.998324970404307}, {"word": " le", "start": 16.76, "end": 16.88, "probability": 0.9502719044685364}, {"word": " missioni", "start": 16.88, "end": 17.26, "probability": 0.9594992697238922}, {"word": " italiane", "start": 17.26, "end": 17.62, "probability": 0.9948281645774841}, {"word": " all", "start": 17.62, "end": 17.82, "probability": 0.990124523639679}, {"word": "'estero,", "start": 17.82, "end": 18.46, "probability": 0.9877384305000305}, {"word": " ma", "start": 18.72, "end": 19.66, "probability": 0.9848573207855225}, {"word": " ha", "start": 19.66, "end": 19.92, "probability": 0.9788334965705872}, {"word": " ricordato", "start": 19.92, "end": 20.4, "probability": 0.996386190255483}, {"word": " anche", "start": 20.4, "end": 20.64, "probability": 0.9674907326698303}, {"word": " che", "start": 20.64, "end": 20.88, "probability": 0.9962467551231384}, {"word": " probabilmente", "start": 20.88, "end": 21.48, "probability": 0.9934957325458527}, {"word": " ci", "start": 21.48, "end": 21.68, "probability": 0.9967256784439087}, {"word": " saranno", "start": 21.68, "end": 22.02, "probability": 0.9986470341682434}, {"word": " delle", "start": 22.02, "end": 22.24, "probability": 0.9940954446792603}, {"word": " modifiche", "start": 22.24, "end": 23.02, "probability": 0.9974832534790039}, {"word": " al", "start": 23.02, "end": 23.32, "probability": 0.9771652221679688}, {"word": " decreto", "start": 23.32, "end": 23.86, "probability": 0.9961879849433899}, {"word": " anticrisi.", "start": 23.86, "end": 24.42, "probability": 0.995049794514974}, {"word": " Ma", "start": 24.54, "end": 24.76, "probability": 0.8613129258155823}, {"word": " sentiamo", "start": 24.76, "end": 25.0, "probability": 0.9905047118663788}, {"word": " le", "start": 25.0, "end": 25.16, "probability": 0.9968963861465454}, {"word": " parole", "start": 25.16, "end": 25.4, "probability": 0.9992863535881042}, {"word": " del", "start": 25.4, "end": 25.78, "probability": 0.9934242963790894}, {"word": " Presidente", "start": 25.78, "end": 26.22, "probability": 0.9354149997234344}, {"word": " del", "start": 26.22, "end": 26.36, "probability": 0.9969744682312012}, {"word": " Consiglio", "start": 26.36, "end": 26.7, "probability": 0.9969338973363241}, {"word": " Silvio", "start": 26.7, "end": 27.02, "probability": 0.9429466128349304}, {"word": " Berlusconi.", "start": 27.02, "end": 27.72, "probability": 0.9990126341581345}]}, {"id": 1, "seek": 3000, "start": 32.46, "end": 58.7,