start	end	text
1820	7560	Abbiamo, come sapete, la conversazione conclusiva con Giuliano Amato, qui nella sua qualità
7560	11460	di Presidente del Comitato Scientifico della Fondazione Italiana Europea.
13400	21640	È una conversazione che partirà, ovviamente, dai temi europei, temi che hanno attraversato
21640	27580	tutte le sessioni di questo nostro fine settimana e che noi abbiamo pensato, d'accordo con Giuliano
27580	33040	Amato, di strutturare in questo modo, dandogli la parola per il tempo che lui riterrà necessario,
33140	37200	dopodiché lasciando un tempo consistente anche all'interlocuzione con voi, essendo questo
37200	40980	appunto il momento conclusivo del programma. Vittorio, se vuoi dire qualcosa a te?
41400	43420	No, aspetta che vogliano più che altro sentire Giuliano Amato.
43920	45440	Benissimo. Giuliano.
45520	57560	Allora, tocca a me. Bene, non mi aspettavo di trovarmi davanti a una... No, penso a una
57560	65740	persona quasi come me. Questo è una cosa importante, perché poi ne potremmo parlare
65740	73620	discutendo. Insomma, più io rifletto sull'Italia, sui problemi risolti che ha davanti, sulle
73620	80500	tante idee che noi italiani abbiamo avuto per affrontare e risolvere meglio questi problemi,
80500	88500	e più ne derivo la conclusione che il principale progetto che dovremmo mettere in cantiere
88500	95460	con Efficacia è un progetto di formazione di coloro che ci servono per attuare i progetti
95460	104080	che facciamo, perché in realtà è proprio nella defaianza attuativa la difficoltà maggiore
104080	111200	che l'Italia incontra rispetto alla propria modernizzazione e al proprio miglioramento.
111840	121180	E ho cominciato a raggiungere la conclusione che noi imputiamo con troppa facilità alle
121180	128900	procedure, alle difficoltà burocratiche, delle difficoltà che sono nostre in effetti
128900	139920	e che derivano da mille ragioni che poi fanno capo ad una tendenziale inidoneità di coloro
139920	146740	che collochiamo in posti di responsabilità ad esercitarle con efficacia, in effetti,
146940	152900	se ci pensate bene, ma questo è un altro argomento. Le difficoltà legislative o burocratiche
153160	160140	a volte sono inventate, cioè non ci sono, a volte sono inventate nel senso che vengono
160140	167320	create per sottrarsi alla responsabilità delle scelte e quindi noi abbiamo lunghissime
167320	174900	procedure che sono figlie del desiderio di coloro che dovrebbero fare le cose, di non
174900	182160	assumere mai la responsabilità di ciò che fanno e di scaricarla su visti, registrazioni,
183160	190300	firme e controfirme che precedono il loro atto. Questo non è colpa della legge, è
190300	200520	colpa di quello che preferisce che tutto avvenga secondo procedure che frammentano e fanno
200520	208260	evaporare le responsabilità ed è in qualche modo un nostro problema, principalmente delle
208260	216760	burocrazie pubbliche forse, certo il privato non funziona con queste regole, però è inutile
216760	223260	che ci giriamo intorno, ma questo è un altro problema che tuttavia segnala l'assoluta utilità
223900	238240	di un lavoro sulla nostra formazione, di noi italiani. Questa conversazione è in via di
238240	244440	un lavoro che conclude un lavoro che voi avete fatto in questi tre giorni sull'Europa.
244640	250740	Avendo avuto occasione di rifletterci non poco, vi dico in brevissima sintesi quelli
250740	258180	che vedo i problemi aperti dell'Europa, le opportunità che essa offre anche a noi italiani
258180	268220	e tuttavia strettamente correlate queste opportunità ai problemi che l'Europa ha davanti. Nel
268240	275940	senso che non c'è dubbio che la grande saga dell'Europa come opportunità visibile, tangibile,
276140	284460	sperimentabile è una saga che sia conclusa in effetti e che quando oggi ne percepiamo
284460	293940	un rinnovato bisogno e parliamo di grandi temi che soltanto attraverso l'Europa possono
293940	302660	trovare le risposte di cui c'è bisogno, ci riferiamo ad un doveressere che è molto
302660	309720	più lontano dall'essere di quanto non sia accaduto nell'età d'oro della prima Europa.
310820	318140	Vorrei chiarire in pochissime parole perché le cose stanno in questo modo e perché quindi
318140	325020	noi da una parte abbiamo bisogno di Europa, dall'altro abbiamo e sperimentiamo una grande
325020	331120	difficoltà ad avvalircene, ad utilizzarcene, a farla funzionare. Non è stato così in
331120	348120	passato. C'è una differenza profonda tra l'Europa degli anni 1950 e la missione che
348120	356160	le sono affidate e gli strumenti di cui sembra al momento essere in grado di dotarsi. La
356160	364220	prima Europa, lo sapete meglio di me, nasce in fondo con due finalità. La prima, la più
364220	370420	profonda e la più mimetizzata nella costruzione del mercato comune è quella della pacificazione
370420	377940	tra i paesi europei, togliere il veleno che sta nelle sovranità nazionali e che è stato
378120	385040	contenuto la fonte dei conflitti militari tra gli Stati europei che addirittura portano
385040	392380	nel XX secolo a due guerre mondiali. Questa finalità di fondo che aveva cercato all'inizio
392380	398120	degli anni 1950 di dar vita ad una Europa politica, sembrando la Federazione Europea
399300	407180	la risposta naturale all'eccesso di conflittualità frutto delle sovranità nazionali, non riesce
407180	415240	a passare e si fa il bypass della costruzione di un mercato comune. Che mantiene quella
415240	422020	finalità, se questi paesi comunque si integrano, se si abituano a lavorare insieme, se si abituano
422020	428380	ad avere regole comuni in primo luogo nell'economia, diventa sempre più improbabile che i loro
428380	434300	conflitti interni siano indotti a risolverli mandando le truppe al Brennero e anche al
434300	441300	di là del Brennero. Questo in effetti è destinato ad accadere. Vi segnalo simbolicamente
442560	453120	proprio l'intreccio tra la costruzione economica e la finalità di pace nell'antenato della
453120	458440	Comunità economica europea, che è la comunità del carbone dell'acciaio, cioè che mette
458440	467820	insieme quei due ingredienti economici per impossessarsi dei quali in modo integrale
467820	474020	Francia e Germania avevano fatto l'ira di Dio per secoli, in effetti costringendo la
474020	481720	gente dell'Alsazia a non sapere se erano francesi, tedeschi o cos'altro dovevano diventare.
481720	489320	Quindi la decisione, ed è quella che secondo me spiega storicamente il valore di fondo
489320	496440	dell'asse franco tedesco, come asse su cui si eretta per decenni la costruzione europea,
496640	502500	è una decisione molto coraggiosa e molto lungimirante, quella di dire, abbiamo litigato per secoli
502500	509280	su queste cose, mettiamole insieme e gestiamole insieme. Questo proprio dà il senso di un
510040	516120	economia che cambia i connotati anche della politica. La costruzione del mercato comune
516120	527880	segue la stessa logica, anche se in modo meno eloquente di quanto non sia la cieca, e produce
527880	534800	degli effetti via via sempre più positivi, che vengono percepiti, produce l'effetto di
536520	544080	denervare la nervatura a reazione militare dei paesi europei fra di loro, che infatti
544080	551780	cancellano totalmente la prospettiva delle armi nei loro rapporti reciproci e dà vita
551780	559840	ad un'integrazione economica che produce degli effetti benefici su tutta Europa. Noi italiani
559840	567020	siamo quelli che se ne sono forse accorti di, anche più di altri, perché essendo all'inizio
567020	573900	un'economia più debole di quello di altri ed essendo un'economia che ha una propensione,
573920	581380	se volete, anche forzata dalle vicende postbelliche, a vivere soprattutto attraverso l'esportazione
581380	586380	prima ancora che attraverso la sua domanda interna, ora non abbiamo tempo di tornare
586380	596140	sui naudi 47-48, più si allarga il mercato e più questa economia fiorisce. Io racconto
596140	604880	spesso agli studenti, scusate se lo ricordo anche a voi, che a metà degli anni 50 eravamo
604880	613180	alla disperata ricerca di posti di lavoro e venne fatto il piano Vanoni nel 1956 per trovare
613180	619340	4 milioni di posti di lavoro ed era un piano tutto impergnato sull'investimento pubblico,
619480	625220	un piano schiettamente cheinesiano dove il lavoro sarebbe venuto dall'investimento pubblico.
626260	632220	Una volta entrato in funzione il mercato comune, il piano Vanoni finisce silenziosamente
632720	640600	in un cassetto, ma non per una rinuncia dei governi di allora, ma perché proprio non
640600	645260	era più necessario rispetto a quello che era il suo fine, i 4 milioni di posti di lavoro
645260	652600	vengono fuori dal fiorire delle nostre imprese, delle nostre piccole imprese, l'allargamento
652600	662160	dei mercati e questi cominciano ad assumere. Gioca molto nella costruzione del mercato
662160	670580	comune un duplice fattore, diciamo uno che è proprio quello che si chiama il piano Vanoni
670600	680140	teleologico, finalistico, noi abbiamo mercati separati, se riusciamo a metterci insieme
680140	691700	creiamo un mercato di consumatori che raggiunge i 200 e più milioni all'ora di unità, quindi
691700	699440	ci costruiamo questa grande isola per noi e all'interno di questa grande isola ci sarà
699440	706680	la maggior prosperità per tutti, quindi questa è l'idea del mercato comune che è il mare
706680	717440	nostrum, che ci farà crescere tutti quanti. In nome di questo l'operazione che viene
717440	726300	fatta attraverso gli organi comunitari che vengono creati è quella di adottare delle
726300	734760	regolazioni comuni che in gergo poi tecnico saranno chiamate di integrazione tendenzialmente
734760	745220	negativa, dove negativo non è un giudizio di disvalore ma vuol dire eliminare ostacoli
745220	752640	alla integrazione del mercato, cioè l'operazione unificante è un'operazione che si realizza
752640	764220	attraverso la eliminazione di ostacoli, dove gli ostacoli possono essere tariffe doganali,
764860	773680	quote di ingresso dei prodotti, regolazioni diverse delle medesime produzioni di beni
773680	780680	o servizi che impediscono ai beni e ai servizi prodotti in un Paese di penetrare alla pari
780940	789760	negli altri Paesi. Non a caso di questa fase di costruzione dell'Europa i due protagonisti
789760	803020	sono i regolamenti che la comunità adotta per armonizzare regolazioni attimenti alla
803020	810760	produzione di beni e servizi e la progressiva crescita dell'antitrust che concorre a questa
810760	821520	eliminazione e che spinge le imprese ad abbandonare politiche e comportamenti di frammentazione
821520	830000	dei mercati. Infatti il grande filone addirittura ossessivo dell'antitrust europeo nei suoi
830000	840740	primi 20-30 anni di vita è di colpire tutto ciò che mantiene o conferma frammentazione
840760	848220	di mercati, qualunque politica di impreso nella quale si colga la finalità e l'effetto
848220	861020	di mantenere frammentati i mercati, per esempio per dirne una il divieto di riesportazione
861020	870740	agli acquirenti all'ingrosso dei propri prodotti, per cui io non posso, società che ha un
870760	879360	mercato tendenzialmente europeo, fare accordi di vendita con gli importatori all'ingrosso
879360	888400	francesi e inglesi e italiani tali da non consentire a loro di riesportare, perché
888400	895360	se lo faccio vuol dire che io voglio fare una politica differenziata o nelle quantità
895360	904900	o nei prezzi nei diversi mercati nazionali, io devo considerare il mercato europeo come
904900	913200	un intero. Questa politica ha un grande successo in effetti perché porta a questa integrazione
913200	923880	negativa e porta ai benefici che ci aspettiamo. Gli Stati in questa fase sentono che quello
923880	929480	che in sede comunitaria si sta facendo è esattamente quello che loro hanno voluto
929480	938440	che si facesse, resistono volta a volta a difesa in genere di interessi economici nazionali,
938740	949520	ma poi c'è un tiro e molla tra Stati e comunità europea che in genere riesce a far prevalere
949520	958840	il punto di vista comunitario. Tutta la vicenda degli aiuti di Stato è espressiva di questa
958840	965800	storia qua, gli aiuti di Stato progressivamente cedono ad una comunità che non li ammette
965800	979500	più in quanto creano una condizione di disparità tra il produttore nazionale i cui costi vengono
979500	997520	per la medesima assistenza artificiale sul medesimo mercato. E' un progressivo realizzarsi
998220	1005440	di questi obiettivi originari che poi culmina con l'euro che noi diciamo e credo che facciamo
1005440	1012580	bene, che l'euro rappresenta un potenziale anche di unificazione politica per mille
1012580	1018620	ragioni, perché è di tutta evidenza che usare la medesima moneta avrà degli effetti
1018620	1026360	indiretti di unificazione nel tempo, ma l'euro nasce sul filone dell'integrazione negativa,
1026880	1035100	la ragione specifica per la quale riesce ad essere introdotto l'euro è che la disparità
1035100	1042200	tra le valute e i dislivelli perciò nel valore di ciascuna valuta sono rimasti l'ultimo
1042200	1049860	fattore distorzivo della concorrenza imputabile agli Stati membri, per cui tu unifichi tutto,
1050100	1056680	elimini le dogane, fai regolazioni uniformi, sottoponi alle medesime regole antitrust e
1056680	1065080	le produzioni di tutta Europa e poi il medesimo autoveicolo finirà per costare 10 milioni
1065100	1072740	in un Paese e 15 nell'altro semplicemente perché si può variare la valuta e allora
1072740	1080960	variando i valori rispettivi delle valute io posso rendere non concorrenziale il prodotto
1080960	1087020	altrui più concorrenziale il mio prodotto. Gli italiani sanno benissimo qual è l'efficacia
1087020	1093180	dell'uso della valuta perché una delle cose che più abbiamo imparato da quando c'è l'euro
1093180	1097700	è che l'industria italiana non può più disporre della svalutazione competitiva come
1097700	1104600	modo di riagganciare gli altri dove i suoi costi di produzione fossero più alti, è
1104600	1113540	proprio su questo terreno che l'euro nasce e segna il completamento in qualche modo del
1113540	1123160	mercato comune. Ricordare brevemente questo serve a farci rendere conto di che cosa è
1123180	1132280	cambiato rispetto a questo impianto e delle difficoltà che incontriamo che sono proprio
1132280	1138880	dovute al fatto che l'Europa della quale oggi parliamo è largamente fuoriuscita dai
1138880	1145560	binari di questa sua prima fondamentale basilare esperienza e ne fuoriuscita per due ragioni
1145560	1153160	tra di loro connesse. La prima e più importante è che l'aspettativa iniziale sulla qualità
1153180	1161660	avevamo costruito il mercato comune che era quella di trasformare questo arcipelago europeo
1161660	1169420	pieno di frontiere in una grande isola comune che sarebbe stata l'isola della nostra prosperità
1169420	1178980	e in realtà via via che l'isola veniva crescendo nella sua dimensione larga cessava di essere
1178980	1187340	la nostra isola e diventava una parte di un mercato globale sempre più integrato che
1187340	1195960	metteva tutte le opportunità che noi avevamo creato per noi stessi a disposizione di chiunque
1195960	1204800	altro producesse nel mondo naturalmente con dei vincoli e dei limiti perché poi se tu
1204800	1215460	sei la Toyota continuerai ad avere a che fare con le quote che illegittime tra di noi continuano
1215460	1224240	ad essere legittime nei rapporti con gli altri ma via via che attraverso i negoziati prima
1224240	1234780	GATT e poi WTO si vengono allentando i vincoli tra paesi in tutto il mondo e c'è una crescente
1234800	1242560	liberalizzazione del commercio internazionale e il mercato europeo diventa uno dei piatti
1242560	1250400	forti della liberalizzazione internazionale e allora e allora noi ci troviamo a fare i
1250400	1259880	conti con una concorrenza mondiale che è penetrata nel nostro territorio unificato
1259880	1267500	che ai fini del nostro futuro e della nostra prosperità futura cambia completamente il
1267500	1275420	quadro quindi per avere un futuro non ci basta più eliminare le barriere tra di noi ma dobbiamo
1275420	1284480	essere competitivi rispetto al mondo entrano queste cose qua e per me che sono così autore
1284480	1293760	e cultore di testi giuridici la parola competitività dell'industria europea entra col trattato
1293760	1301000	di Mastricht, Mastricht c'è ancora Gianni se lo ricorda perché non so se ne è andato
1301000	1311860	già ma lui è uno e ne può parlare con molto più conoscenza di me, lui è uno dei facitori
1311860	1319800	di quel trattato che è stato uno dei momenti di picco del rinnovamento della prospettiva
1319800	1329800	europea nasce un titolo nel trattato comunitario sulla politica industriale e nasce con significati
1329800	1338800	totalmente diversi da quelli che la politica industriale aveva avuto nel passato dal 56
1338800	1347760	da quando nasce il 57 la comunità europea al 92 la politica industriale è il nemico
1347760	1353940	della concorrenza, il nemico dell'Europa perché politica industriale è in realtà politiche
1353940	1360460	industriali nazionali che servono a difendere l'industria nazionale e a proteggerla dalla
1360460	1367500	concorrenza comune del mercato europeo e quindi le vedete in qualche modo contrapposte in
1367500	1374760	genere l'Europa ha a che ridire sulle politiche industriali nazionali perché sono le difese
1374760	1381280	che via via cedono, la politica industriale che nasce nel 92 è una politica tutto affatto
1381280	1387580	diversa non è nemica della concorrenza è complementare ad una concorrenza che ormai
1387580	1395820	va vista su scala mondiale e che esige degli sforzi non per difendere le inefficienze delle
1395820	1404060	imprese nazionali coprendole con aiuti di Stato o con barriere ma potenziare le industrie
1404060	1412040	nazionali e europee per renderle più competitive sul mercato mondiale allora nascono delle
1412040	1418780	nuove finalità intorno a questo come si fa ad essere più competitivi e allora trovate
1418780	1425800	tutta una serie di nuove aspettative che poi automaticamente si collegano a questa della
1425820	1432580	competitività che sono quelle che fanno ormai parte della nostra giaculatoria quotidiana
1432580	1442420	più ricerca, più innovazione, più formazione, portare un numero maggiore di giovani ai
1442420	1454020	livelli alti della istruzione, avere una formazione permanente e effettiva non soltanto per il
1454020	1461040	non qualificato che rischia di perdere il lavoro a 50 anni e a non trovarlo più perché
1461040	1470840	è un limone d'antiquariato spremuto ma per tutte le attività legate all'economia perché
1470840	1477000	la rapidità del cambiamento tecnologico e della scienza rende obsoleto il patrimonio
1477000	1484000	conoscitivo anche del laureato, del master e del doctor i quali hanno bisogno per fare
1484020	1490380	poi di mantenere aggiornata con l'evoluzione tecnologica ed è questo che permette all'impresa
1490380	1497000	in cui lavorano di essere competitiva perché l'impresa deve seguire il percorso rapido
1497000	1505440	dell'innovazione, ha bisogno di personale che faccia altrettanto e diranno alcuni, saremo
1505440	1511560	prevalentemente noi, in fondo non ha neanche interesse a licenziare quelli che ha a cercarne
1511560	1517460	degli altri perché in quelli che ha già fatto un investimento le conviene massimizzare
1517460	1523600	il valore di questo investimento continuando a tenere aggiornato lo stesso personale che
1523600	1531040	poi ha già una lealtà di impresa e già inserito nel sistema e direbbe Luca di Monte Zemolo
1531040	1536480	fa già sistema quindi se dobbiamo fare sistema teniamoci quelli che già fanno parte di sistema
1537200	1546240	e entrano tutte queste nuove cose, entra la necessità di rivedere anche i nostri sistema
1546240	1553200	di welfare, il problema della competitività si allarga da quella che è la prospettazione
1554020	1560960	puramente industriale a quello che è il Paese e quindi ci accorgiamo che oltre alla valorizzazione
1561240	1568400	del capitale umano la competitività dipende anche dal capitale collettivo di cui disponiamo
1568400	1575400	le infrastrutture, i servizi, ci accorgiamo che per fare ricerca non basta prendere tre
1575400	1583000	persone da Berkeley e portarle a Catanzaro se Catanzaro rimane com'è perché non ci
1583000	1589520	sono i fattori reagenti che consentono alla ricerca di produrre i suoi risultati, c'è
1589520	1597160	una massa critica di fattori reagenti che va messa attorno a chi fa ricerca perché
1597160	1604080	il processo chimico dell'innovazione si possa realizzare e quindi ecco anche una esigenza
1604800	1615820	di efficienza pubblica e quindi un'efficienza delle pubbliche amministrazioni, sullo sfondo
1615820	1623660	in questo mondo che cambia, in questo mondo globale, ci si accorge che vi sono anche altre
1623660	1630400	questioni che non hanno a che fare direttamente con l'economia che chiamano Europa ed è
1630400	1636860	tutta la tematica della politica estera e di sicurezza, in un mondo che si allarga,
1636980	1644760	in un mondo nel quale noi non viviamo più per conto nostro o insieme agli Stati Uniti
1644760	1653320	con una relazione transatlantica che ci tiene al riparo all'interno dello schema bipolari
1653320	1660500	della guerra fredda, noi rischiamo in un mondo più largo di essere sommersi da chi è molto
1660500	1665820	più rilevante, più influente, più forte di noi e quindi siccome abbiamo a che fare
1665820	1671060	col mondo intero in chiave economica, col mondo intero abbiamo a che fare anche in chiave
1671060	1678680	non economica, di qui la necessità di lavorare insieme anche sul terreno della politica
1678680	1685580	estera e della sicurezza, cosa della quale per la verità gli europei si accorgono anche
1686160	1694960	prima di quanto si accorgono del nuovo contesto della competitività, infatti i primi conati
1694960	1705280	di politica estera comune risalgono addirittura al 1969, ma in realtà poi il coagulo di tutte
1705280	1712700	queste cose avviene sempre all'inizio degli anni 90, per questo Maastricht è veramente
1712700	1724300	una svolta importante nella vita europea perché vi darà la nuova politica industriale, la
1724300	1732380	politica internazionale, l'euro, la politica estera e di sicurezza comune, poi anche la
1732380	1739040	cooperazione giudiziaria di polizia comune che è un altro riflesso della globalizzazione,
1739240	1746460	la lotta alla criminalità e quant'altro. Detto questo però, ecco qui vi trovate a che
1746460	1754020	fare con un sistema totalmente diverso perché queste nuove finalità che sono entrate, la
1754300	1759340	politica estera comune, per esempio, si trova a livelli che ho brevemente ricordato, l'insiemistica
1759340	1763760	della competitività non ci ritorno sopra perché è un viziaccio che abbiamo di ripetere
1763760	1770560	sempre alla mesi una lista, la lista vi è chiara, tutta l'insiemistica della competitività,
1770800	1779500	la politica estera comune, la cooperazione giudiziaria non sono destinate ad avvenire
1779500	1788980	sul terreno dell'integrazione comunitaria, questo è il punto chiave, non è attraverso
1788980	1797040	la tradizionale integrazione comunitaria negativa che voi lo potete fare, non ci sono barriere
1797040	1809420	da abbattere, ci sono azioni da fare e ai fini di queste azioni i nostri Stati non trasferiscono
1809420	1820200	nel 1992 competenze regolatorie alla comunità, intanto non saprebbero neanche esattamente
1820200	1828220	come farlo perché non sono soltanto competenze regolatorie, basta che pensiate alla politica
1828220	1837540	estera comune, non si fa attraverso leggi, si fa attraverso decisioni politiche, visioni
1837540	1844540	geopolitiche che poi si traducono in comportamenti, azioni, accordi, non accordi, eccetera eccetera.
1846780	1853380	Nelle stesse aree nelle quali regolazioni comuni non di integrazione negativa ma di
1853380	1860060	integrazione positiva sarebbero teoricamente configurabili, il che in politica estera non
1860060	1868260	è impossibile perché quella è politica, gli Stati qui però non se la sentono di trasferire
1868260	1877840	competenze agli organi comuni, tutta la spilza di queste nuove finalità fa capo ad aree
1877840	1884520	nelle quali è forte il perdurante sentimento di sovranità e responsabilità nazionale,
1885620	1894020	rivedere il welfare per adeguarlo a questo nuovo contesto di competitività, si ma ciascuno
1894020	1903080	lo rivede per conto suo, non attribuisco alla commissione il potere di fare proposte di
1903080	1909240	regolamento comunitario che poi il Consiglio da solo insieme al Parlamento trasforma in
1909240	1915620	una legge chiamata regolamento valida in tutta Europa, no, questa era la tecnica dell'integrazione
1915620	1922280	negativa, no no, ma lo faccio io. Andate a dire non solo ad un danese e non solo
1922280	1927900	ad un inglese ma anche ad un tedesco che pur il tedesco è tendenzialmente più europeista
1927900	1933080	che queste cose vanno trasferite all'Europa e gli dirà no, io posso definire insieme
1933080	1939980	agli altri degli obiettivi comuni da raggiungere, però ciascuno rimane responsabile dell'adozione
1939980	1945260	delle misure, dell'adozione delle politiche che permettono di realizzare questi obiettivi
1946080	1950820	comuni. E' inutile dire che per la politica estera
1950820	1959460	è ancora più così perché la politica estera è il settore nel quale il radicamento delle
1959460	1965780	scelte nella sovranità nazionale è il più forte, il più profondo, no, perché è il
1965780	1971420	connotato esterno della sovranità, quello che si mette in gioco con la politica estera
1972400	1980080	e ciascuno stato vuole continuare ad essere un player in politica estera, allora si farà
1980080	1989440	una politica estera comune, notate l'importanza degli aggettivi, l'euro è una single currency
1990360	1997360	single, ma la foreign and security policy non è una single foreign and security policy,
1997500	2005580	è una common foreign and security policy, tale è volutamente, tale è volutamente,
2007600	2019220	allora ecco qua il problema che ci troviamo davanti per farla breve, cioè noi da alcuni
2019220	2029020	anni ci siamo accorti che abbiamo un grande bisogno del livello europeo per realizzare
2029020	2037720	delle finalità che avvertiamo come finalità comuni, come finalità che non possiamo realizzare
2037720	2049200	ciascuno per conto suo, pensatelo per la politica estera è fin troppo facile, no, insomma avere
2049220	2056640	influenza sugli affari del mondo significa pesare non meno di x chili, perché se pesi
2056640	2063700	meno di x chili sei uno che si può muovere all'interno di scelte dettate dagli altri,
2065040	2075780	che occorre a livello europeo è una cosa self evidente, che per combattere efficacemente
2075780	2082920	la criminalità organizzata, che è una criminalità che attraversa il mondo con la stessa facilità
2082920	2090780	con cui l'attraversano i movimenti di capitali, sono forse i due fenomeni umani più globalizzati
2090780	2097700	che esistano, il movimento dei capitali e i movimenti creati dalla criminalità organizzata,
2098480	2105140	se ciascuno l'aspetta all'interno del proprio confine è troppo tardi, c'è un lavoro comune
2105140	2112340	che deve essere fatto, ma questo vale moltissimo anche per la parte dalla quale ero partito,
2112480	2119260	che è quella dei beni e dei servizi, insomma noi come facciamo ad essere competitivi con
2119260	2130020	gli Stati Uniti in tema di ricerca se non facciamo come loro una concentrazione di risorse
2130020	2137580	sui centri che possono fare ricerca i migliori che abbiamo in Europa, è notorio che noi
2137580	2143160	in ricerca nell'insieme non è che spendiamo molto meno degli Stati Uniti, ora in questi
2143160	2150480	ultimi anni sì per la verità, perché grazie al patto di stabilità e ad altro la spesa
2150480	2156440	per ricerca è scesa, ma ci sono stati anni in cui eravamo lì lì ma da noi c'è un enorme
2156440	2164040	tasso di dispersione e quindi manca proprio quella spinta comune che è necessaria in
2164040	2172100	moltissimi ambiti per arrivare a dei risultati, non a caso abbiamo fatto un eccellente lavoro
2172100	2177980	in ricerca e innovazione industriale laddove ci siamo messi insieme noi italiani sempre
2177980	2185760	a Spizzi che sull'Airbus, l'industria aeronautica, è una delle poche nelle quali noi europei
2185760	2191880	siamo competitivi ma è chiaro che nessuno lo avrebbe potuto fare da solo in effetti
2191880	2202960	perché occorrono risorse non poche, un elemento essenziale che dobbiamo capire è che andare
2202960	2211340	avanti nella qualità delle nostre produzioni e nella efficientizzazione dei nostri servizi
2211340	2218280	significa spenderci molti soldi, non sono nozze che si possano fare con i fichi secchi
2218280	2227720	in realtà e allora convogliare le nostre risorse a livello europeo significa crearsi
2227720	2236100	un potenziale che altrimenti non avremmo, noi lo percepiamo questo bisogno di lavorare
2236100	2251000	insieme ma stiamo in termini di cooperazione tra governi, non ci dotiamo di una strumentazione
2253200	2265840	unitaria, unificata e unificante. L'atto più onnicomprensivo e sistematico con il
2267600	2279460	politico economico e sociale europeo è come sapete Lisbona, dicembre 2000 e strategia
2279460	2286360	di Lisbona, ve la leggete, ritrovate tutta quanta la lista, negli anni successivi a Lisbona
2287220	2295100	il Consiglio Europeo ha adottato tutta una serie di indicatori che i nostri diversi stati
2295100	2305900	devono fare propri in riferimento a vari ambiti, miglioramento ambientale, spesa per la ricerca,
2306100	2315580	il famoso 3% del prodotto interno lordo, formazione, livelli di occupazione maschile e femminile
2315580	2325080	con dei targets e date e scadenze precise per raggiungerli, questa strategia è una
2325100	2334800	che sta funzionando in modo molto limitato, non ha un sistema efficace di incentivi e
2334800	2342600	disincentivi che spingano effettivamente gli stati a conformarsi agli indicatori che si
2342600	2349520	sono dati, non ha in sede europea e questa probabilmente è una ragione più politica
2349520	2358680	che non istituzionale, una attenzione corrispondente a quella che riceve il patto di stabilità.
2361300	2369160	La politica estera, lo vedete è una politica estera che nonostante gli sforzi di Caby e
2369160	2376460	Solana, che a volte dà la sensazione di essere l'altro rappresentante di sé, più che non
2376460	2384200	dell'Europa, continua ad essere dominata dagli attori nazionali e qui non c'è destra
2384200	2392920	o sinistra che tenga, la propensione a continuare a muoversi in una logica di politica estera
2392920	2403100	nazionale è perdurante ed è visibilissima, ce ne siamo resi conto a partire dall'inizio
2403100	2410760	delle vicende post 9-11 fino ad oggi, tutti gli attori si sono mossi ciascuno per conto
2410760	2417680	suo, cioè l'idea che proprio in una vicenda del genere fosse loro responsabilità quella
2417680	2424600	di cercare una posizione comune europea che evidentemente avrebbe naturalmente mediato
2425200	2431560	tra la posizione francese e franco tedesca e la posizione forse prevalente nell'Europa
2431560	2438800	allargata, forse prevalente nell'Europa allargata che era una posizione più vicina agli Stati
2438800	2444320	Uniti, questo in fondo non è venuto in mente a nessuno, ciascuno è andato per conto suo,
2444800	2451160	chi ha mandato le truppe in Iraq lo ha fatto con decisione nazionale, chi ha ritirato
2451160	2461540	le truppe dall'Iraq lo ha fatto con decisione nazionale e in comune non c'è stato praticamente
2461560	2473260	niente in effetti e Solana appunto ha cercato di muoversi, oggi l'Europa per farla breve
2473260	2478520	perché questo era più o meno il quadro che vi volevo delineare e spero che sia chiaro
2478520	2487620	il senso della marcia verso il futuro del mercato integrato che ha proceduto con efficacia
2487620	2495100	e con i suoi strumenti e che una volta arrivati in questo paradiso terrestre ci siamo accorti
2495100	2502060	che continuavamo a far parte di un purgatorio mondiale rispetto a cui dovevamo in qualche
2502060	2510200	modo ricominciare da capo con ulteriori finalità, queste finalità ora sono le finalità nostre
2510200	2517600	ma ci muoviamo tra queste difficoltà. Un assessment finale di 5 giorni, un assessment
2517620	2526120	di 5 minuti sul come le stiamo fronteggiando in questo momento che ci siamo allargati e
2526120	2534480	che ci siamo dotati forse di una Costituzione Europea, ecco qui ci sono elementi che vanno
2534480	2539080	in una direzione ed elementi che vanno in un'altra, non c'è dubbio che l'allargamento
2539080	2547600	in quanto tale porta ad una accentuazione della propensione degli Stati a vedere le
2547620	2554940	Europe del futuro piuttosto come Europa nella quale ci si coordina che non un'Europa alla
2554940	2565320	quale si affidano competenze che lasciano il livello nazionale. Da questo punto di vista
2565320	2573980	c'è un difficile problema di rieducazione sentimentale delle attitudini verso la propria
2573980	2586300	sovranità nazionale dei nuovi paesi europei, guardate non è uno scherzo, nonostante frequentino
2586300	2598380	Brusselle da molti anni dal loro punto di vista le politiche unificanti sono viste con
2598380	2605060	una diffidenza che è direttamente proporzionale alla lacerazione che ancora hanno dentro
2605060	2612240	da sovranità limitata di Bresnjeff e viene fatto un parallelo che ai nostri occhi pare
2612240	2619180	assurdo tra Brusselle e Mosca, noi abbiamo appena riconquistato la sovranità nazionale
2619180	2624880	non l'abbiamo riconquistata per cederla a Prodi come l'avevamo ceduta a Bresnjeff,
2624880	2632500	ora tutto si può dire di Prodi francamente, ma non che somigli a Bresnjeff tanto meno
2632500	2640400	Barroso l'impressione, tanto meno non perché Prodi somigli a Bresnjeff più di Barroso
2640400	2648720	ma perché Barroso è un europeista molto più tiepido di quanto lo sia Prodi, eppure
2648720	2655340	questo è un problema col quale avremo a che fare, ma d'altra parte quanto più si
2655340	2666260	avverte il bisogno di essere efficaci anche le controtendenze che esistono nella Europa
2666800	2676800	dei 15 si rafforzano in effetti, ho visto cambiare gli olandesi nel giro di 5 anni, gli olandesi
2676800	2685000	hanno cessato di essere uno dei frontrunners verso una maggiore integrazione e stanno lì
2685000	2691180	con un atteggiamento sempre più inglese che è che me ne viene, quanto porto a casa
2691180	2702280	io e cerco di dare il meno possibile alle finalità comuni, avete visto che l'Italia
2702280	2709580	ha finito per essere così attraverso il governo di centrodestra, che è un altro governo
2709580	2718000	che ha identificato l'interesse nazionale in questa chiave, fiorentinamente che me ne
2718000	2730260	giova o che me ne viene, questa è una difficoltà, una difficoltà che va in controtendenza a
2730820	2744820	tutti. In questi anni il tentativo di introdurre qualche
2744820	2753640	elemento di integrazione comunitaria dentro la strumentazione della cooperazione intergovernativa
2753640	2762280	c'è stato e continua ad esserci, per cui io personalmente come visionario dell'Europa
2762280	2772960	Futura vedo l'Europa Futura in una progressiva ibridazione tra i tradizionali strumenti di
2772960	2780280	integrazione comunitaria e quelli di cooperazione integrativa, per cui il futuro non sarà nell'uno
2780280	2787040	e l'altro, ecco per simboleggiarvelo se io dovessi dire ci sarà un governo europeo tra
2787040	2795860	vent'anni, io potrei dirvi al 60% penso di sì, sarà la Commissione o il Consiglio? Io
2795860	2802700	vi rispondo saranno entrambi, perché io vedo che se un futuro governo europeo ci sarà,
2803160	2810260	ne faranno parte i commissari più significativi membri della Commissione e i comissari più
2810280	2817200	significativi, e quei Presidenti di Consigli che stanno acquistando già ora una maggiore
2817200	2824540	stabilità, voi sapete che i Consigli essendo espressione tipica della cooperazione intergovernativa
2824540	2830920	hanno e in realtà continueranno ad avere una rotazione semestrale nella Presidenza, che
2830920	2837640	sta a dire nessuno deve riuscire a radicarsi come potere ma ciascuno Stato deve avere questo
2837640	2846700	faccio alla Presidenza, ma intanto il Consiglio degli Affari Esteri se passerà la nuova Costituzione
2846700	2854180	sarà presieduto dal Ministro degli Esteri Europeo, non a turno ogni sei mesi da un Ministro
2854180	2861100	degli Esteri Nazionali e nell'Eurogruppo che è destinato a diventare in futuro l'ECOFIN
2861100	2869640	quando tutti avremo la medesima valuta, si dà stabilità di due anni e mezzo, ora lo
2869640	2875840	si può fare anche da subito al limite, perché quello è un gruppo informale, alla Presidenza
2875840	2885360	nazionale ma stabilizzata del gruppo, vedete queste figure, la Commissione che è la cosa
2885360	2892600	più stabile di tutti, le Presidenze dei Consigli che sono semestrali però uno viene affidato
2892600	2898900	ad una figura europea, il Ministro degli Esteri Europei, l'Eurogruppo che stabilizza una
2898900	2905580	Presidenza nazionale oltre la rotazione semestrale e la porta i due anni e mezzo, ecco che vedete
2905580	2915340	che c'è dei fili che integrano il comunitario e l'intergovernativo, quindi la Presidenza
2915360	2924900	europea, c'è questo sforzo di, non c'è dubbio che uno dei terreni dove questo sforzo
2924900	2935080	deve realizzarsi di più è il rendere simmetriche e tra di loro coordinate le politiche macroeconomiche
2935080	2942160	e finanziarie e le politiche volte ad attuare la strategia di Lisbona, cioè il fatto che
2942160	2948720	noi abbiamo un patto di stabilità che è un patto intergovernativo, non sta nel comunitario
2948720	2957200	ma che è coperto da sanzioni comunitarie, che io ti posso mazzolare del 5-10% del tuo
2957200	2965860	fatturato che è il tuo bilancio se tu sfori rispetto ad un indebitamento che deve stare
2965860	2972320	dentro certi livelli perché ormai attiene ad un bene comune, questo deve essere ben
2972320	2979400	presente a ciascuno di noi dal momento in cui abbiamo un'unica valuta, e beh se io sforo
2979400	2986160	e costringo grazie al mio sforamento la banca centrale europea ad alzare gli interessi io
2986160	2992020	faccio un danno a tutti gli altri, cioè la valuta comune fa sì che i miei comportamenti
2992020	2998560	siano comportamenti che producono un beneficio o un danno anche agli altri, quindi è giusto
2998560	3007100	che l'insieme si difenda dai comportamenti divergenti dei singoli. Questo non è altrettanto
3007100	3013480	vero per le politiche di Lisbona, non è così immediato ma in termini indiretti è vero
3013480	3019780	perché se tutti continuiamo ad avere i vecchi sistemi di welfare che non coprono la gente
3019780	3026840	oggi e che quindi lasciano un mondo di lavoro tendenzialmente precario alla mercedi questa
3026840	3038260	precarietà senza coperture, noi come dire, uno del capitale umano lo portiamo in depressione
3038260	3045060	e quindi depotenziamo, la stessa cosa facciamo se non lo formiamo a sufficiente, la stessa
3045060	3054800	cosa facciamo se non facciamo ricerca, eppure queste politiche sono nude, il correllare
3054800	3062320	Maastricht e Lisbona dovrebbe essere uno dei punti di incastro come quello del Ministro
3062320	3073920	degli Esteri o d'altro che permettono di, devo dire la verità che vedendo quando Barroso
3074840	3083400	è stato disegnato Presidente della Commissione, ovviamente ci sono state le biografie di Barroso
3083400	3090660	e allora uno vede i disastri che sono stati fatti separando la stabilità dalla crescita,
3091420	3097180	in questi ultimi anni il Portogallo non ha fatto che ottemperare al patto di stabilità
3097180	3106180	e si è dato delle martellate nella testa una dopo l'altra ed è in una situazione
3106180	3114920	che soltanto questa cosa da antica Roma dei campionati di calcio può mascherare, ma giustamente
3114920	3120840	scriveva l'Economist questa settimana era meglio quando si costruivano cattedrali piuttosto
3120840	3126220	che stadi perché almeno lì la gente ci va a pregare permanentemente mentre che cosa
3126220	3132600	se ne faranno mai di uno stadio da 65 mila spettatori per un benfica che ne tira normalmente
3132600	3141880	non più di 20 mila hanno buttato via dei soldi e Lisbona che pure dovrebbe essere presente
3141880	3156140	al Portogallo non c'è coordinamento tra queste due cose, la stessa cosa pensate alla
3156140	3186120	modifications F Nest, la stessa cosa pensate alla integrazione hardware e
3186960	3195120	qui si sente il bisogno di un'Europa che sia in grado di far usare entrambe le leve agli Stati
3195640	3204960	e l'Europa oggi in realtà non ne è neanche in grado in effetti perché non può imporre Lisbona come impone Maastricht
3204960	3210960	questo è il punto al quale noi siamo arrivati
3210960	3220960	finita la grande costruzione del mercato comune, avviata un'Europa di finalità più ampia con una grande lungimiranza
3220960	3237960	e poi non è seguita a questa grande lungimiranza del 1992 una capacità di gestire sia pure con una strumentazione di partenza da cooperazione intergovernativa
3239020	3249780	una progressiva convergenza che rendesse efficace l'azione volta al perseguimento di queste finalità
3249780	3265240	e quindi siamo qua con tutti i nostri problemi con un grande bisogno perciò di andare avanti sia sul fronte economico sia sullo stesso fronte della politica internazionale
3265240	3276660	dove appunto tutti capiscono che al di fuori della relazione transatlantica l'Europa ha difficili e prospettive di futuro
3276660	3284700	ma non si sta rivelando capace di starci dentro in realtà perché è tuttora frammentata
3285720	3292660	siccome noi qui stiamo lavorando in un seminario la storia finisce qui, cioè non si sposano
3293440	3300780	il matrimonio ancora, quindi il finale con questi due che finalmente si sposano
3300780	3311380	però ecco pensando che siamo tutte persone che hanno anche una coscienza politica c'è ragione di darsi da fare perché alla fine arrivino a sposarsi
3321040	3334500	Grazie Giuliano abbiamo un'oretta anche per bontà per i vostri commenti, le vostre domande
3334500	3337940	si si frate domande e risposte
3338800	3343740	io direi Giuliano possiamo raccomandare un pezzo le domande
3345660	3352320	mi pare che Alì abbia alzato la mano del primo
3356740	3358040	hanno un microfono?
3358460	3359300	sì sì microfono
3361840	3363380	Alì era il primo
3364300	3365480	siccome è altro
3366720	3368580	non l'ho parlato ancora
3369320	3372520	poi non l'ho presa quindi è iniziato
3377920	3386180	allora ho apprezzato molto, teniamo la relazione, il tour d'horizon
3386180	3389680	Alì tienilo vicino, se lo usi così non...
3390680	3394180	ho apprezzato molto questa cosa che è molto acuta
3394180	3414820	volevo solo domandare al Presidente Amato una questione perché nel distinguere tra coordinamento da una parte politica comune quando parlava di politica estera
3414820	3425820	sapendo che ci sono delle ricadute economiche della politica estera non so se mi spiego bene
3425820	3436560	io ho avvertito che ci sono due grosse oggi di problemi attenenti a paesi come l'Inghilterra da una parte della Francia
3436560	3445680	non mi spiego, pur rispettando formalmente le regole di cui si sono dotati
3445680	3454560	però usano una leva informale, dei corridoi informali per accrescere i propri sistemi paesi
3454900	3460620	Sto pensando all'utilizzazione della francfonia che è un'area di influenza molto larga
3460620	3466680	che poi ha evidentemente dei benefici sul piano economico
3466680	3474740	così come si potrebbe dire anche per la vecchia Commonwealth per la Gran Bretagna
3475740	3484740	Queste cose quanto possono essere fattori di rischio
3485400	3491160	sempre su questa cosa della gelosia degli stati nazionali, dell'interesse nazionale, della sovralità
3491160	3499000	per essere un freno, per arrivare ad un coordinamento cosiddetto più democratica
3499000	3501180	questa era la domanda che volevo fare
3508100	3516160	Grazie anche perché ci sono state tutta una serie di interpretazioni molto interessanti almeno dal mio punto di vista
3516160	3519700	Volevo soltanto prendere un aspetto che è quello che conosco meglio
3520740	3529480	perché è un aspetto che ha toccato il Presidente Amato molto accutamente da due punti di vista
3529480	3533440	e è legato all'attività di ricerca e innovazione
3533440	3537400	uno come elemento di fattore fondamentale di competitività
3537400	3543180	e l'altro in quanto non si tratta più di eliminare barriere ma di costruire per il futuro
3543180	3546260	Quindi sono questi due aspetti estremamente interessanti
3546260	3553900	Allora domanda, io mi sono accorto che, ad esempio nell'ambito dei vari programmi quadro
3553900	3556840	che è un tentativo di costruire, giusto?
3557800	3567160	Ecco, il peso tuttora dei vari stati e della rappresentatività non soltanto politica
3567160	3570700	perché spesso e volte noi non ci rendiamo conto di un altro aspetto
3570700	3575720	ed è la presenza degli altri burocrati, degli altri professionisti della burocrazia
3575720	3578880	che determinano molte decisioni
3578880	3586180	Ecco, ad esempio c'è una quasi assenza dell'Italia nell'alta burocrazia almeno per questo
3586180	3591180	e abbiamo uno solo che sta andando in pensione adesso e non verrà sostituito
3591180	3596480	e questo fa variare molto gli interventi di sviluppo europei
3596480	3600580	L'altra questione che si sta creando, proprio adesso non è ancora deciso, che io sappia
3600580	3603020	almeno fino alla settimana scorsa non è stato deciso
3603020	3608020	la nascita del European Research Council che non ha tantissimi soldi
3608020	3614100	perché è previsto circa un miliardo all'anno che non sono tanti ma non sono nemmeno pochissimi
3614100	3619140	in cui è proprio e secondo me da un punto di vista teorico è il massimo
3619140	3625600	perché non prevede nessun tipo di sostegno ed è su quella ricerca in cui c'è o l'intervento pubblico o nessuno
3625600	3630100	ma è congegnato in maniera tale che è facile prevedere che all'Italia non toccherà quasi niente
3631320	3635740	perché sono basati su quello che giustamente Giuliano Amato diceva
3635740	3642780	cioè su gruppi e centri di ricerca che hanno già una potenzialità e una massa critica che sono notevoli
3642780	3646780	e siccome non ci sono vincoli su una ripartizione di paesi ma è totalmente libera
3647480	3653160	ecco allora io teoricamente mi piace moltissimo ma come italiano sono molto preoccupato
3653160	3662120	non vorrei che questo fosse un senza diciamo aiuti ma corriamo tutti in formula 1
3662120	3665780	uno alla Ferrari e l'altro alla 600
3666480	3670780	ecco allora poi dice però non ci sono vincoli per cui vinca il migliore
3670840	3675160	sì però il punto di partenza è leggermente diverso
3675160	3680840	poi una domandina che non c'entra niente ma in particolare facendomi proprio al primissimo intervento
3682140	3685840	al primissimo parte dell'intervento di Giuliano Amato
3687100	3694840	ecco sarebbe possibile avere su tutte non sulle grandi interventi ma sulle normative o le leggi correnti dell'Europa
3694840	3700740	è una cosa che io ho sempre sperato che si facesse in Italia e non si è mai fatto
3700740	3704480	io ho poi tentato in Regione, in Regione Bardia non ci sono riuscito
3704480	3710000	cioè mettere all'inizio di ogni normativa e legge l'obiettivo che vogliamo raggiungere
3710000	3714960	e poi andare a mettere i sistemi di controllo per verificare se quell'obiettivo si è raggiunto
3714960	3720460	forse da un punto di vista non soltanto culturale ma politico sarebbe molto molto importante grazie
3725640	3731840	si sono Giuseppe Rao e io tornerei ai temi della politica industriale
3732700	3740380	mi pare che Lisbona ci abbia insegnato che l'obiettivo di una maggiore giustizia sociale
3740380	3747200	possa essere perseguito, questo almeno era l'obiettivo, attraverso una grande economia basata sull'innovazione
3748400	3753300	questo significa di fatto pensare alla grande manifattura
3753300	3757100	perché sono le grandi imprese quelle che traenano i grandi processi
3757100	3762820	e determinano poi l'evoluzione anche di carattere geopolitica del nostro mondo
3762820	3771200	allora mi provo a ragionare in termini di prospettiva futuro cosa faremo al Governo
3771200	3774700	faccio un passo indietro, la vicenda fiat
3774700	3778720	la vicenda fiat è stata una vicenda molto dolorosa per questo Paese
3778720	3783200	perché di fronte alla crisi di quella che era una delle industrie simbolo del nostro Paese
3784920	3792500	non sono state vendute soltanto le partecipazioni nelle assicurazioni
3792500	3795220	piuttosto che nel turismo, penso al club mediterraneo
3795220	3799200	sono state vendute le partecipazioni in fiat veroviaria e fiat avio
3799380	3802720	questo per il Paese è un danno enorme
3802720	3806080	fiat veroviaria è stata acquistata dall'Alstom
3806080	3811380	e fiat veroviaria aveva nel proprio portafoglio ordini di trenitalia per i prossimi 10 anni
3812180	3815380	peggio mi sento fiat avia stato venduto al fondo Carlisle
3816140	3822580	lei presidente diceva poco fa noi dobbiamo convogliare le risorse
3822580	3825280	il problema è che non ci sono più le risorse
3825280	3828900	nel senso che noi nei prossimi Consigli europei
3828900	3833400	e quando parleremo della grande industria, dei grandi progetti europei
3833400	3837340	penso in particolare a Arianespace, penso a Galileo
3837340	3842060	avremo poco da portare perché le poche industrie che avevamo ce le siamo vendute
3842060	3848240	oppure peggio mi sento le abbiamo lasciate nel dimenticatoio o comunque crollare
3848240	3851200	nella prospettiva di competizione internazionale
3851200	3857160	mi chiedo che faremo, non è il caso di ripensare a un intervento pubblico
3857160	3861160	in grado di dare sostegno a quei settori strategici
3862100	3866240	parlo sempre della manifattura che sono considerati ancora decisivi
3866240	3872160	o nei quali ancora l'Europa può giocare un ruolo determinante
3872740	3875320	quindi penso che probabilmente se andassimo al governo
3875320	3878160	dovremmo avere il coraggio di dire su fin meccanica investiremo
3879520	3882120	investiremo su fiat, non c'è niente di male a dire
3882120	3886160	lo stato interviene con 2000 miliardi per dare un po' di ossigeno a quell'impresa
3886160	3889400	non vuol dire portare i boiardi di stato alla guida della fiat
3889400	3895360	vuol dire soltanto fare l'operazione che sta facendo in Shirak
3895360	3897540	Shirak di fronte alla crisi dell'Astum ha detto
3897540	3900600	non se ne parla nemmeno di chiudere un'azienda di questo genere
3900600	3907080	cerchiamo un'asse con i tedeschi e su questa assa costruiamo un'altra industria
3907080	3912040	che sarà strategica, ieri sera parlavamo con l'onorevole de Micheris
3912040	3915460	giustamente lui individuava un altro settore quello della cantieristica
3915460	3919780	ovvero voglio dire che non è vero che il terzo mondo o comunque i paesi in video sviluppo
3919780	3922340	ci stanno portando via tutte le produzioni
3922340	3926520	c'è ancora spazio e su quell'espazio dovremmo investire
3926520	3929860	dovremmo avere il coraggio di fare scelte selettive
3929860	3932580	di smetterla con la politica degli aiuti a pioggia
3932580	3935900	anche sulla 488 ci sarebbe molto da discutere
3935900	3937540	sarebbe molto da discutere
3937540	3939740	quindi io credo che questa sia
3939740	3945360	concludo dicendo questo, noi vogliamo e dobbiamo rimanere un paese di testa dell'Europa
3945360	3951000	per fare questo dobbiamo ancora pensare che se l'Europa noi porteremo innovazione e tecnologie
3951000	3955400	quindi un contributo all'innovazione potremo svolgere questo ruolo
3955400	3961260	se noi pensiamo invece che soltanto il nostro ruolo ci è dato dal fatto che siamo 57 milioni di abitanti
3961260	3962920	e siamo uno dei pesi fondatori
3962920	3968900	credo che su questo invece non avremo il prestigio per poterlo giocare questo ruolo
3977340	3981360	Partendo dal presupposto che condivido
3981880	3990820	praticando integralmente le perplessità sui vincoli istituzionali del funzionamento della Unione Europea
3990820	3996360	quindi è inutile ritornarci, sono quelli che bisogna sforzarsi di superarli
3997360	4002060	e che in Italia è necessario introdurre più concorrenza
4002060	4008360	e per ripetere amato fare meno fichi secchi
4008900	4012360	perché altrimenti il sistema continua ad essere molto ingessato
4013100	4015480	e pressocchem per me abbia il cambiamento
4015480	4019500	quindi presupponendo queste due cose
4019500	4023520	Voi vorrei provare a definire in questo spazio
4023520	4029640	che è anche uno spazio in cui si può in qualche modo fare qualche volo pendarico
4031260	4039840	a definire degli elementi che dovrebbero in qualche modo caratterizzare più il paradigma culturale
4039840	4042480	e poi successivamente le politiche
4042480	4049480	per in qualche modo avere un ruolo come paese importanti
4050240	4052480	non solo a livello europeo ma anche a livello mondiale
4052480	4059120	ma anche per poi provare a superare dei nodi della crescita e dello sviluppo
4059120	4065460	che sono dal mio punto di vista eccessivamente chiusi in un paradigma economico
4065460	4068260	che finisce per essere un paradigma ideologico
4068260	4072700	Quindi il primo elemento che diciamo è chiaro a tutti
4072700	4077600	è che vanno rafforzate le istituzioni internazionali di governance
4077600	4082260	quindi ci vuole più governo mondiale su più politica
4083080	4088800	e non è soltanto il problema relativo all'Iraq che ha dimostrato questo aspetto
4088800	4093640	sono molti aspetti anche della critica un po' da barra che si fa rispetto alla Cina
4093640	4096580	per esempio alla crescita della Cina e al pericolo della Cina
4096580	4101880	che mi sembra molto, insomma, così
4102580	4106580	poi sul piano invece dell'intervento e quindi del quadro
4107200	4110580	lo cito per titoli perché sennò dovremmo fare le conferenze
4111280	4116740	dovremmo essere in grado di intodurre più indici HB
4116740	4120000	quindi più analysis HEN e meno Chicago
4120000	4123000	quindi cominciare a lavorare sulla qualità
4123800	4126000	diciamo di quello che noi intendiamo come sviluppo
4126860	4130000	che non può essere soltanto quantità, non può essere solo pilla
4131660	4134000	in terzo luogo, società della conoscenza
4134820	4138000	i vincoli che derivano dal diritto d'autore della brevettabilità
4138780	4140960	sono altrettante il barriere all'ingresso
4140960	4144220	ora sappiamo che c'è massa critica per produrre innovazione
4144220	4147920	ma uno degli elementi che vanno fessi in considerazione
4147920	4151720	è che più circola la conoscenza, più si fa innovazione
4151720	4155840	quindi su questo aspetto che è un aspetto apparentemente giuridico
4155840	4161600	va fatto forse un ragionamento che tende ad intodurre nuovi parametri
4161600	4166160	io adesso non so quali siano, però lo dico come obiettivo
4166920	4171040	in terzo luogo, per quanto riguarda strettamente le politiche europee
4171040	4174080	il vincolo che deriva dalla politica agricolo comune
4174080	4176720	che assorbe il 50% delle risorse
4176720	4180680	se noi immaginiamo che la politica agricola comune
4180680	4183920	debba essere il sistema sociale di fatto
4183920	4185940	di protezione di determinate categorie
4185940	4188800	allora probabilmente abbiamo sbagliato lo strumento
4188800	4191380	il fine può essere giusto ma lo strumento è sbagliato
4191380	4195120	perché finisce per assorbire troppe risorse rispetto a quelle
4195120	4197960	già scarse che servirebbero su altri fronti
4197960	4200720	e quindi bisognerebbe cambiarla, grazie
4210260	4214440	Eccoci qua, io vorrei domandare 10 milioni di cose al Professor Amato
4214440	4217480	perché ho scritto i temi europei, ho letto tante di quelle cose
4217480	4220220	che lui ha scritto, ho tante di quelle cose da chiedere
4220220	4223280	però semmai un giorno ci chiediamo in una stanza
4223280	4225140	e mi spiega un po' tutte le cose che non ho capito
4227680	4233180	comunque ho apprezzato molto la sua esposizione
4233180	4235820	che a differenza di quella dell'onorevole De Michelis
4235820	4238480	che era un po' pelosa, perlomeno era pellutata
4238480	4241720	quasi all'assilchepille era più piacevole
4241720	4244280	le cose che le volevo chiedere molto velocemente
4244280	4246220	perché siamo in tanti che vogliamo parlare
4246220	4250100	sulla politica estera è una domanda che ho fatto quasi uguale ieri
4250100	4252660	vorrei sapere se la sinistra italiana
4252660	4256260	può essere convinta di arrivare, di accedere
4256260	4259260	a una posizione che sia diversa da quella collista francese
4259260	4262000	o da quella atlantista inglese
4262000	4264820	se c'è la possibilità di una elaborazione nuova
4264860	4268120	della politica estera italiana nel rapporto transatlantico
4268120	4270860	in particolare il rapporto con gli Stati Uniti d'America
4271540	4274060	e in particolare sulle questioni medio orientali
4274060	4277960	la questione delle questioni è sempre il conflitto arabo-israeliano-palestinesi
4277960	4279860	che purtroppo è un po' dimenticato
4280380	4282940	non dimentichiamoci però che invece l'Europa
4282940	4285700	nell'83 con una dichiarazione come quella di Venezia
4285700	4289200	ha cambiato un poco quelli che erano i player
4289200	4292980	e quelli che erano le regole del conflitto
4292980	4296040	Poi volevo una sua valutazione sul fatto che
4296040	4299160	il principale avversario americano
4299160	4301980	politico nella guerra in Iraq è stato il papato
4302580	4305840	sono organizzate le preghiere per la pace nelle cittadine
4305840	4308420	si sono fatte le manifestazioni a Piazza San Pietro
4308420	4310420	con le bandiere arco baleno della pace
4310420	4313740	però proprio i tre paesi più cattolici di Europa
4313740	4316860	cioè Polonia, Italia e Spagna sono quelli che
4316860	4321040	hanno appoggiato politicamente più a spada tratta le decisioni dell'amministrazione Bush
4321040	4324180	Questo perché è successo, il Papa non conta più a niente
4324180	4327220	cioè il potere religioso non ha più il valore di prima
4327220	4331160	e poi una battuta sul discorso del Portogallo
4331160	4334080	e degli Stati, una battuta però per dire una cosa seria
4334080	4338360	l'Europa non sta pensando molto alla comunicazione
4338360	4341360	la comunicazione dovrebbe essere un fattore fondamentale per l'Europa
4341360	4344240	penso agli arabi che si organizzano con televisioni
4344240	4346340	satellitari di alto livello e noi abbiamo
4346340	4349060	diciamo i Rio News che non raggiunge ancora
4352480	4353560	livelli ottimali
4353560	4356160	si dovrebbe investire molto di più sulla comunicazione
4356160	4358060	e se non lo si fa non ci dobbiamo meravigliare
4358740	4361340	che gli europei vanno molto meglio degli europei
4361340	4363580	europei logicamente intesi come campione di calcio
4363580	4367060	europei invece come elezioni, grazie
4367060	4370380	Non bisogna dare la media a 7 euro
4377160	4380060	Io invece farò una sola domanda
4381140	4384600	che mi sembra sia però emersa
4384600	4386060	leggiata anche nell'intervento
4387520	4389680	del studente perché noi amici
4389680	4391940	compagni ci chiamiamo studenti che stiamo
4391940	4394460	a un corso diciamo cos'è
4394460	4396840	e mi riallaccio a quello che diceva prima
4397460	4400380	riguardo all'incapacità di assunzione di responsabilità
4400380	4403760	citava la pubblica amministrazione
4403760	4406460	io però la vedo anche nel privato
4407040	4409940	non vedo poi questo grande
4411580	4412460	campo dove
4413020	4415760	dove invece si risponde
4415760	4417000	di quello che si fa
4418440	4421460	e allora penso che il
4421460	4424600	il problema sia a monte sia che
4424600	4427460	in Italia un'etica della responsabilità non esiste
4429380	4432400	non esiste per ragioni storiche
4432400	4435580	il papato, il cattoricesimo
4435580	4439080	c'è un'etica dell'intenzione
4439080	4441340	delle buone intenzioni
4441340	4443980	poi quello che succede dopo non è più
4443980	4448220	non mi riguarda io avevo delle buone intenzioni
4448220	4450400	ci troviamo in Europa
4450400	4453180	a confrontarci con paesi dove
4453180	4455320	l'etica della responsabilità è forte
4458120	4459560	storicamente affermata
4459560	4462180	il protestantesimo
4462960	4465680	allora la domanda è questa
4467800	4469240	forse dobbiamo
4469240	4472420	rifare un concilio di Trento per bruciarlo tutto
4472420	4474840	non lo so, qualcosa secondo me bisogna fare
4474840	4476980	in Italia per allinearci
4476980	4479500	non soltanto come pil, come debito
4479500	4483280	come produzione, come ricerca, come sviluppo
4483280	4485740	come giustamente dobbiamo fare
4485740	4488580	credo che dobbiamo anche allinearci su questo fronte
4488580	4491020	forse molto più a monte
4491020	4493160	come si dice molto più difficile
4493160	4495860	non è che possiamo improvvisamente decidere
4495860	4500240	e buttare a mare qualche centenio di anni di storia
4500240	4506960	però qualcosa dobbiamo fare, la scuola qualcosa
4507960	4509760	dovremo inventarci una nuova etica
4510960	4512200	che funzioni
4513960	4516960	questa è la domanda che pongo, grazie
4523960	4526680	mi hanno colpito due elementi della introduzione
4526680	4530220	il richiamo alla comunità economica
4530220	4532060	del carbone e dell'acciaio
4532060	4535960	e l'uso di questo concetto di integrazione negativa
4536320	4539880	che mi ha fatto pensare un po' alla categoria
4539880	4542780	di Isaiah Berlin che distingue tra libertà negativa
4542780	4544900	e libertà positiva
4544900	4546960	mi sembra che ci sia un legame tra le due cose
4546960	4551140	un tentativo di ricondurre il processo di costruzione
4551140	4554100	dell'Unione Europea
4554960	4557320	alle sue scaturigini materiali
4558280	4560940	quindi a temi che si chiamano risorse
4560940	4562940	che si chiamano fonti energetiche
4562940	4564120	e così via
4564120	4568340	ora se questo tipo di preoccupazione
4568340	4570800	credo possa essere condivisa
4570800	4573860	diventa poi difficile mi sembra
4573860	4576560	passare da questa fase alla fase successiva
4576560	4578740	che è quella della libertà positiva
4578740	4583140	e della capacità di individuare delle fonti energetiche
4583140	4586040	che siano quello che il carbone e l'acciaio
4586040	4588060	sono state negli anni 50
4588060	4591060	perché questo mi pare che porti in una certa misura
4592360	4594340	a mettere nel conto
4594340	4596720	un acquirsi dei conflitti
4596720	4599860	che in questi 2-3 anni si sono già sviluppati
4599860	4601420	con molta durezza
4602760	4605600	tra Stati Uniti d'America ed Europa
4605600	4609060	voglio dire l'Unione Europea
4610280	4611960	mi sembra che faccia molta fatica
4611960	4615000	a individuare una propria strategia
4615000	4617240	di approvvigionamento energetico
4617240	4619420	che la metta nelle condizioni
4619420	4624680	di interloquire nell'ambito di una scelta di campo
4624680	4627700	che la vede a fianco degli Stati Uniti d'America
4627700	4630920	ma con una sua qualche capacità autonoma
4630920	4633480	con una sua qualche possibilità concreta
4633480	4636260	di svilupparsi anche come libertà positiva
4636260	4639000	e non solo come coercizione
4640380	4642000	evitiamo ciascuno di noi europei
4642290	4644650	di farci male tra noi
4644650	4647850	e quindi mettiamo al primo posto la moneta unica
4647850	4651290	benissimo, questo ha funzionato fino a questo momento
4651290	4654190	se tuttavia poi il passo successivo è quello
4654190	4657290	di passare alla libertà positiva quindi per esempio
4657290	4659390	Lisbona, la crescita
4659390	4662930	temo che senza una capacità
4662930	4666290	di darci degli obiettivi sul terreno energetico
4667170	4669510	questa crescita rischia di essere
4669510	4671690	di disattesa ancora a lungo, grazie
4671690	4674490	Adesso ci fermiamo qui con le domande
4674490	4676370	e diamo la possibilità a Giuliano Amato
4676370	4680090	di rispondere al primo gruppo, dopo di che ci sono già 11 persone prenotate
4680090	4683790	se ci sono altri che vogliono termine, dirlo adesso
4684730	4687510	Cioè è previsto che questa cosa finisca
4688050	4690830	prima di notte, sì, cioè
4692110	4695030	tutto finisce, no?
4695350	4696630	Conto su quello
4698170	4700230	Cercherò quindi di essere
4700230	4703330	rapido anche se
4703330	4708690	ha le ragioni, cioè
4708690	4710610	ci sono alcuni paesi
4710610	4713250	che poi erano i paesi che sono stati
4713250	4715790	più efficacemente imperialisti d'Europa
4715790	4718630	indiscutibilmente sono la Francia e il Regno Unito
4718630	4722550	più degli italiani e dei tedeschi che ci sono riusciti
4722550	4724550	meno bene a suo tempo
4724550	4728810	che in ragione di questo hanno delle aree
4728810	4731930	del mondo nelle quali esercitano
4731930	4733610	un'influenza diretta
4733610	4736790	anche attraverso la cultura e la lingua
4736790	4740050	e che in ragione di questo riescono
4740050	4742970	ad avere nel mondo delle sponde
4742970	4745550	che difendono, investendo
4746970	4749910	che li rendono più forti
4749910	4752810	di altri, questo è assolutamente
4752810	4753930	indiscutibile
4755810	4758770	noi potremmo fare qualcosa di
4758770	4761290	relativamente simile
4761810	4763970	anche con più realismo
4763970	4767710	e lo facciamo molto di meno perché non investiamo
4767710	4770470	in questo, appunto lo dico con più realismo
4770470	4773890	perché l'ossessione
4773890	4777170	con la quale i francesi continuano
4777170	4780210	a vedere la prevalenza dell'inglese
4780210	4783030	e quindi la speranza di
4783030	4785930	batterli all'ultima curva e di avere
4785930	4789090	un mondo francofono anziché anglofono
4789090	4792210	questa la considero proprio la sublimazione
4792970	4794750	di una grandeur sognata
4794750	4797910	perché questo non è possibile
4797910	4801630	però ecco non c'è dubbio che questo
4801630	4804590	da delle sponde, crea delle aree
4804590	4805610	di influenza
4805610	4808610	che in una Europa forte
4809270	4811610	possono essere un asset europeo
4812430	4816390	in un'Europa debole giocano contro l'Europa
4816390	4817710	è tutta qua la questione
4817710	4820230	perché tu ne parli con Solana
4820230	4822570	e lui ti risponderà
4822570	4827070	ma a me interessa che vi siano paesi europei
4827070	4829610	che hanno dei rapporti privilegiati
4830190	4831970	con certe aree del mondo
4831970	4834890	perché il giorno che l'Europa ha un problema
4834890	4836410	con quelle aree del mondo
4836410	4839750	quelli sono i miei ambasciatori
4839750	4843970	quelli sono i paesi dei quali io mi posso avvalere
4843970	4846630	in un'Europa debole ci sono solo loro
4846630	4848390	e non c'è la politica europea
4848390	4852050	si tratta di vedere se si riesce a fare in modo
4852050	4855970	che questi rapporti speciali
4856610	4859010	anzi non siano un ostacolo
4859010	4862010	ma la formazione di una politica estera europea
4862650	4865010	valgano in un domani come strumento
4865570	4868070	ma c'è in effetti un intrico
4868070	4871170	aggravato dal fatto che poi questi paesi
4872030	4874010	oltre ad avere i loro rapporti privilegiati
4874850	4876330	con altre parti del mondo
4876330	4878610	hanno un seggio al Consiglio di Sicurezza
4879830	4883530	questo è un seggio permanente al Consiglio di Sicurezza
4883530	4886210	questo secondo me è uno degli ostacoli maggiori
4886210	4888510	ad una politica europea unificata
4889210	4892290	perché se noi riusciremo mai ad avere
4892290	4896190	il rappresentante europeo al Consiglio di Sicurezza
4896190	4898230	vedrai che sarà aggiuntivo
4898230	4901870	rispetto al francese e all'inglese
4901870	4903490	non sarà sostitutivo
4903490	4906850	e quindi questo renderà un po' mostruosa
4906850	4910550	la nostra presenza nella governance mondiale
4910550	4915850	qui incontriamo una vera difficoltà
4920990	4922910	Sì, Adriano
4922910	4926950	appunto noi ci siamo battuti tutti
4926950	4929790	per togliere di mezzo gli Stati
4929790	4933630	dal spazio europeo di ricerca
4933630	4937590	è una domanda di tutta la comunità scientifica
4937590	4940570	togliete di mezzo le burocrazie
4940570	4943090	lasciate che noi ci mettiamo d'accordo
4943090	4946190	fra di noi e questo faciliterà tutto
4946190	4946190	
4946190	4948770	ridurrà il red tape
4949890	4952210	consentirà a noi di concentrarci
4952210	4954650	dove è utile che ci concentriamo
4954650	4958290	e questo io ho fedelmente seguito come mandato
4958290	4961250	finché ci siamo arrivati a ipotizzare
4961250	4963210	lo European Space of Research
4963210	4965130	e quindi lo European Council
4965130	4969050	e questo mette alla frusta i singoli paesi
4969050	4972290	non avrebbe avuto senso che noi
4972290	4974550	finunciassimo all'idea dello spazio europeo
4974550	4977250	di ricerca nella consapevolezza che
4977250	4979730	in questo coordinamento libero
4979730	4982590	noi rischiavamo di essere pretermessi
4982590	4985630	tocca a noi cambiare macchina
4985630	4987350	e non avere la 600
4987350	4991010	e qui ci sono tante cose che dovremmo fare
4991010	4993530	tante fruste che dovremmo mettere
4993530	4996970	nella nostra università, tante aperture
4996970	5000290	che dovremmo fare affinché da noi
5000290	5003470	non sia obbligatorio come ho detto tante volte
5003470	5006110	avere un padre professore in quella università
5006110	5008110	per averci anche una cattedra
5008110	5012070	se c'è un settore che ha bisogno di essere
5012070	5014970	liberalizzato, e qui non dico rinunciare
5014970	5017970	all'università pubblica, non voglio essere equivocato
5018750	5020970	ma è l'accesso alla
5022570	5024750	professione e alla carriera
5024750	5027750	di ricercatore e di professore universitario
5028530	5030750	dove non sono gli ordini professionali
5031290	5033270	ma sono gli ordini familiari
5033270	5036750	di facoltà, di clan, di sottogruppo interno
5037310	5038830	quelli che costituiscono
5038830	5041870	un tappo incredibile
5041870	5045410	e poi naturalmente c'è il problema delle risorse
5046290	5048570	che è un grande problema
5048570	5050370	questo qua delle risorse
5050370	5052910	che io vedo proprio
5052910	5056850	in questi termini, noi non siamo diventati
5056850	5059750	più poveri nel senso che
5059750	5062290	noi continuiamo a produrre ricchezza
5062290	5065250	e continuiamo a produrre una grande quantità
5065250	5068990	di risparmio, il problema che abbiamo davanti
5068990	5071830	è come convogliare queste risorse
5071830	5074250	e questo risparmio verso finalità
5074250	5077350	che concorano al nostro sviluppo
5077350	5080990	avendo preso atto che c'è un limite
5080990	5083350	al convogliarcelo per via fiscale
5084150	5086350	il limite è stato abbassato
5087050	5090350	in modo un po' avventato
5090350	5092470	devo dire e io sono contento
5092470	5095650	che gli italiani comincino a rendersi conto
5095650	5099930	che una riduzione indiscriminata
5099930	5102130	delle tasse può essere fonte
5102130	5104570	di impoverimento anziché
5104570	5107490	di arricchimento rispetto ad alcuni nodi
5107490	5110890	essenziali in cui abbiamo bisogno
5110890	5113190	di convogliare le risorse
5113190	5116830	non verso il consumo
5116830	5119830	io proprio sarà perché
5119830	5122570	me l'hanno toccato per l'ennesima volta
5123890	5127030	il contributo alla stabilizzazione
5127030	5128570	dell'occupazione ma davvero
5129530	5131670	quello che noi sinistra
5131670	5133530	siamo stati troppo timidi
5134670	5136570	nel fronteggiare
5136570	5139370	è stato questo tema del tabù
5139370	5141470	davanti alla riduzione delle tasse
5141470	5144670	io voglio interrogare ciascuna famiglia italiana
5144670	5147870	per chiedergli la vita di tuo figlio
5147870	5150950	cambia di più se gli stabilizzano
5150950	5153970	il posto di lavoro o se continuando
5153970	5157090	di contratto semestrale in contratto semestrale
5157090	5160050	per 25 anni ha tuttavia
5160050	5163750	20 euro di meno di IRPF da pagare al mese
5163750	5167010	se gli posso far pagare
5168050	5170890	20 euro in meno di IRPF
5170890	5172690	figurati, sono contento
5172690	5174110	perché gliele devo portar via
5174110	5178710	ma se per fargli pagare 20 euro di meno di IRPF
5178710	5182410	io tolgo quell'incentivo fiscale
5182410	5184690	che avrebbe indotto il suo datore
5184690	5187390	di lavoro a stabilizzargli il contratto
5187390	5188970	io gli ho fatto del male
5189870	5192690	e qui non è una questione ideologica
5194050	5195690	bisogna ridurre le tasse
5195690	5197550	allora si taglia qualunque cosa
5199470	5203810	c'è un limite utile
5203810	5205370	alla discesa delle tasse
5206490	5207930	questo esempio
5208690	5211030	ormai irraggiungibile che è la Svezia
5211030	5213170	anche perché è un piccolo paese
5213170	5217070	la Svezia è il paese nel quale c'è
5217070	5219830	la maggiore fiducia nel mercato
5219830	5223530	e anche la maggiore fiducia nel convogliare
5223530	5225990	risorse al capitale collettivo
5226970	5229270	attraverso la via fiscale
5229270	5232670	sembra una specie del diavolo e l'acqua santa
5232670	5235350	messi insieme ma là si vede
5235350	5237790	con Berman queste cose succedono
5237790	5239230	il diavolo l'acqua santa
5239230	5242910	30 anni che ci fa film in cui rimette insieme
5242910	5244870	forse ci stanno
5246690	5249310	ho visto pochi paesi
5249310	5251990	nei quali il sindacato
5252790	5254990	non mette mai in discussione
5254990	5257890	che l'impresa deve reggersi sul mercato
5258790	5261770	l'unica politica per proteggerla
5262570	5264170	cosa l'altro giorno
5264170	5266250	è quella di farla competere ai prezzi
5266250	5268190	più bassi possibile sul mercato
5270570	5272210	mercato e strato sociale
5272210	5275690	da noi probabilmente è troppo
5275690	5277590	ma allora c'è un grosso problema
5277590	5279470	di sistema finanziario
5281150	5283950	non abbiamo un sistema finanziario
5283950	5288550	che riesca a trovare le strade di utilizzo
5288550	5291170	efficace e anche remunerativo
5291170	5293270	del risparmio
5293270	5297110	questo vale anche per le cose che diceva Beppe Rau
5297110	5299890	è vero
5299890	5302410	noi abbiamo abbandonato
5302410	5304450	tutta la politica industriale
5304450	5308090	abbiamo abbandonato la politica difensiva
5308090	5310570	e non ci siamo messi a fare la politica
5310570	5312590	che afferma la competitività
5312590	5316190	una politica industriale per affermare
5316190	5318050	la competitività
5318050	5320250	implica che ci siano le imprese
5320250	5322530	che si vogliono fare essere competitive
5322530	5325170	se le si fa morire
5325170	5329570	non le ho difese perché sennò era politica difensiva
5329570	5331810	ma se le fai morire non puoi fare neanche
5331810	5334250	una politica industriale per la competitività
5334250	5338710	perché non c'hai più i soggetti della competitività
5338710	5340650	da questo punto di vista
5340650	5343710	io non posso non ricordare
5343710	5346650	che nel 1992 quando facemmo
5347290	5349570	il piano delle privatizzazioni
5349570	5352510	era un piano per la creazione
5352510	5355250	di 16 grandi gruppi industriali italiani
5355250	5356470	pubblico privati
5356470	5360890	e che la privatizzazione del loro capitale
5360890	5364690	era collegata ad un disegno di presenza industriale
5364690	5367050	questo disegno negli anni successivi
5367050	5370470	è andato totalmente perduto
5370470	5375550	noi oggi perdiamo l'industria manufacturiera
5375550	5377630	pensando all'energia
5377630	5379550	io mi sono domandato più volte
5380730	5382570	in questi due anni
5382570	5385050	ma il nostro nemico è il petrolio
5385570	5390190	abbiamo un disperato bisogno di liberarcene
5390190	5392430	il prezzo aumenta
5392430	5395210	ormai lo sanno anche i bambini
5395210	5398210	non solo per le cattiverie del lope che dei petrolieri
5398870	5400990	ma perché c'è una domanda mondiale
5400990	5403390	in espansione direttamente proporzionale
5403390	5405870	alla crescita dei paesi asiatici
5405870	5408210	e quindi è un futuro da incubo
5408210	5410610	un futuro di un'economia mondiale
5410610	5417490	in cui la domanda di 3 miliardi di esseri umani
5417490	5419910	raggiunge il livello della domanda
5419910	5421910	di 750 milioni
5421910	5424450	non so di quanto siamo noi e gli americani messi insieme
5424450	5428050	se tutta questa domanda è affidata a noi
5428050	5429350	è la fine del mondo
5430910	5433670	come minimo dobbiamo pensare a sanguinose guerre
5433670	5436530	e disterminio per cavarci
5436530	5440810	un piccolo corollario italiano
5440810	5446590	la Fiat ci succhiò miliardi della legge 46
5446590	5450970	con i quali finanziamo le ruote di scorta
5450970	5451890	della Fiat 1
5451890	5453630	me lo ricordo ancora
5453630	5458910	a questo allora servirono i soldi che demmo alla Fiat
5458910	5461190	nessuno ha pensato
5461190	5463770	che in una situazione di difficoltà
5463770	5467270	ci poteva essere un concorso di risorse pubbliche
5467270	5470150	finalizzato all'automobile con motore misto
5470150	5472890	che sembra non essere negli orizzonti della Fiat
5473630	5476530	che continua a produrre, punto, idee
5476530	5478370	ed altre non-idee
5478370	5481310	dalle quali è escluso il motore
5481310	5482790	di cui abbiamo bisogno
5482790	5485270	che è il motore che non va ad oil
5485270	5488350	o che ci va per il 50%
5488350	5491450	era un modo di intervenire su Fiat
5491450	5495190	in termini assolutamente puliti
5495190	5499610	rispetto alla illegittimità dell'aiuto di Stato
5499610	5503570	si aspetta che all'Italia ce la comprino a pezzi
5503570	5504970	e meno male che c'è stato
5504970	5507510	questo sussulto del prestito Ponte
5508970	5511950	qui in effetti esiste un problema
5511950	5516970	di politica industriale
5520410	5524370	il rafforzamento del governo mondiale
5524370	5527830	passa attraverso il suo passaggio
5529010	5532450	agli indici qualitativi di sviluppo
5532450	5534950	che diventino il tessuto
5534950	5536510	del governo mondiale
5536510	5540550	è curioso, ma il mondo
5540550	5543570	ha un problema, la governance mondiale
5543570	5546030	ha un problema del tutto simmetrico
5546030	5549330	a quello che abbiamo noi nel difficile rapporto
5549330	5551270	tra Maastricht e Lisbona
5551270	5555130	anche nel mondo prevale Maastricht su Lisbona
5556050	5559970	e il vero problema è quello di Ferci
5559970	5561950	che chi decide di più
5562210	5564930	sulle sorti dei paesi deboli
5564930	5567410	che è indiscutibilmente il fondo
5568210	5569970	oltre alla banca mondiale
5569970	5574210	non abbia quel predominio
5577210	5578730	su Lisbona
5580210	5583670	e il vero problema è quello di Ferci
5583670	5586050	che chi decide di più
5586050	5588550	sulle sorti dei paesi deboli
5588550	5591070	che è indiscutibilmente il fondo
5591070	5593610	oltre alla banca mondiale
5593610	5597550	non abbia quel predominio
5606110	5608690	destinata ad occuparsi anche dei livelli
5608690	5611010	di istruzione, della lotta alla malattia
5611550	5614490	delle infrastrutture, della qualità del lavoro
5614490	5617490	io da tempo mi sto occupando insieme
5617490	5620190	e da altri del problema di come metterli insieme
5620190	5624930	di come creare, di come avere iniziative
5624930	5628190	di coerenza politica nel governo mondiale
5628190	5630670	la proposta più intelligente
5630670	5633790	che è stata fatta da ultimo
5633790	5637170	da Kemal Dervis e anche da altri
5637170	5639330	è quella di creare in sede ONU
5639330	5641490	un parallelo del consiglio di sicurezza
5642030	5646790	che sia un consiglio economico-sociale
5646790	5650850	al quale affidare un compito di coordinamento
5650850	5653530	delle agenzie ONU e non ONU
5653530	5657410	che si occupano delle economie dei singoli paesi
5657410	5660470	che fra l'altro potrebbe diventare
5660470	5664490	lo stampone di un possibile diverso
5664490	5665710	consiglio di sicurezza
5665710	5669530	perché oggi riformare il consiglio di sicurezza
5669530	5671690	è un'operazione pressoché impossibile
5671690	5673790	ma creare un organismo parallelo
5673790	5676170	che creato ex novo
5676170	5678650	potrebbe avere dentro l'Europa
5678650	5681670	senza la Francia e l'Inghilterra come tani
5681670	5685790	il Brasile, il Sud Africa
5685790	5689290	l'India ed altri paesi
5690090	5693410	lì c'è un problema di constituency
5693410	5696710	se c'è una cosa su cui il Social Forum
5696710	5697790	ha assolutamente ragione
5698690	5700990	è che le priorità del mondo
5700990	5703770	sono pretermesse perché
5703770	5706150	gli organi decisionali del mondo
5706150	5708330	sono sotto la prevalente influenza
5708330	5710370	di constituencies che non pongono
5710370	5713210	le priorità del mondo al primo posto
5713210	5718930	e quindi nella sconnessione istituzionale
5718930	5723650	c'è un riflesso di constituencies
5723650	5726410	che dovrebbero essere riaggiustate
5726410	5730070	questo a secondare in questo Social Forum
5730070	5732290	è semplicemente sacrosanto
5733670	5736690	le politiche macroeconomiche nel mondo
5736690	5738430	prevalgono perché sono quelle che
5739070	5740830	garantiscono di più gli interessi finanziari
5740830	5743450	dei nostri investitori e del nostro sistema bancario
5743450	5747290	questa è l'unica vera ragione
5747290	5750970	se tu crei degli organismi
5750970	5753630	che possano essere sensibili anche
5753630	5756890	ad altre constituencies puoi cominciare
5756890	5758970	a cambiare ma come si diceva una volta
5758970	5762890	il problema è politico prima ancora che
5764750	5765390	organizzativo
5767230	5769090	che sia così
5769090	5770470	lo dimosta la PAC
5770470	5776610	che poi è una cosa politica
5778670	5779950	politico istituzionale
5779950	5780890	perché non è che gli agricoltori
5781450	5783550	hanno nella stessa Francia
5783550	5786730	il peso che la Francia
5786730	5789630	assegna alla propria politica agricola comune
5789630	5792230	quindi qua c'è una scelta
5793170	5795570	che poi fra l'altro molto difficile
5795570	5798690	cambiare ma che oggi vede
5798690	5801790	la Francia quasi isolata in Europa
5801790	5804170	e quindi è quasi interamente affidata
5804170	5807470	se voi pensate che è diventata una favola
5807470	5810450	comune europea quella che la mucca francese
5810450	5812850	che riceve di più di qualunque bambino africano
5812850	5815850	dall'Europa non a caso è francese
5815850	5817090	questa povera mucca
5817890	5821630	non si dice la mucca europea si dice la mucca francese
5821630	5824650	il che sta indebolendo se vogliamo
5825450	5828450	la posizione della Francia
5833250	5835830	parlando della Fiat volevo allargare
5835830	5837610	al discorso dell'energia
5837610	5840170	questo è uno dei terreni sui quali
5840170	5842590	io vedo un impegno di risorse pubbliche
5842590	5845570	io sono per una ricerca
5845570	5847830	che sia fatta laddove l'industria
5847830	5850230	ne sente il bisogno
5850230	5852230	perché si produca innovazione
5852230	5854730	perché se non c'è connessione con l'impresa
5854730	5856590	la ricerca non diventa innovazione
5856590	5860130	è inutile che qui tiriamo fuori obiezioni ideologiche
5861630	5864470	dobbiamo fare tutta la ricerca libera che vogliamo
5864470	5866770	ma la ricerca che diventa innovazione
5866770	5870130	è quella che corrisponde a ciò che l'industria
5870670	5873130	di quel dato paese ha in quel momento
5873810	5875230	nelle proprie prospettive
5875230	5877230	perché altrimenti le due non si incontrano
5877230	5882850	la ricerca finalizzata al cambiamento
5882850	5884770	del mix delle fonti energetiche
5884770	5888510	secondo me è un'esigenza talmente essenziale del mondo
5888510	5891510	che questa va promossa in primo luogo
5893130	5895730	attraverso la ricerca pubblica
5895730	5897470	noi dovremmo recuperare
5897470	5900510	quello che avevamo sulle energie alternative
5901210	5903730	che ora paga soltanto stipendi
5903730	5906510	in realtà perché è stato mortificato
5907550	5910510	salvo la fissazione di rubbia
5910510	5913830	sulla Sicilia che ha più energia del Texas
5919350	5922590	va be' lui la vede in superficie
5922590	5923450	vede il sole
5924270	5928230	noi abbiamo fra l'altro dei punti buoni in Italia
5929150	5933070	a Porto Marghera si utilizzerà
5933070	5935930	e sarà in una misura consistente
5935930	5937970	tutto quello che viene fuori dal ciclo
5937970	5941450	per produrre quel tipo di energia
5941450	5945130	noi abbiamo già delle buone tecnologie
5945130	5947090	per il management del waste
5949030	5952110	quindi abbiamo anche dei punti d'appoggio
5952110	5954090	ma anche qui ci vuole una politica
5956030	5957310	è desolante
5957310	5959590	l'Italia non c'è
5960410	5962690	qualunque problema abbia lo debba risolvere
5962690	5964410	riducendo l'IRPF
5964410	5969210	è veramente una roba da nosocomio questa qua
5970350	5972810	perché non so se anche i figli
5972810	5974910	quando hanno la diarrea gli promettono
5974910	5976730	di ridurre l'IRPF
5976730	5978190	come astringente
5978190	5981910	ma non si possono risolvere i problemi
5981910	5983430	di un paese così
5986910	5988350	non c'è proprio il problema
5988350	5992030	di una sinistra
5994610	5995910	destinata ad essere
5995910	5997430	atlantica o golista
5997430	5998850	credo proprio di no
5998850	6000110	perché
6002790	6006110	se atlantica vuol dire
6006110	6007990	dare importanza
6007990	6009770	alla relazione transatlantica
6009770	6012110	io ritengo che si debba essere atlantici
6012890	6016010	perché la parte più ricca del mondo
6016010	6019130	ha una responsabilità comune per la risoluzione
6019130	6020410	dei problemi del mondo
6022110	6025690	3 quarti del mondo vede l'Europa e gli Stati Uniti
6025690	6027170	come i ricchi
6027170	6030810	e lo siamo e quindi abbiamo delle responsabilità comuni
6031690	6034230	non ci dobbiamo sposare
6034230	6036670	ma abbiamo delle responsabilità comuni
6036670	6040390	e quindi è una relazione sulla quale
6040390	6042990	si deve lavorare per risolvere i problemi del mondo
6042990	6045670	anche per fare massa critica adeguata
6045670	6049030	e anche perché se non andiamo d'accordo fra di noi
6049030	6052830	succede il pata tracchi in tutti i rapporti economici e commerciali
6052830	6055870	basta vedere quello che è successo
6055870	6059310	all'ultima cosa del WTO
6059310	6063470	gli europei che cedono ai Paesi terzi
6063470	6064910	il cotone americano
6066270	6068850	qui dobbiamo essere d'accordo
6068850	6072070	fra di noi sui termini della liberalizzazione
6072070	6074110	del commercio mondiale
6074110	6077250	che la relazione transatlantica debba essere
6077250	6079970	riassestata su diverse basi
6079970	6082930	e che noi non siamo quelli che sono qui
6082930	6085670	per seguire le autentiche follie
6085670	6088790	di un'amministrazione che secondo me
6089750	6092370	è stata assolutamente squilibrata
6092370	6094910	questo lo do assolutamente per scontato
6094910	6097270	ma noi lo facciamo in nome dell'Europa
6097270	6100570	non in nome della Francia, in nome di un ruolo dell'Europa
6100570	6103050	il gullismo è tutta un'altra cosa
6103750	6106970	è un'affermazione di perdurante
6109090	6111010	sovranità nazionale
6111010	6113790	i cattolici non lo so
6113790	6115970	quanto pesa il Papa
6119390	6122890	evidentemente ha pesato poco sui governi
6122890	6124970	ma non è detto che i governi
6125630	6128070	non ne risentano le conseguenze
6130850	6134550	questa è una partita tutta aperta
6135710	6138370	quanto euro news bello
6138370	6141970	il problema è più complicato
6141970	6146630	se non c'è una consistente sfera pubblica europea
6146630	6150070	è difficile che vi sia una forte
6150070	6152530	opinione pubblica europea
6152530	6155470	la fratellanza araba
6155470	6158810	crea un legame interno al mondo arabo
6158810	6161050	su una serie di temi
6161050	6162550	che è per certi versi superiore
6162910	6166670	a quella che c'è tra noi e europei
6166670	6169510	la crescita dell'informazione europea
6169510	6171190	è direttamente proporzionale
6171190	6174150	alla crescita di peso politico dell'Europa
6174150	6176850	questo ce lo dobbiamo mettere nella testa
6176850	6179750	l'informazione non può precedere
6179750	6182570	la rilevanza politica dell'Europa
6184710	6187030	fino alla fine dell'Ottocento
6187030	6189330	i giornali nazionali negli Stati Uniti
6189330	6191270	praticamente non esistevano
6192130	6194830	fra parte il fatto che il New York Times
6194830	6197490	lo legge una esigua minoranza
6198330	6201330	le grandi reti nazionali
6201870	6204690	sono legate al fatto che Washington
6204690	6206750	è diventato il centro decisionale
6206750	6208490	maggiore del paese
6208490	6211330	e infatti poi sono nazionali
6211330	6213510	per lo spazio che danno a Washington
6213510	6215370	per il resto poi
6215370	6217270	prevalgono le notizie locali
6217270	6221690	che corrispondono alle notizie nazionali
6221690	6224590	questa cosa dell'etica della responsabilità
6224590	6227550	è una cosa straordinariamente importante
6228510	6230430	noi avevamo una volta una sinistra
6230430	6233010	che se ne preoccupava molto
6233010	6237990	che faceva con mille difetti
6239970	6242330	legava questa responsabilità
6242330	6243770	ad un senso di futuro
6243770	6246650	che avevamo il compito di costruire
6246650	6250670	questo venne utilizzato strumentalmente
6250670	6253790	si promise un futuro che era impossibile
6253790	6256230	da realizzare anche per ottenere
6256230	6257990	una disciplina presente
6259150	6262130	però in qualche modo ci fu
6262130	6264910	una straordinaria azione educativa
6266950	6269770	fatta dal sindacato nelle fabbriche
6269770	6271850	dai partiti nella società
6271850	6275990	e se l'Italia è riuscita ad attraversare
6275990	6279030	quel gigantesco fenomeno di migrazioni interne
6279030	6281230	che hanno spostato milioni di persone
6281230	6283770	dal sud al nord e che bene o male
6283770	6286810	hanno dato luogo a delle società integrate
6286810	6288350	in questo nord Italia
6288350	6291330	questo lo si deve larghissimamente
6291330	6295610	a questa azione educativa fatta dalla politica di sinistra
6295610	6299050	e dal sindacato negli anni 60
6299050	6301550	direi che quanto più questo si è perso
6301550	6304530	tanto più si è tutto sfilacciato
6304530	6307310	e in effetti allora io di questo sono
6307310	6310850	assolutamente convinto cioè che è
6310850	6313810	in questo c'è una responsabilità
6313810	6316610	grossa della politica che deve riacquistare
6317610	6320030	una capacità di disegnare un futuro
6320030	6322610	e di conformare comportamenti
6322610	6325290	in funzione di questo futuro
6325290	6327990	assegnando a ciascuno la responsabilità
6327990	6332030	di esserne partecipi e c'è in un clima diverso
6332030	6334050	una responsabilità della scuola
6334050	6336310	questo sì, questo sì
6336310	6340410	non mi occupo abbastanza di metodi didattici
6340410	6343690	ma appunto insegnare ai piccoli
6343690	6345870	ad essere responsabili
6345870	6348870	questo lo dovremmo imparare dagli americani
6349610	6351790	questo gli americani ce l'hanno
6351790	6354950	cioè il lato positivo di John Wayne
6354950	6357390	di cui diffidiamo quando va in Iraq
6357390	6361030	e va in posti in cui farebbe bene a non andare
6361030	6363890	però il lato positivo di John Wayne
6363890	6367350	è questo senso di un achievement
6367350	6369830	che è affidato a te stesso
6369830	6375210	e se tu ti senti responsabile
6375210	6376330	questo lo puoi fare
6376330	6379710	ieri sera ero coi nipotini
6379710	6382550	e ho rinunciato ad andare al cinema orbitendo
6383710	6385930	e allora ho visto con loro
6386690	6388810	il film su Willy
6388810	6391130	Willy l'orca
6391130	6393330	c'è questo bambino a destra
6393330	6397510	e che nel primo film poi fugge e viene rimandata in mare
6397510	6400230	mi ha colpito che nel finale di Willy
6400230	6403690	è attribuita all'orca questa etica
6403690	6406330	cioè Willy salta
6406330	6409170	se lo vuoi fare riuscirai a farlo
6409170	6410450	gli dice il bambino
6410450	6415430	il bambino è l'educatore che spinge anche un valenottero
6415430	6418950	a fare un salto assurdo sopra una roccia
6418950	6420790	per sfuggire ai suoi nemici
6420790	6423930	e raggiungere la sua famiglia nel mare aperto
6423930	6427550	ecco il senso della missione, il senso del futuro
6427550	6431250	c'è molto che noi possiamo fare
6431250	6432910	in questa direzione
6432910	6436990	e c'è molta colpa della stessa politica
6436990	6439390	la politica catchall
6440250	6443650	di seminare protezione, bisogno di protezione
6443650	6446230	questi politici che aprono
6446230	6449630	l'ufficio politico in qualunque angolo del paese
6449630	6452450	e che chiunque gli vada davanti gli promettono
6452450	6454970	di fare qualunque cosa gli chiedano
6454970	6457930	questi dovrebbero essere passati per le armi
6457930	6458890	in effetti
6466530	6468230	scusa un attimo
6471050	6474430	sono ancora dodici le persone che devono parlare
6474430	6476410	il che riduce abbastanza
6476410	6478730	oltre al fatto che non se ne prendono più naturalmente
6478730	6482210	riduce drasticamente il tempo per ognuno
6482210	6483850	adesso mi dispiace tu sei il primo
6489290	6490050	telegraficamente
6490050	6494610	nella sua ultima lettera dall'Europa sulle 24 ore
6494610	6497290	nella parte finale lei diceva
6497290	6499290	gli Stati europei
6499290	6502090	sulla Costituzione quando hanno visto
6502090	6505110	che le cose andavano male hanno puntato
6505110	6507650	sull'aspetto delle cooperazioni rafforzate
6507650	6510970	io ho dato un'occhiata al draft che è stato approvato
6510970	6514290	prima dell'intera Carta Costituzionale
6514290	6516710	però non mi sembra di aver trovato avanzamenti
6516710	6519310	molto significativi rispetto al testo della Convenzione
6519310	6522730	no ma perché erano stati fatti dei passi indietro
6522730	6524230	ecco appunto
6532290	6534550	quali sono le anticipazioni che possono essere fatte
6534550	6536430	del testo Costituzionale
6537590	6541330	prima della sua entrata in vigore e cosa potrebbe accadere
6541330	6545130	se un Paese non dovesse ratificare
6545130	6547330	come probabilmente potrebbe accadere in Inghilterra
6548170	6551130	quali saranno le scelte che i principali Paesi
6551130	6552970	europei potranno assumere
6552970	6553590	eh
6566610	6572310	a dove è finito?
6575490	6577830	volevo chiedere al Presidente Amato
6577830	6579370	due cose molto sintetiche
6579370	6580910	la prima è
6580910	6583930	nella concezione non negativa
6583930	6586710	quella che lui ha così definito
6588370	6590270	del progetto europeo
6590270	6591610	cioè quella positiva
6591610	6596890	quali sono in concreto oggi le forze politiche
6596890	6600370	in Europa schierate su questo fronte
6601330	6603450	la seconda è invece
6603450	6605010	parzialmente ha già risposto
6605010	6608290	ma ci voglio tornare su molto brevemente
6608290	6610390	l'Europa
6610390	6614570	dal mio modestissimo ma non lo dico veramente modestissimo
6615250	6617970	osservatorio è un'entità
6617970	6620630	culturalmente molto lontana
6620630	6623330	dalla percezione
6623330	6626710	dei cittadini europei nel nostro caso italiani
6626710	6628790	tutte le volte che noi mettiamo la parola Europa
6628790	6631610	nel titolo di un libro, il libro non vende
6631610	6634050	sarà un caso ma succede sempre così
6634050	6637990	infatti cerchiamo attentamente di evitarlo
6637990	6639910	diceva Amato giustamente
6639910	6645570	adesso faceva riferimento alla etica nazionale americana
6645570	6647290	aggiungerei forse qualcosa
6647290	6649470	cioè l'identità americana
6649470	6652430	il motivo per cui gli americani pensano di essere americani
6652430	6655690	è assolutamente chiaro a tutti gli americani
6655690	6658190	loro sono americani in order to be free
6658190	6659590	in order to be safe
6659590	6664170	e perché vogliono se vuoi puoi
6664170	6667190	il loro credo è molto sintetico
6667750	6669910	elementare ma
6669910	6671710	altamente condiviso
6671710	6676590	in Europa, domanda ad Amato, esiste un embrione
6676590	6679250	di identificazione culturale
6679250	6684390	simile oggi in atto?
6684390	6686730	se così non fosse
6686730	6689290	io penso che bisognerebbe pensarci
6689290	6692590	perché la fase così positiva del progetto europeo
6692590	6694710	è sovrita quella negativa
6694710	6699210	quella abolitoria dei vincoli per passare a quella propositiva
6699210	6702390	è molto difficile che si possa attuare
6703450	6705650	a parte la combinazione delle forze politiche
6705650	6708610	che era la prima domanda che gli faccio
6708610	6711390	in assenza di una
6712890	6714390	identità culturalmente approfondita
6716090	6717370	degli europei
6718370	6719010	grazie
6724130	6725970	Sì, io sono Stefano Chiarlone
6725970	6729250	volevo chiedere brevemente due cose al Presidente Amato
6729250	6732550	per prima cosa il titolo è l'Europa e il futuro dell'Italia
6732550	6734890	allora volevo porgli la stessa domanda
6734890	6737630	però riferendomi all'Europa e il futuro dell'Italia
6737630	6762410	e poi ritornare brevemente sul tema della politica industriale
6762410	6765490	in questo ho stimolato anche da un intervento precedente
6765490	6767610	ho apprezzato le cose che il Presidente Amato ha detto
6767610	6767610	
6767610	6767610	
6767610	6767610	
6767610	6767610	
6767610	6767610	
6767610	6767610	
6768550	6770570	parlando di politica industriale
6770570	6773190	è l'importanza cruciale della politica industriale
6773190	6776330	tuttavia penso che se si voglia parlare di Europa
6776330	6779270	un'Europa in cui la politica industriale
6779270	6782010	si fa anche tramite l'integrazione economica profonda
6782010	6784910	non si possa continuare a fare riferimento alla necessità
6784910	6788710	di investire soldi pubblici nei gruppi italiani privati
6788710	6791050	e si debba cominciare a pensare che i soldi pubblici
6791050	6794590	devono andare in cose diverse, cioè nella creazione di infrastrutture
6794590	6797050	diretti nell'innovazione e nella formazione
6797590	6799750	pensando all'evoluzione economica di questo continente
6799750	6803550	come un'evoluzione economica in cui hanno peso dei gruppi europei
6803550	6806070	e l'Airbus a cui il Presidente faceva riferimento
6806070	6809190	un caso di scuola nei testi dell'economia internazionale
6809190	6812010	che l'Italia si debba inserire in questi ambiti
6812010	6815090	e non continuare a proteggere infrese che probabilmente
6815090	6817350	non hanno la dimensione e non hanno più la possibilità
6817350	6821590	di assumere la dimensione per avere massa su questi mercati
6821730	6824750	Per cui quello che volevo chiedere al Presidente
6824750	6828110	è che se non sarebbe il caso che a sinistra
6828110	6831550	nella sinistra smettessimo di cercare di guardare
6831550	6833750	a surrogati delle svalutazioni competitive
6833750	6836990	di cui lui ha giustamente parlato, come l'intervento pubblico
6836990	6839730	come smettere e inserire miliardi in imprese
6839730	6842550	quando quei soldi sarebbero stati meglio spesi all'ora
6842550	6845990	e sarebbero meglio spesi in futuro per modernizzare il Paese
6845990	6848890	e permettere alle imprese competitive con visione strategica
6848890	6850170	di avere successi in Europa
6865590	6868350	Io volevo chiedere al Presidente Amato un po' questo
6868350	6873590	nei due giorni di seminario precedenti
6873590	6876490	era venuto fuori e è venuto fuori anche oggi
6876490	6877710	nella discussione di oggi
6877710	6881470	che sostanzialmente le due priorità massime dell'Europa
6881470	6883710	a parte la politica estera e la sicurezza rimangono
6884550	6886710	da un lato la ricerca e l'innovazione
6887250	6889110	come si diceva a Lisbona
6889110	6892810	ma dall'altro anche fronteggiare la questione
6892810	6895890	del calo di incremento demografico
6895890	6898710	che tra l'altro in Italia ha risvolti particolarmente significativi
6900290	6903390	proprio per la situazione specifica del nostro Paese
6903390	6906390	Ecco io volevo chiedere al Presidente
6908290	6912110	che cosa, se è possibile soprattutto in Italia
6912770	6914610	attuare in tempi ragionevoli
6914610	6919150	una strategia che ci mette a riparo dai futuri danni
6919150	6920730	di un calo demografico
6920730	6923630	in uno stato invece in cui la spesa sociale
6923630	6925610	continua ancora ad essere molto alta
6925610	6928530	tra l'altro tra le giovani generazioni io non so se c'è ancora
6928530	6930530	una coscienza generazionale tale
6931930	6934830	della sfida che noi abbiamo davanti
6934830	6937430	è un problema anche quello del nostro rapporto
6937430	6938650	con il sindacato
6938650	6941130	un sindacato che difende soprattutto
6942030	6944610	le fasce di lavoratori garantiti
6944610	6946550	quello a tempo indeterminato
6946550	6951370	è nota anche la forza delle organizzazioni sindacali
6951370	6952970	dei pensionati
6952970	6955290	mentre invece il mondo del lavoro giovanile
6955290	6956610	è sempre più flessibile
6958430	6961410	è vero che è più dinamico ma è anche più incerto
6961410	6964590	quindi c'è una divaricazione importante
6964590	6967290	tra due mondi che sono poi difficilmente comunicabili
6967950	6969950	per cui si crea un blocco
6971050	6973290	anche al progresso sociale delle giovani generazioni
6974670	6976910	mentre dall'altro lato c'è una spesa
6976910	6978550	futura di previdenza sociale
6979290	6981190	che graverà proprio su queste generazioni
6981190	6983350	in maniera particolarmente gravosa
6983350	6987510	quindi io questo volevo chiedere al Presidente Amato
6987510	6990610	innanzitutto quale progetto per l'Italia
6990610	6994810	per tenere in piedi questi due
6994810	6996190	obiettivi prioritari
6997030	7000630	e poi se affianco a un progetto politico riformista
7000630	7002190	secondo lui è possibile incontrare
7003110	7006710	anche il progetto e la strategia di un sindacato riformista
7006710	7008570	che risponda
7008570	7012090	dal punto di vista degli interessi dei lavoratori
7012090	7014570	alle stesse esigenze e allo stesso progetto
7018430	7020570	Sono Paola Balducci, faccio una domanda
7021430	7023490	brevissima ma un po' diversa
7023490	7026890	abbiamo parlato ieri di sicurezza, faccio una domanda
7026890	7029990	a Giuliano Amato del quale sono un'estimatrice
7029990	7032050	mi ricordo il suo libro Individuo e Autorità
7032050	7035630	è uno dei libri che ho usato tanto tempo fa
7035630	7037430	per un mio lavoro universitario
7037430	7040210	problema della Europa e della cooperazione
7040210	7041830	in materia giudiziaria
7041830	7044950	io noto con preoccupazione che mentre
7044950	7049270	in materia di prevenzione dei reati etc
7049270	7051670	la cooperazione è efficace
7051670	7054570	potrebbe diventare invece molto pericolosa
7054570	7055830	questa cooperazione
7055830	7061190	se non vi sia un limite di diritti
7061190	7063570	che valgono per tutti gli ordinamenti
7063570	7067430	e faccio riferimento alla Carta Costituzionale
7067430	7070830	all'articolo 111 della Costituzione del giusto processo
7070830	7072770	la domanda è questa
7072770	7074410	una è una considerazione
7074410	7076590	si è parlato spesso anche a sproposito
7076590	7079110	a mio avviso del mandato di cattura europeo
7079110	7081710	io mi domando come sia possibile
7081710	7085110	e anche noi del centrosinistra non guardiamo con attenzione
7085110	7086930	a questi problemi quando
7086930	7089210	con l'inserimento anche di nuovi paesi
7089210	7092110	che sicuramente non hanno gli stessi diritti
7092110	7094610	a livello processuale parlo dell'Italia
7094610	7097450	ma come parlo dei paesi come l'Inghilterra di Commollot
7097450	7100230	noi potremo avere degli italiani che possono essere
7100230	7103230	sottoposti a misura cautelare anche per reati
7103230	7105710	che non sono quelli previsti dal nostro ordinamento
7105710	7109570	ad esempio reati commessi dai minori degli anni 18
7109570	7113570	in Italia noi sappiamo che si è una soglia di tolleranza
7113570	7115570	perché vi è prima la imputabilità
7118850	7120070	prima di 14 anni
7120070	7122010	in altri ordinamenti non è così
7122010	7124430	quindi la mia domanda brevissima è questa
7124430	7127570	non pensiamo che se non creiamo un'armonizzazione
7128130	7130410	a livello giudiziario degli Stati
7130410	7134490	quindi un processo penale uguale per tutti gli ordinamenti
7134490	7136570	rischiamo di rinunciare alle nostre garanzie
7136770	7139750	che abbiamo conquistato dopo tanti anni
7139750	7142530	anche di battaglia anche a livello costituzionale
7142530	7145890	ripeto ultimo il 111 della Costituzione
7153490	7157250	io ho accolto nel suo intervento onorevole Amato
7157250	7160730	il sogno e il progetto della costruzione europea
7160730	7163750	credo anche che la Costituzione sia
7163750	7165770	un punto importante, un passaggio importante
7167530	7169030	bisogna però riconoscere
7169030	7171070	lo riconosceva anche l'onorevole Talema
7171070	7173250	nell'intervento che ha fatto l'altro ieri
7173250	7175770	che un eventuale referendum sulla Costituzione
7175770	7178470	sarebbe un grosso rischio perché l'opinione pubblica
7178470	7182570	è molto distante da questo dibattito e da questi temi
7182570	7185870	io penso che questo sia un problema che dobbiamo porci
7185870	7189350	ad esempio quel po' di dibattito pubblico
7189350	7190790	che c'è stato sulla questione Europa
7190790	7193830	ma è stato in larga parte sul fatto delle radici cristiane
7193830	7196850	ora non voglio discutere su questo punto
7196850	7199250	anche se credo sia un punto di una certa importanza
7199250	7202370	ma sul fatto che a questa Europa
7202370	7206150	per farla vivere in modo diverso all'opinione pubblica
7206150	7209190	vada data un'anima, vada associato
7209190	7211710	a un discorso più forte di quello che attualmente
7211710	7214490	vi è associato che riguarda sostanzialmente
7214490	7216970	un'economia abbastanza complessa
7216970	7221730	e delle istituzioni, una certa alchimia istituzionale
7221730	7223190	non molto ben definita
7223190	7226330	ora è chiaro che se su questo non si riesce a trovare
7226330	7229130	un punto di incontro tra gli Stati
7229130	7231950	e quindi non si riesce a creare una figura autoritaria
7231950	7235030	di autorità che parli per l'Europa
7235030	7237510	credo che però si debba trovare una figura autorevole
7237510	7240670	che parli per l'Europa e in questo che elabori
7240670	7243290	quei messaggi semplificati, quelle parole d'ordine
7243290	7246290	che spieghino la posizione a livello europeo
7248430	7250870	ai cittadini forse anche più distanti
7250870	7251810	dalla politica
7251810	7253750	in questo credo dovrebbe giocare
7253750	7258490	se c'è un ruolo importante il Partito Socialista Europeo
