politician,filepath,negativity_score,hate_score,n_tokens
fanfani,/home/mhetac/Documents/GitHub/crossdem/datasets/prime_ministers/fanfani/csv_out/10501_fanfani_s2t.csv,1.5775981068822718,18.181818181818183,5071
fanfani,/home/mhetac/Documents/GitHub/crossdem/datasets/prime_ministers/fanfani/csv_out/11487_fanfani_s2t.csv,3.058103975535168,0.0,981
fanfani,/home/mhetac/Documents/GitHub/crossdem/datasets/prime_ministers/fanfani/csv_out/11920_fanfani_s2t.csv,5.093378607809847,0.0,589
fanfani,/home/mhetac/Documents/GitHub/crossdem/datasets/prime_ministers/fanfani/csv_out/15568_fanfani_s2t.csv,2.1528525296017222,0.0,2787
fanfani,/home/mhetac/Documents/GitHub/crossdem/datasets/prime_ministers/fanfani/csv_out/20785_fanfani_s2t.csv,2.070393374741201,0.0,966
fanfani,/home/mhetac/Documents/GitHub/crossdem/datasets/prime_ministers/fanfani/csv_out/30889_fanfani_s2t.csv,5.574136008918618,0.0,897
fanfani,/home/mhetac/Documents/GitHub/crossdem/datasets/prime_ministers/fanfani/csv_out/30890_fanfani_s2t.csv,0.0,0.0,703
fanfani,/home/mhetac/Documents/GitHub/crossdem/datasets/prime_ministers/fanfani/csv_out/30891_fanfani_s2t.csv,0.0,0.0,591
fanfani,/home/mhetac/Documents/GitHub/crossdem/datasets/prime_ministers/fanfani/csv_out/30892_fanfani_s2t.csv,0.0,0.0,635
fanfani,/home/mhetac/Documents/GitHub/crossdem/datasets/prime_ministers/fanfani/csv_out/30893_fanfani_s2t.csv,1.9120458891013383,0.0,523
fanfani,/home/mhetac/Documents/GitHub/crossdem/datasets/prime_ministers/fanfani/csv_out/33836_fanfani_s2t.csv,1.2878300064391501,0.0,1553
fanfani,/home/mhetac/Documents/GitHub/crossdem/datasets/prime_ministers/fanfani/csv_out/37338_fanfani_s2t.csv,1.2302284710017575,0.0,5690
fanfani,/home/mhetac/Documents/GitHub/crossdem/datasets/prime_ministers/fanfani/csv_out/41372_fanfani_s2t.csv,3.5460992907801416,0.0,1128
fanfani,/home/mhetac/Documents/GitHub/crossdem/datasets/prime_ministers/fanfani/csv_out/43012_fanfani_s2t.csv,2.1881838074398248,0.0,1371
fanfani,/home/mhetac/Documents/GitHub/crossdem/datasets/prime_ministers/fanfani/csv_out/43018_fanfani_s2t.csv,0.0,0.0,178
fanfani,/home/mhetac/Documents/GitHub/crossdem/datasets/prime_ministers/fanfani/csv_out/44369_fanfani_s2t.csv,0.0,0.0,453
fanfani,/home/mhetac/Documents/GitHub/crossdem/datasets/prime_ministers/fanfani/csv_out/46078_fanfani_s2t.csv,0.0,0.0,461
fanfani,/home/mhetac/Documents/GitHub/crossdem/datasets/prime_ministers/fanfani/csv_out/55884_fanfani_s2t.csv,4.219409282700422,0.0,948
fanfani,/home/mhetac/Documents/GitHub/crossdem/datasets/prime_ministers/fanfani/csv_out/57501_fanfani_s2t.csv,2.271866717152594,0.0,2641
fanfani,/home/mhetac/Documents/GitHub/crossdem/datasets/prime_ministers/fanfani/csv_out/58768_fanfani_s2t.csv,0.6329113924050633,0.0,1580
fanfani,/home/mhetac/Documents/GitHub/crossdem/datasets/prime_ministers/fanfani/csv_out/75293_fanfani_s2t.csv,0.0,0.0,60
leone,/home/mhetac/Documents/GitHub/crossdem/datasets/prime_ministers/leone/csv_out/234445_leone_s2t.csv,1.0266940451745379,0.0,974
leone,/home/mhetac/Documents/GitHub/crossdem/datasets/prime_ministers/leone/csv_out/159702_leone_s2t.csv,2.6525198938992043,0.0,1508
leone,/home/mhetac/Documents/GitHub/crossdem/datasets/prime_ministers/leone/csv_out/87915_leone_s2t.csv,3.8058991436726926,0.0,1051
leone,/home/mhetac/Documents/GitHub/crossdem/datasets/prime_ministers/leone/csv_out/28894_leone_s2t.csv,0.0,0.0,3191
leone,/home/mhetac/Documents/GitHub/crossdem/datasets/prime_ministers/leone/csv_out/100384_leone_s2t.csv,0.0,0.0,86
leone,/home/mhetac/Documents/GitHub/crossdem/datasets/prime_ministers/leone/csv_out/21114_leone_s2t.csv,1.6849199663016006,0.0,1187
leone,/home/mhetac/Documents/GitHub/crossdem/datasets/prime_ministers/leone/csv_out/132443_leone_s2t.csv,2.1645021645021645,0.0,924
rumor,/home/mhetac/Documents/GitHub/crossdem/datasets/prime_ministers/rumor/csv_out/58767_rumor_s2t.csv,1.2468827930174564,0.0,1604
rumor,/home/mhetac/Documents/GitHub/crossdem/datasets/prime_ministers/rumor/csv_out/24562_rumor_s2t.csv,1.0430247718383312,0.0,3835
rumor,/home/mhetac/Documents/GitHub/crossdem/datasets/prime_ministers/rumor/csv_out/58731_rumor_s2t.csv,0.0,0.0,2100
rumor,/home/mhetac/Documents/GitHub/crossdem/datasets/prime_ministers/rumor/csv_out/30891_rumor_s2t.csv,0.0,0.0,2442
rumor,/home/mhetac/Documents/GitHub/crossdem/datasets/prime_ministers/rumor/csv_out/58759_rumor_s2t.csv,0.0,0.0,253
colombo,/home/mhetac/Documents/GitHub/crossdem/datasets/prime_ministers/colombo/csv_out/8780_colombo_s2t.csv,5.305039787798409,0.0,3393
andreotti,/home/mhetac/Documents/GitHub/crossdem/datasets/prime_ministers/andreotti/csv_out/247065_andreotti_s2t.csv,1.941747572815534,0.0,2060
andreotti,/home/mhetac/Documents/GitHub/crossdem/datasets/prime_ministers/andreotti/csv_out/249051_andreotti_s2t.csv,1.2406947890818858,0.0,806
andreotti,/home/mhetac/Documents/GitHub/crossdem/datasets/prime_ministers/andreotti/csv_out/249386_andreotti_s2t.csv,0.6506180871828237,0.0,1537
andreotti,/home/mhetac/Documents/GitHub/crossdem/datasets/prime_ministers/andreotti/csv_out/249397_andreotti_s2t.csv,0.45475216007276037,0.0,2199
andreotti,/home/mhetac/Documents/GitHub/crossdem/datasets/prime_ministers/andreotti/csv_out/250623_andreotti_s2t.csv,0.8650519031141869,0.0,1156
andreotti,/home/mhetac/Documents/GitHub/crossdem/datasets/prime_ministers/andreotti/csv_out/252235_andreotti_s2t.csv,0.6591957811470006,0.0,1517
andreotti,/home/mhetac/Documents/GitHub/crossdem/datasets/prime_ministers/andreotti/csv_out/254832_andreotti_s2t.csv,2.454590083456063,0.0,4074
andreotti,/home/mhetac/Documents/GitHub/crossdem/datasets/prime_ministers/andreotti/csv_out/255306_andreotti_s2t.csv,0.4784688995215311,0.0,2090
andreotti,/home/mhetac/Documents/GitHub/crossdem/datasets/prime_ministers/andreotti/csv_out/255654_andreotti_s2t.csv,3.2206119162640903,0.0,1863
andreotti,/home/mhetac/Documents/GitHub/crossdem/datasets/prime_ministers/andreotti/csv_out/255701_andreotti_s2t.csv,4.769475357710652,0.0,629
andreotti,/home/mhetac/Documents/GitHub/crossdem/datasets/prime_ministers/andreotti/csv_out/256085_andreotti_s2t.csv,0.22727272727272727,0.0,4400
andreotti,/home/mhetac/Documents/GitHub/crossdem/datasets/prime_ministers/andreotti/csv_out/260964_andreotti_s2t.csv,0.0,0.0,983
andreotti,/home/mhetac/Documents/GitHub/crossdem/datasets/prime_ministers/andreotti/csv_out/265208_andreotti_s2t.csv,0.0,0.0,1993
andreotti,/home/mhetac/Documents/GitHub/crossdem/datasets/prime_ministers/andreotti/csv_out/265674_andreotti_s2t.csv,2.0161290322580645,0.0,496
andreotti,/home/mhetac/Documents/GitHub/crossdem/datasets/prime_ministers/andreotti/csv_out/267194_andreotti_s2t.csv,0.6749915626054674,0.0,2963
andreotti,/home/mhetac/Documents/GitHub/crossdem/datasets/prime_ministers/andreotti/csv_out/271950_andreotti_s2t.csv,0.0,0.0,1552
andreotti,/home/mhetac/Documents/GitHub/crossdem/datasets/prime_ministers/andreotti/csv_out/278642_andreotti_s2t.csv,2.277904328018223,0.0,439
andreotti,/home/mhetac/Documents/GitHub/crossdem/datasets/prime_ministers/andreotti/csv_out/241494_andreotti_s2t.csv,0.0,0.0,2130
andreotti,/home/mhetac/Documents/GitHub/crossdem/datasets/prime_ministers/andreotti/csv_out/240521_andreotti_s2t.csv,0.0,0.0,433
andreotti,/home/mhetac/Documents/GitHub/crossdem/datasets/prime_ministers/andreotti/csv_out/240432_andreotti_s2t.csv,1.129305477131564,0.0,1771
andreotti,/home/mhetac/Documents/GitHub/crossdem/datasets/prime_ministers/andreotti/csv_out/239134_andreotti_s2t.csv,0.4092490280335584,0.0,4887
andreotti,/home/mhetac/Documents/GitHub/crossdem/datasets/prime_ministers/andreotti/csv_out/229465_andreotti_s2t.csv,3.6014405762304924,0.0,833
andreotti,/home/mhetac/Documents/GitHub/crossdem/datasets/prime_ministers/andreotti/csv_out/229325_andreotti_s2t.csv,1.845018450184502,0.0,1626
andreotti,/home/mhetac/Documents/GitHub/crossdem/datasets/prime_ministers/andreotti/csv_out/227650_andreotti_s2t.csv,1.550387596899225,0.0,2580
andreotti,/home/mhetac/Documents/GitHub/crossdem/datasets/prime_ministers/andreotti/csv_out/226911_andreotti_s2t.csv,0.42735042735042733,0.0,2340
andreotti,/home/mhetac/Documents/GitHub/crossdem/datasets/prime_ministers/andreotti/csv_out/225439_andreotti_s2t.csv,0.0,0.0,705
andreotti,/home/mhetac/Documents/GitHub/crossdem/datasets/prime_ministers/andreotti/csv_out/225350_andreotti_s2t.csv,1.0007505629221916,0.0,3997
andreotti,/home/mhetac/Documents/GitHub/crossdem/datasets/prime_ministers/andreotti/csv_out/225284_andreotti_s2t.csv,5.689900426742532,0.0,1406
andreotti,/home/mhetac/Documents/GitHub/crossdem/datasets/prime_ministers/andreotti/csv_out/224496_andreotti_s2t.csv,6.171610591280111,0.0,5023
andreotti,/home/mhetac/Documents/GitHub/crossdem/datasets/prime_ministers/andreotti/csv_out/223266_andreotti_s2t.csv,2.202643171806167,0.0,454
andreotti,/home/mhetac/Documents/GitHub/crossdem/datasets/prime_ministers/andreotti/csv_out/222448_andreotti_s2t.csv,0.0,0.0,2610
andreotti,/home/mhetac/Documents/GitHub/crossdem/datasets/prime_ministers/andreotti/csv_out/221306_andreotti_s2t.csv,0.3927729772191673,0.0,2546
andreotti,/home/mhetac/Documents/GitHub/crossdem/datasets/prime_ministers/andreotti/csv_out/220621_andreotti_s2t.csv,2.7816411682892905,0.0,719
andreotti,/home/mhetac/Documents/GitHub/crossdem/datasets/prime_ministers/andreotti/csv_out/219747_andreotti_s2t.csv,1.8518518518518519,0.0,1620
andreotti,/home/mhetac/Documents/GitHub/crossdem/datasets/prime_ministers/andreotti/csv_out/219471_andreotti_s2t.csv,2.0784619381657574,0.0,3849
andreotti,/home/mhetac/Documents/GitHub/crossdem/datasets/prime_ministers/andreotti/csv_out/217965_andreotti_s2t.csv,0.5561735261401557,0.0,5394
andreotti,/home/mhetac/Documents/GitHub/crossdem/datasets/prime_ministers/andreotti/csv_out/217536_andreotti_s2t.csv,1.4398848092152627,0.0,1389
andreotti,/home/mhetac/Documents/GitHub/crossdem/datasets/prime_ministers/andreotti/csv_out/213806_andreotti_s2t.csv,1.9412090959511925,0.0,3606
andreotti,/home/mhetac/Documents/GitHub/crossdem/datasets/prime_ministers/andreotti/csv_out/212754_andreotti_s2t.csv,2.043944813490036,8.620689655172415,5871
andreotti,/home/mhetac/Documents/GitHub/crossdem/datasets/prime_ministers/andreotti/csv_out/211199_andreotti_s2t.csv,1.2535255405828893,0.0,3191
andreotti,/home/mhetac/Documents/GitHub/crossdem/datasets/prime_ministers/andreotti/csv_out/204643_andreotti_s2t.csv,0.0,0.0,849
andreotti,/home/mhetac/Documents/GitHub/crossdem/datasets/prime_ministers/andreotti/csv_out/203057_andreotti_s2t.csv,1.8136160714285714,55.55555555555556,7168
andreotti,/home/mhetac/Documents/GitHub/crossdem/datasets/prime_ministers/andreotti/csv_out/225663_andreotti_s2t.csv,2.2988505747126435,0.0,1305
andreotti,/home/mhetac/Documents/GitHub/crossdem/datasets/prime_ministers/andreotti/csv_out/225646_andreotti_s2t.csv,2.383134738771769,0.0,5455
andreotti,/home/mhetac/Documents/GitHub/crossdem/datasets/prime_ministers/andreotti/csv_out/200813_andreotti_s2t.csv,1.996007984031936,0.0,501
andreotti,/home/mhetac/Documents/GitHub/crossdem/datasets/prime_ministers/andreotti/csv_out/200230_andreotti_s2t.csv,1.538303763716542,6.896551724137931,9751
andreotti,/home/mhetac/Documents/GitHub/crossdem/datasets/prime_ministers/andreotti/csv_out/199242_andreotti_s2t.csv,2.077673006233019,0.0,6257
andreotti,/home/mhetac/Documents/GitHub/crossdem/datasets/prime_ministers/andreotti/csv_out/232608_andreotti_s2t.csv,0.0,0.0,1152
andreotti,/home/mhetac/Documents/GitHub/crossdem/datasets/prime_ministers/andreotti/csv_out/237875_andreotti_s2t.csv,1.254508389524855,0.0,6377
andreotti,/home/mhetac/Documents/GitHub/crossdem/datasets/prime_ministers/andreotti/csv_out/232615_andreotti_s2t.csv,0.0,0.0,1765
andreotti,/home/mhetac/Documents/GitHub/crossdem/datasets/prime_ministers/andreotti/csv_out/233070_andreotti_s2t.csv,2.5945144551519643,0.0,2698
andreotti,/home/mhetac/Documents/GitHub/crossdem/datasets/prime_ministers/andreotti/csv_out/230153_andreotti_s2t.csv,0.5889281507656066,0.0,1698
andreotti,/home/mhetac/Documents/GitHub/crossdem/datasets/prime_ministers/andreotti/csv_out/228174_andreotti_s2t.csv,0.39619651347068147,0.0,2524
andreotti,/home/mhetac/Documents/GitHub/crossdem/datasets/prime_ministers/andreotti/csv_out/227178_andreotti_s2t.csv,1.2224938875305624,0.0,1636
andreotti,/home/mhetac/Documents/GitHub/crossdem/datasets/prime_ministers/andreotti/csv_out/243802_andreotti_s2t.csv,0.0,0.0,369
andreotti,/home/mhetac/Documents/GitHub/crossdem/datasets/prime_ministers/andreotti/csv_out/221262_andreotti_s2t.csv,0.8410428931875525,0.0,2378
andreotti,/home/mhetac/Documents/GitHub/crossdem/datasets/prime_ministers/andreotti/csv_out/222707_andreotti_s2t.csv,0.5022601707684581,0.0,1991
andreotti,/home/mhetac/Documents/GitHub/crossdem/datasets/prime_ministers/andreotti/csv_out/222795_andreotti_s2t.csv,0.0,0.0,2402
andreotti,/home/mhetac/Documents/GitHub/crossdem/datasets/prime_ministers/andreotti/csv_out/218883_andreotti_s2t.csv,0.0,0.0,225
andreotti,/home/mhetac/Documents/GitHub/crossdem/datasets/prime_ministers/andreotti/csv_out/217574_andreotti_s2t.csv,2.660989888238425,0.0,1879
andreotti,/home/mhetac/Documents/GitHub/crossdem/datasets/prime_ministers/andreotti/csv_out/215096_andreotti_s2t.csv,1.8738288569643973,0.0,3202
andreotti,/home/mhetac/Documents/GitHub/crossdem/datasets/prime_ministers/andreotti/csv_out/245886_andreotti_s2t.csv,3.0840400925212026,1000.0,3891
andreotti,/home/mhetac/Documents/GitHub/crossdem/datasets/prime_ministers/andreotti/csv_out/208863_andreotti_s2t.csv,1.079913606911447,0.0,1852
andreotti,/home/mhetac/Documents/GitHub/crossdem/datasets/prime_ministers/andreotti/csv_out/218954_andreotti_s2t.csv,2.2085653927405415,0.0,10414
andreotti,/home/mhetac/Documents/GitHub/crossdem/datasets/prime_ministers/andreotti/csv_out/163632_andreotti_s2t.csv,1.8572565667285752,0.0,3769
andreotti,/home/mhetac/Documents/GitHub/crossdem/datasets/prime_ministers/andreotti/csv_out/218752_andreotti_s2t.csv,2.6954177897574123,0.0,1484
andreotti,/home/mhetac/Documents/GitHub/crossdem/datasets/prime_ministers/andreotti/csv_out/163029_andreotti_s2t.csv,2.4989587671803415,0.0,2401
andreotti,/home/mhetac/Documents/GitHub/crossdem/datasets/prime_ministers/andreotti/csv_out/201615_andreotti_s2t.csv,1.215953307392996,0.0,4112
andreotti,/home/mhetac/Documents/GitHub/crossdem/datasets/prime_ministers/andreotti/csv_out/196893_andreotti_s2t.csv,1.8543046357615893,0.0,3775
andreotti,/home/mhetac/Documents/GitHub/crossdem/datasets/prime_ministers/andreotti/csv_out/196122_andreotti_s2t.csv,2.5725836089672915,0.0,2721
andreotti,/home/mhetac/Documents/GitHub/crossdem/datasets/prime_ministers/andreotti/csv_out/196918_andreotti_s2t.csv,0.0,0.0,1338
andreotti,/home/mhetac/Documents/GitHub/crossdem/datasets/prime_ministers/andreotti/csv_out/194436_andreotti_s2t.csv,0.8181074447777474,0.0,3667
andreotti,/home/mhetac/Documents/GitHub/crossdem/datasets/prime_ministers/andreotti/csv_out/195797_andreotti_s2t.csv,0.38138825324180015,0.0,2622
andreotti,/home/mhetac/Documents/GitHub/crossdem/datasets/prime_ministers/andreotti/csv_out/194932_andreotti_s2t.csv,0.6811989100817438,0.0,1468
andreotti,/home/mhetac/Documents/GitHub/crossdem/datasets/prime_ministers/andreotti/csv_out/193812_andreotti_s2t.csv,0.6432936635574139,0.0,3109
andreotti,/home/mhetac/Documents/GitHub/crossdem/datasets/prime_ministers/andreotti/csv_out/193916_andreotti_s2t.csv,6.74237047551455,8.547008547008547,2818
andreotti,/home/mhetac/Documents/GitHub/crossdem/datasets/prime_ministers/andreotti/csv_out/163081_andreotti_s2t.csv,0.4075810067250866,0.0,4907
andreotti,/home/mhetac/Documents/GitHub/crossdem/datasets/prime_ministers/andreotti/csv_out/164497_andreotti_s2t.csv,3.3376599295382903,0.0,5393
andreotti,/home/mhetac/Documents/GitHub/crossdem/datasets/prime_ministers/andreotti/csv_out/161195_andreotti_s2t.csv,1.8550007729169886,0.0,6469
andreotti,/home/mhetac/Documents/GitHub/crossdem/datasets/prime_ministers/andreotti/csv_out/162667_andreotti_s2t.csv,6.502554575011612,0.0,4306
andreotti,/home/mhetac/Documents/GitHub/crossdem/datasets/prime_ministers/andreotti/csv_out/162451_andreotti_s2t.csv,1.0136113524471475,0.0,6906
andreotti,/home/mhetac/Documents/GitHub/crossdem/datasets/prime_ministers/andreotti/csv_out/162450_andreotti_s2t.csv,1.3572204125950054,68.96551724137932,3684
andreotti,/home/mhetac/Documents/GitHub/crossdem/datasets/prime_ministers/andreotti/csv_out/162405_andreotti_s2t.csv,0.7581501137225171,0.0,1319
andreotti,/home/mhetac/Documents/GitHub/crossdem/datasets/prime_ministers/andreotti/csv_out/160023_andreotti_s2t.csv,2.771264122788318,0.0,4691
andreotti,/home/mhetac/Documents/GitHub/crossdem/datasets/prime_ministers/andreotti/csv_out/161977_andreotti_s2t.csv,5.002501250625313,0.0,1999
andreotti,/home/mhetac/Documents/GitHub/crossdem/datasets/prime_ministers/andreotti/csv_out/160979_andreotti_s2t.csv,1.5379883112888342,0.0,3251
andreotti,/home/mhetac/Documents/GitHub/crossdem/datasets/prime_ministers/andreotti/csv_out/159004_andreotti_s2t.csv,4.914004914004914,0.0,814
andreotti,/home/mhetac/Documents/GitHub/crossdem/datasets/prime_ministers/andreotti/csv_out/160638_andreotti_s2t.csv,2.2183879714074437,0.0,4057
andreotti,/home/mhetac/Documents/GitHub/crossdem/datasets/prime_ministers/andreotti/csv_out/160972_andreotti_s2t.csv,0.5595188138201147,0.0,7149
andreotti,/home/mhetac/Documents/GitHub/crossdem/datasets/prime_ministers/andreotti/csv_out/158594_andreotti_s2t.csv,1.8599932363882312,0.0,5914
andreotti,/home/mhetac/Documents/GitHub/crossdem/datasets/prime_ministers/andreotti/csv_out/154323_andreotti_s2t.csv,0.9926543577526306,0.0,5037
andreotti,/home/mhetac/Documents/GitHub/crossdem/datasets/prime_ministers/andreotti/csv_out/153830_andreotti_s2t.csv,1.188707280832095,0.0,3365
andreotti,/home/mhetac/Documents/GitHub/crossdem/datasets/prime_ministers/andreotti/csv_out/156641_andreotti_s2t.csv,1.3382402141184342,0.0,2989
andreotti,/home/mhetac/Documents/GitHub/crossdem/datasets/prime_ministers/andreotti/csv_out/154037_andreotti_s2t.csv,1.5360983102918586,0.0,2604
andreotti,/home/mhetac/Documents/GitHub/crossdem/datasets/prime_ministers/andreotti/csv_out/155848_andreotti_s2t.csv,2.5118615685180017,0.0,3583
andreotti,/home/mhetac/Documents/GitHub/crossdem/datasets/prime_ministers/andreotti/csv_out/153810_andreotti_s2t.csv,3.210741389375365,0.0,3426
andreotti,/home/mhetac/Documents/GitHub/crossdem/datasets/prime_ministers/andreotti/csv_out/154266_andreotti_s2t.csv,1.009421265141319,0.0,2972
andreotti,/home/mhetac/Documents/GitHub/crossdem/datasets/prime_ministers/andreotti/csv_out/153630_andreotti_s2t.csv,2.4896265560165975,0.0,1205
andreotti,/home/mhetac/Documents/GitHub/crossdem/datasets/prime_ministers/andreotti/csv_out/154094_andreotti_s2t.csv,2.304147465437788,0.0,434
andreotti,/home/mhetac/Documents/GitHub/crossdem/datasets/prime_ministers/andreotti/csv_out/152925_andreotti_s2t.csv,6.20821394460363,0.0,2094
andreotti,/home/mhetac/Documents/GitHub/crossdem/datasets/prime_ministers/andreotti/csv_out/152789_andreotti_s2t.csv,7.204610951008646,0.0,694
andreotti,/home/mhetac/Documents/GitHub/crossdem/datasets/prime_ministers/andreotti/csv_out/152010_andreotti_s2t.csv,1.5028554253080855,16.949152542372882,6654
andreotti,/home/mhetac/Documents/GitHub/crossdem/datasets/prime_ministers/andreotti/csv_out/151766_andreotti_s2t.csv,2.1516054286660045,2.4691358024691357,12084
andreotti,/home/mhetac/Documents/GitHub/crossdem/datasets/prime_ministers/andreotti/csv_out/150839_andreotti_s2t.csv,0.0,0.0,200
andreotti,/home/mhetac/Documents/GitHub/crossdem/datasets/prime_ministers/andreotti/csv_out/155179_andreotti_s2t.csv,1.828710758914965,0.0,3281
andreotti,/home/mhetac/Documents/GitHub/crossdem/datasets/prime_ministers/andreotti/csv_out/151686_andreotti_s2t.csv,3.4762456546929315,0.0,2589
andreotti,/home/mhetac/Documents/GitHub/crossdem/datasets/prime_ministers/andreotti/csv_out/150576_andreotti_s2t.csv,2.310135720473578,0.0,3463
andreotti,/home/mhetac/Documents/GitHub/crossdem/datasets/prime_ministers/andreotti/csv_out/149574_andreotti_s2t.csv,6.695069993913573,0.0,1643
andreotti,/home/mhetac/Documents/GitHub/crossdem/datasets/prime_ministers/andreotti/csv_out/148146_andreotti_s2t.csv,0.0,0.0,2756
andreotti,/home/mhetac/Documents/GitHub/crossdem/datasets/prime_ministers/andreotti/csv_out/147383_andreotti_s2t.csv,4.2680324370465215,0.0,4686
andreotti,/home/mhetac/Documents/GitHub/crossdem/datasets/prime_ministers/andreotti/csv_out/148546_andreotti_s2t.csv,0.0,0.0,295
andreotti,/home/mhetac/Documents/GitHub/crossdem/datasets/prime_ministers/andreotti/csv_out/143395_andreotti_s2t.csv,1.4792899408284024,0.0,3380
andreotti,/home/mhetac/Documents/GitHub/crossdem/datasets/prime_ministers/andreotti/csv_out/143152_andreotti_s2t.csv,0.5694760820045558,0.0,1756
andreotti,/home/mhetac/Documents/GitHub/crossdem/datasets/prime_ministers/andreotti/csv_out/147924_andreotti_s2t.csv,0.0,0.0,153
andreotti,/home/mhetac/Documents/GitHub/crossdem/datasets/prime_ministers/andreotti/csv_out/144992_andreotti_s2t.csv,5.929363237947925,0.0,3879
andreotti,/home/mhetac/Documents/GitHub/crossdem/datasets/prime_ministers/andreotti/csv_out/147494_andreotti_s2t.csv,0.6116207951070336,0.0,1635
andreotti,/home/mhetac/Documents/GitHub/crossdem/datasets/prime_ministers/andreotti/csv_out/146932_andreotti_s2t.csv,3.360215053763441,0.0,1488
andreotti,/home/mhetac/Documents/GitHub/crossdem/datasets/prime_ministers/andreotti/csv_out/147138_andreotti_s2t.csv,2.4345709068776626,0.0,1643
andreotti,/home/mhetac/Documents/GitHub/crossdem/datasets/prime_ministers/andreotti/csv_out/139709_andreotti_s2t.csv,1.0790396547073104,0.0,3707
andreotti,/home/mhetac/Documents/GitHub/crossdem/datasets/prime_ministers/andreotti/csv_out/146347_andreotti_s2t.csv,1.9925989183034443,166.66666666666666,3513
andreotti,/home/mhetac/Documents/GitHub/crossdem/datasets/prime_ministers/andreotti/csv_out/150112_andreotti_s2t.csv,1.7022886324947986,0.0,5287
andreotti,/home/mhetac/Documents/GitHub/crossdem/datasets/prime_ministers/andreotti/csv_out/143886_andreotti_s2t.csv,4.172461752433936,0.0,2876
andreotti,/home/mhetac/Documents/GitHub/crossdem/datasets/prime_ministers/andreotti/csv_out/142110_andreotti_s2t.csv,4.322268326417704,0.0,11568
andreotti,/home/mhetac/Documents/GitHub/crossdem/datasets/prime_ministers/andreotti/csv_out/142111_andreotti_s2t.csv,9.178321678321678,0.0,2288
andreotti,/home/mhetac/Documents/GitHub/crossdem/datasets/prime_ministers/andreotti/csv_out/141738_andreotti_s2t.csv,0.3380662609871535,50.0,5916
andreotti,/home/mhetac/Documents/GitHub/crossdem/datasets/prime_ministers/andreotti/csv_out/137566_andreotti_s2t.csv,0.0,0.0,1577
andreotti,/home/mhetac/Documents/GitHub/crossdem/datasets/prime_ministers/andreotti/csv_out/137601_andreotti_s2t.csv,4.579077139837971,0.0,2839
andreotti,/home/mhetac/Documents/GitHub/crossdem/datasets/prime_ministers/andreotti/csv_out/133641_andreotti_s2t.csv,0.8077544426494345,0.0,1238
andreotti,/home/mhetac/Documents/GitHub/crossdem/datasets/prime_ministers/andreotti/csv_out/135962_andreotti_s2t.csv,3.286770747740345,0.0,3651
andreotti,/home/mhetac/Documents/GitHub/crossdem/datasets/prime_ministers/andreotti/csv_out/139273_andreotti_s2t.csv,0.6788866259334692,0.0,1473
andreotti,/home/mhetac/Documents/GitHub/crossdem/datasets/prime_ministers/andreotti/csv_out/137491_andreotti_s2t.csv,2.5523226135783563,0.0,1959
andreotti,/home/mhetac/Documents/GitHub/crossdem/datasets/prime_ministers/andreotti/csv_out/129790_andreotti_s2t.csv,1.314060446780552,0.0,2283
andreotti,/home/mhetac/Documents/GitHub/crossdem/datasets/prime_ministers/andreotti/csv_out/127281_andreotti_s2t.csv,3.2808398950131235,0.0,3048
andreotti,/home/mhetac/Documents/GitHub/crossdem/datasets/prime_ministers/andreotti/csv_out/135435_andreotti_s2t.csv,0.4043671653861706,250.0,4946
andreotti,/home/mhetac/Documents/GitHub/crossdem/datasets/prime_ministers/andreotti/csv_out/134106_andreotti_s2t.csv,2.4106066693451185,0.0,2489
andreotti,/home/mhetac/Documents/GitHub/crossdem/datasets/prime_ministers/andreotti/csv_out/125807_andreotti_s2t.csv,0.23207240659085634,0.0,4309
andreotti,/home/mhetac/Documents/GitHub/crossdem/datasets/prime_ministers/andreotti/csv_out/134737_andreotti_s2t.csv,0.0,0.0,419
andreotti,/home/mhetac/Documents/GitHub/crossdem/datasets/prime_ministers/andreotti/csv_out/124727_andreotti_s2t.csv,1.2825994014536126,0.0,2339
andreotti,/home/mhetac/Documents/GitHub/crossdem/datasets/prime_ministers/andreotti/csv_out/131447_andreotti_s2t.csv,0.0,0.0,1410
andreotti,/home/mhetac/Documents/GitHub/crossdem/datasets/prime_ministers/andreotti/csv_out/129788_andreotti_s2t.csv,5.631159080244017,16.129032258064516,2131
andreotti,/home/mhetac/Documents/GitHub/crossdem/datasets/prime_ministers/andreotti/csv_out/123323_andreotti_s2t.csv,2.0833333333333335,0.0,4320
andreotti,/home/mhetac/Documents/GitHub/crossdem/datasets/prime_ministers/andreotti/csv_out/123324_andreotti_s2t.csv,0.7060484819957638,0.0,4249
andreotti,/home/mhetac/Documents/GitHub/crossdem/datasets/prime_ministers/andreotti/csv_out/122565_andreotti_s2t.csv,2.117608731063691,0.0,6139
andreotti,/home/mhetac/Documents/GitHub/crossdem/datasets/prime_ministers/andreotti/csv_out/131098_andreotti_s2t.csv,1.4944491887275833,37.03703703703704,4684
andreotti,/home/mhetac/Documents/GitHub/crossdem/datasets/prime_ministers/andreotti/csv_out/121487_andreotti_s2t.csv,0.8174943797261394,71.42857142857143,4893
andreotti,/home/mhetac/Documents/GitHub/crossdem/datasets/prime_ministers/andreotti/csv_out/129427_andreotti_s2t.csv,0.0,0.0,441
andreotti,/home/mhetac/Documents/GitHub/crossdem/datasets/prime_ministers/andreotti/csv_out/120226_andreotti_s2t.csv,4.5696877380045695,0.0,1313
andreotti,/home/mhetac/Documents/GitHub/crossdem/datasets/prime_ministers/andreotti/csv_out/128578_andreotti_s2t.csv,2.3380874444704234,37.03703703703704,4277
andreotti,/home/mhetac/Documents/GitHub/crossdem/datasets/prime_ministers/andreotti/csv_out/118244_andreotti_s2t.csv,1.1961722488038278,0.0,836
andreotti,/home/mhetac/Documents/GitHub/crossdem/datasets/prime_ministers/andreotti/csv_out/128640_andreotti_s2t.csv,0.5564830272676683,0.0,1797
andreotti,/home/mhetac/Documents/GitHub/crossdem/datasets/prime_ministers/andreotti/csv_out/128945_andreotti_s2t.csv,1.128243700639338,0.0,2659
andreotti,/home/mhetac/Documents/GitHub/crossdem/datasets/prime_ministers/andreotti/csv_out/119625_andreotti_s2t.csv,3.6310820624546114,0.0,1377
andreotti,/home/mhetac/Documents/GitHub/crossdem/datasets/prime_ministers/andreotti/csv_out/122869_andreotti_s2t.csv,1.3183915622940012,0.0,3034
andreotti,/home/mhetac/Documents/GitHub/crossdem/datasets/prime_ministers/andreotti/csv_out/121077_andreotti_s2t.csv,1.0359116022099448,0.0,2896
andreotti,/home/mhetac/Documents/GitHub/crossdem/datasets/prime_ministers/andreotti/csv_out/122253_andreotti_s2t.csv,0.5050505050505051,0.0,1980
andreotti,/home/mhetac/Documents/GitHub/crossdem/datasets/prime_ministers/andreotti/csv_out/126346_andreotti_s2t.csv,1.5169574168382274,0.0,9229
andreotti,/home/mhetac/Documents/GitHub/crossdem/datasets/prime_ministers/andreotti/csv_out/115328_andreotti_s2t.csv,2.157497303128371,0.0,2781
andreotti,/home/mhetac/Documents/GitHub/crossdem/datasets/prime_ministers/andreotti/csv_out/113427_andreotti_s2t.csv,2.2874571101791843,142.85714285714286,5246
andreotti,/home/mhetac/Documents/GitHub/crossdem/datasets/prime_ministers/andreotti/csv_out/111316_andreotti_s2t.csv,1.5064778547755349,40.0,3319
andreotti,/home/mhetac/Documents/GitHub/crossdem/datasets/prime_ministers/andreotti/csv_out/113325_andreotti_s2t.csv,2.9403116730373418,0.0,3401
andreotti,/home/mhetac/Documents/GitHub/crossdem/datasets/prime_ministers/andreotti/csv_out/124450_andreotti_s2t.csv,1.6254289326350009,12.195121951219512,5537
andreotti,/home/mhetac/Documents/GitHub/crossdem/datasets/prime_ministers/andreotti/csv_out/113496_andreotti_s2t.csv,0.0,0.0,1854
andreotti,/home/mhetac/Documents/GitHub/crossdem/datasets/prime_ministers/andreotti/csv_out/113495_andreotti_s2t.csv,1.0621348911311737,0.0,1883
andreotti,/home/mhetac/Documents/GitHub/crossdem/datasets/prime_ministers/andreotti/csv_out/110192_andreotti_s2t.csv,0.0,0.0,1174
andreotti,/home/mhetac/Documents/GitHub/crossdem/datasets/prime_ministers/andreotti/csv_out/103995_andreotti_s2t.csv,0.8040739748056821,0.0,3731
andreotti,/home/mhetac/Documents/GitHub/crossdem/datasets/prime_ministers/andreotti/csv_out/103832_andreotti_s2t.csv,1.0621348911311737,0.0,1883
andreotti,/home/mhetac/Documents/GitHub/crossdem/datasets/prime_ministers/andreotti/csv_out/103871_andreotti_s2t.csv,0.0,0.0,1823
andreotti,/home/mhetac/Documents/GitHub/crossdem/datasets/prime_ministers/andreotti/csv_out/102232_andreotti_s2t.csv,2.0986358866736623,0.0,1906
andreotti,/home/mhetac/Documents/GitHub/crossdem/datasets/prime_ministers/andreotti/csv_out/107345_andreotti_s2t.csv,0.7299270072992701,0.0,1370
andreotti,/home/mhetac/Documents/GitHub/crossdem/datasets/prime_ministers/andreotti/csv_out/103804_andreotti_s2t.csv,1.0638297872340425,0.0,2820
andreotti,/home/mhetac/Documents/GitHub/crossdem/datasets/prime_ministers/andreotti/csv_out/103794_andreotti_s2t.csv,0.0,0.0,322
andreotti,/home/mhetac/Documents/GitHub/crossdem/datasets/prime_ministers/andreotti/csv_out/100817_andreotti_s2t.csv,0.889284126278346,0.0,2249
andreotti,/home/mhetac/Documents/GitHub/crossdem/datasets/prime_ministers/andreotti/csv_out/98345_andreotti_s2t.csv,0.20951183741881416,0.0,4773
andreotti,/home/mhetac/Documents/GitHub/crossdem/datasets/prime_ministers/andreotti/csv_out/95485_andreotti_s2t.csv,1.4930944382232176,0.0,8037
andreotti,/home/mhetac/Documents/GitHub/crossdem/datasets/prime_ministers/andreotti/csv_out/93055_andreotti_s2t.csv,1.589464123524069,0.0,4404
andreotti,/home/mhetac/Documents/GitHub/crossdem/datasets/prime_ministers/andreotti/csv_out/93491_andreotti_s2t.csv,0.37091988130563797,0.0,2696
andreotti,/home/mhetac/Documents/GitHub/crossdem/datasets/prime_ministers/andreotti/csv_out/90839_andreotti_s2t.csv,0.9541984732824428,0.0,2096
andreotti,/home/mhetac/Documents/GitHub/crossdem/datasets/prime_ministers/andreotti/csv_out/87100_andreotti_s2t.csv,0.44228217602830605,0.0,2261
andreotti,/home/mhetac/Documents/GitHub/crossdem/datasets/prime_ministers/andreotti/csv_out/75055_andreotti_s2t.csv,0.0,0.0,153
andreotti,/home/mhetac/Documents/GitHub/crossdem/datasets/prime_ministers/andreotti/csv_out/92750_andreotti_s2t.csv,0.9884678747940692,0.0,3035
andreotti,/home/mhetac/Documents/GitHub/crossdem/datasets/prime_ministers/andreotti/csv_out/72591_andreotti_s2t.csv,0.0,0.0,935
andreotti,/home/mhetac/Documents/GitHub/crossdem/datasets/prime_ministers/andreotti/csv_out/76286_andreotti_s2t.csv,1.5881418740074114,0.0,1889
andreotti,/home/mhetac/Documents/GitHub/crossdem/datasets/prime_ministers/andreotti/csv_out/72197_andreotti_s2t.csv,1.4450867052023122,0.0,692
andreotti,/home/mhetac/Documents/GitHub/crossdem/datasets/prime_ministers/andreotti/csv_out/54856_andreotti_s2t.csv,0.7741136398823347,0.0,6459
andreotti,/home/mhetac/Documents/GitHub/crossdem/datasets/prime_ministers/andreotti/csv_out/51072_andreotti_s2t.csv,3.5236081747709656,0.0,4257
andreotti,/home/mhetac/Documents/GitHub/crossdem/datasets/prime_ministers/andreotti/csv_out/48886_andreotti_s2t.csv,1.42673705236125,0.0,7009
andreotti,/home/mhetac/Documents/GitHub/crossdem/datasets/prime_ministers/andreotti/csv_out/49002_andreotti_s2t.csv,1.1514104778353482,0.0,3474
andreotti,/home/mhetac/Documents/GitHub/crossdem/datasets/prime_ministers/andreotti/csv_out/48954_andreotti_s2t.csv,0.9935419771485345,0.0,2013
andreotti,/home/mhetac/Documents/GitHub/crossdem/datasets/prime_ministers/andreotti/csv_out/46077_andreotti_s2t.csv,0.9487666034155597,0.0,1054
andreotti,/home/mhetac/Documents/GitHub/crossdem/datasets/prime_ministers/andreotti/csv_out/45370_andreotti_s2t.csv,1.1883541295306002,26.31578947368421,3366
andreotti,/home/mhetac/Documents/GitHub/crossdem/datasets/prime_ministers/andreotti/csv_out/44877_andreotti_s2t.csv,2.3610216784717752,0.0,4659
andreotti,/home/mhetac/Documents/GitHub/crossdem/datasets/prime_ministers/andreotti/csv_out/45050_andreotti_s2t.csv,1.5822784810126582,0.0,1264
andreotti,/home/mhetac/Documents/GitHub/crossdem/datasets/prime_ministers/andreotti/csv_out/46551_andreotti_s2t.csv,5.669737774627923,0.0,1411
andreotti,/home/mhetac/Documents/GitHub/crossdem/datasets/prime_ministers/andreotti/csv_out/43012_andreotti_s2t.csv,2.5157232704402515,0.0,1590
andreotti,/home/mhetac/Documents/GitHub/crossdem/datasets/prime_ministers/andreotti/csv_out/43861_andreotti_s2t.csv,2.396644697423607,0.0,1669
andreotti,/home/mhetac/Documents/GitHub/crossdem/datasets/prime_ministers/andreotti/csv_out/58812_andreotti_s2t.csv,0.3178639542275906,0.0,3146
andreotti,/home/mhetac/Documents/GitHub/crossdem/datasets/prime_ministers/andreotti/csv_out/40790_andreotti_s2t.csv,3.2822757111597376,0.0,7312
andreotti,/home/mhetac/Documents/GitHub/crossdem/datasets/prime_ministers/andreotti/csv_out/39175_andreotti_s2t.csv,2.4174053182917,0.0,1241
andreotti,/home/mhetac/Documents/GitHub/crossdem/datasets/prime_ministers/andreotti/csv_out/38362_andreotti_s2t.csv,3.4850348503485034,0.0,4878
andreotti,/home/mhetac/Documents/GitHub/crossdem/datasets/prime_ministers/andreotti/csv_out/36952_andreotti_s2t.csv,2.030751378009864,0.0,3447
andreotti,/home/mhetac/Documents/GitHub/crossdem/datasets/prime_ministers/andreotti/csv_out/36434_andreotti_s2t.csv,2.4213075060532687,0.0,826
andreotti,/home/mhetac/Documents/GitHub/crossdem/datasets/prime_ministers/andreotti/csv_out/36080_andreotti_s2t.csv,1.6515276630883566,0.0,1211
andreotti,/home/mhetac/Documents/GitHub/crossdem/datasets/prime_ministers/andreotti/csv_out/37416_andreotti_s2t.csv,2.8827674567584882,0.0,3122
andreotti,/home/mhetac/Documents/GitHub/crossdem/datasets/prime_ministers/andreotti/csv_out/35841_andreotti_s2t.csv,1.2048192771084338,0.0,1660
andreotti,/home/mhetac/Documents/GitHub/crossdem/datasets/prime_ministers/andreotti/csv_out/35358_andreotti_s2t.csv,1.228803145736053,0.0,4069
andreotti,/home/mhetac/Documents/GitHub/crossdem/datasets/prime_ministers/andreotti/csv_out/34575_andreotti_s2t.csv,3.6407766990291264,0.0,824
andreotti,/home/mhetac/Documents/GitHub/crossdem/datasets/prime_ministers/andreotti/csv_out/34543_andreotti_s2t.csv,1.4419610670511895,0.0,1387
andreotti,/home/mhetac/Documents/GitHub/crossdem/datasets/prime_ministers/andreotti/csv_out/34001_andreotti_s2t.csv,0.9090909090909091,0.0,2200
andreotti,/home/mhetac/Documents/GitHub/crossdem/datasets/prime_ministers/andreotti/csv_out/33480_andreotti_s2t.csv,2.4174053182917,0.0,2482
andreotti,/home/mhetac/Documents/GitHub/crossdem/datasets/prime_ministers/andreotti/csv_out/33719_andreotti_s2t.csv,1.960357220649096,0.0,4591
andreotti,/home/mhetac/Documents/GitHub/crossdem/datasets/prime_ministers/andreotti/csv_out/32545_andreotti_s2t.csv,0.5151983513652756,0.0,5823
andreotti,/home/mhetac/Documents/GitHub/crossdem/datasets/prime_ministers/andreotti/csv_out/62699_andreotti_s2t.csv,0.5185377236193933,0.0,3857
andreotti,/home/mhetac/Documents/GitHub/crossdem/datasets/prime_ministers/andreotti/csv_out/58767_andreotti_s2t.csv,3.8539553752535496,0.0,4930
andreotti,/home/mhetac/Documents/GitHub/crossdem/datasets/prime_ministers/andreotti/csv_out/28498_andreotti_s2t.csv,4.488618146841937,0.0,3119
andreotti,/home/mhetac/Documents/GitHub/crossdem/datasets/prime_ministers/andreotti/csv_out/27922_andreotti_s2t.csv,1.0245901639344261,0.0,2928
andreotti,/home/mhetac/Documents/GitHub/crossdem/datasets/prime_ministers/andreotti/csv_out/27144_andreotti_s2t.csv,0.0,0.0,1610
andreotti,/home/mhetac/Documents/GitHub/crossdem/datasets/prime_ministers/andreotti/csv_out/27167_andreotti_s2t.csv,2.2335673261008298,0.0,3134
andreotti,/home/mhetac/Documents/GitHub/crossdem/datasets/prime_ministers/andreotti/csv_out/26212_andreotti_s2t.csv,2.2655188038060716,0.0,4414
andreotti,/home/mhetac/Documents/GitHub/crossdem/datasets/prime_ministers/andreotti/csv_out/26039_andreotti_s2t.csv,1.38264777048047,0.0,2893
andreotti,/home/mhetac/Documents/GitHub/crossdem/datasets/prime_ministers/andreotti/csv_out/25795_andreotti_s2t.csv,1.779811848461734,0.0,3933
andreotti,/home/mhetac/Documents/GitHub/crossdem/datasets/prime_ministers/andreotti/csv_out/25741_andreotti_s2t.csv,0.5737234652897304,0.0,3486
andreotti,/home/mhetac/Documents/GitHub/crossdem/datasets/prime_ministers/andreotti/csv_out/25696_andreotti_s2t.csv,1.6906170752324599,0.0,2366
andreotti,/home/mhetac/Documents/GitHub/crossdem/datasets/prime_ministers/andreotti/csv_out/25422_andreotti_s2t.csv,0.0,0.0,3447
andreotti,/home/mhetac/Documents/GitHub/crossdem/datasets/prime_ministers/andreotti/csv_out/25360_andreotti_s2t.csv,0.47103155911446065,0.0,2123
andreotti,/home/mhetac/Documents/GitHub/crossdem/datasets/prime_ministers/andreotti/csv_out/42839_andreotti_s2t.csv,0.7698229407236336,0.0,1299
andreotti,/home/mhetac/Documents/GitHub/crossdem/datasets/prime_ministers/andreotti/csv_out/95879_andreotti_s2t.csv,1.2013455069678038,0.0,4162
andreotti,/home/mhetac/Documents/GitHub/crossdem/datasets/prime_ministers/andreotti/csv_out/58747_andreotti_s2t.csv,0.6060606060606061,0.0,1650
andreotti,/home/mhetac/Documents/GitHub/crossdem/datasets/prime_ministers/andreotti/csv_out/23367_andreotti_s2t.csv,6.242197253433209,0.0,3204
andreotti,/home/mhetac/Documents/GitHub/crossdem/datasets/prime_ministers/andreotti/csv_out/58742_andreotti_s2t.csv,3.8053274584418184,0.0,4993
andreotti,/home/mhetac/Documents/GitHub/crossdem/datasets/prime_ministers/andreotti/csv_out/22088_andreotti_s2t.csv,3.934794828555368,0.0,1779
andreotti,/home/mhetac/Documents/GitHub/crossdem/datasets/prime_ministers/andreotti/csv_out/16880_andreotti_s2t.csv,5.496828752642706,0.0,2365
andreotti,/home/mhetac/Documents/GitHub/crossdem/datasets/prime_ministers/andreotti/csv_out/16540_andreotti_s2t.csv,2.106741573033708,0.0,1424
andreotti,/home/mhetac/Documents/GitHub/crossdem/datasets/prime_ministers/andreotti/csv_out/58731_andreotti_s2t.csv,1.753155680224404,0.0,2852
andreotti,/home/mhetac/Documents/GitHub/crossdem/datasets/prime_ministers/andreotti/csv_out/13208_andreotti_s2t.csv,3.7253858435337945,0.0,1879
andreotti,/home/mhetac/Documents/GitHub/crossdem/datasets/prime_ministers/andreotti/csv_out/11818_andreotti_s2t.csv,2.19941348973607,0.0,2728
andreotti,/home/mhetac/Documents/GitHub/crossdem/datasets/prime_ministers/andreotti/csv_out/8605_andreotti_s2t.csv,4.596740493104889,0.0,4786
andreotti,/home/mhetac/Documents/GitHub/crossdem/datasets/prime_ministers/andreotti/csv_out/130274_andreotti_s2t.csv,1.1238480557428636,0.0,4449
andreotti,/home/mhetac/Documents/GitHub/crossdem/datasets/prime_ministers/andreotti/csv_out/13356_andreotti_s2t.csv,0.0,0.0,443
andreotti,/home/mhetac/Documents/GitHub/crossdem/datasets/prime_ministers/andreotti/csv_out/13196_andreotti_s2t.csv,0.0,0.0,70
andreotti,/home/mhetac/Documents/GitHub/crossdem/datasets/prime_ministers/andreotti/csv_out/268593_andreotti_s2t.csv,0.0,0.0,485
andreotti,/home/mhetac/Documents/GitHub/crossdem/datasets/prime_ministers/andreotti/csv_out/243311_andreotti_s2t.csv,9.950248756218905,0.0,201
andreotti,/home/mhetac/Documents/GitHub/crossdem/datasets/prime_ministers/andreotti/csv_out/234882_andreotti_s2t.csv,11.1731843575419,0.0,179
andreotti,/home/mhetac/Documents/GitHub/crossdem/datasets/prime_ministers/andreotti/csv_out/223670_andreotti_s2t.csv,15.904572564612327,0.0,503
andreotti,/home/mhetac/Documents/GitHub/crossdem/datasets/prime_ministers/andreotti/csv_out/222504_andreotti_s2t.csv,22.598870056497177,0.0,177
andreotti,/home/mhetac/Documents/GitHub/crossdem/datasets/prime_ministers/andreotti/csv_out/221465_andreotti_s2t.csv,0.0,0.0,591
andreotti,/home/mhetac/Documents/GitHub/crossdem/datasets/prime_ministers/andreotti/csv_out/203315_andreotti_s2t.csv,2.970070824765821,0.0,4377
andreotti,/home/mhetac/Documents/GitHub/crossdem/datasets/prime_ministers/andreotti/csv_out/203086_andreotti_s2t.csv,3.758221108675227,0.0,3193
andreotti,/home/mhetac/Documents/GitHub/crossdem/datasets/prime_ministers/andreotti/csv_out/204754_andreotti_s2t.csv,1.5197568389057752,0.0,658
andreotti,/home/mhetac/Documents/GitHub/crossdem/datasets/prime_ministers/andreotti/csv_out/194068_andreotti_s2t.csv,3.050330452465684,0.0,1967
andreotti,/home/mhetac/Documents/GitHub/crossdem/datasets/prime_ministers/andreotti/csv_out/163409_andreotti_s2t.csv,3.8461538461538463,0.0,260
andreotti,/home/mhetac/Documents/GitHub/crossdem/datasets/prime_ministers/andreotti/csv_out/162178_andreotti_s2t.csv,7.492912110166059,0.0,4938
andreotti,/home/mhetac/Documents/GitHub/crossdem/datasets/prime_ministers/andreotti/csv_out/158787_andreotti_s2t.csv,1.5105740181268883,0.0,662
andreotti,/home/mhetac/Documents/GitHub/crossdem/datasets/prime_ministers/andreotti/csv_out/158786_andreotti_s2t.csv,17.139090309822016,0.0,1517
andreotti,/home/mhetac/Documents/GitHub/crossdem/datasets/prime_ministers/andreotti/csv_out/110548_andreotti_s2t.csv,0.0,0.0,269
andreotti,/home/mhetac/Documents/GitHub/crossdem/datasets/prime_ministers/andreotti/csv_out/110035_andreotti_s2t.csv,1.8779342723004695,0.0,1065
andreotti,/home/mhetac/Documents/GitHub/crossdem/datasets/prime_ministers/andreotti/csv_out/109247_andreotti_s2t.csv,2.127659574468085,0.0,470
andreotti,/home/mhetac/Documents/GitHub/crossdem/datasets/prime_ministers/andreotti/csv_out/108033_andreotti_s2t.csv,6.191950464396285,0.0,323
andreotti,/home/mhetac/Documents/GitHub/crossdem/datasets/prime_ministers/andreotti/csv_out/107648_andreotti_s2t.csv,1.3157894736842106,0.0,760
andreotti,/home/mhetac/Documents/GitHub/crossdem/datasets/prime_ministers/andreotti/csv_out/107305_andreotti_s2t.csv,4.819277108433735,0.0,415
andreotti,/home/mhetac/Documents/GitHub/crossdem/datasets/prime_ministers/andreotti/csv_out/106087_andreotti_s2t.csv,3.225806451612903,0.0,310
andreotti,/home/mhetac/Documents/GitHub/crossdem/datasets/prime_ministers/andreotti/csv_out/104961_andreotti_s2t.csv,0.578368999421631,0.0,1729
andreotti,/home/mhetac/Documents/GitHub/crossdem/datasets/prime_ministers/andreotti/csv_out/101006_andreotti_s2t.csv,0.0,0.0,255
andreotti,/home/mhetac/Documents/GitHub/crossdem/datasets/prime_ministers/andreotti/csv_out/99464_andreotti_s2t.csv,5.319148936170213,0.0,752
andreotti,/home/mhetac/Documents/GitHub/crossdem/datasets/prime_ministers/andreotti/csv_out/104196_andreotti_s2t.csv,1.4814814814814814,0.0,675
andreotti,/home/mhetac/Documents/GitHub/crossdem/datasets/prime_ministers/andreotti/csv_out/104077_andreotti_s2t.csv,0.0,0.0,534
andreotti,/home/mhetac/Documents/GitHub/crossdem/datasets/prime_ministers/andreotti/csv_out/93510_andreotti_s2t.csv,0.8130081300813008,0.0,1230
andreotti,/home/mhetac/Documents/GitHub/crossdem/datasets/prime_ministers/andreotti/csv_out/84572_andreotti_s2t.csv,0.0,0.0,375
andreotti,/home/mhetac/Documents/GitHub/crossdem/datasets/prime_ministers/andreotti/csv_out/92120_andreotti_s2t.csv,3.3003300330033003,0.0,2121
andreotti,/home/mhetac/Documents/GitHub/crossdem/datasets/prime_ministers/andreotti/csv_out/75974_andreotti_s2t.csv,0.0,0.0,247
andreotti,/home/mhetac/Documents/GitHub/crossdem/datasets/prime_ministers/andreotti/csv_out/48958_andreotti_s2t.csv,0.0,0.0,374
andreotti,/home/mhetac/Documents/GitHub/crossdem/datasets/prime_ministers/andreotti/csv_out/41556_andreotti_s2t.csv,0.0,0.0,112
andreotti,/home/mhetac/Documents/GitHub/crossdem/datasets/prime_ministers/andreotti/csv_out/37417_andreotti_s2t.csv,0.0,0.0,141
andreotti,/home/mhetac/Documents/GitHub/crossdem/datasets/prime_ministers/andreotti/csv_out/35803_andreotti_s2t.csv,0.0,0.0,120
andreotti,/home/mhetac/Documents/GitHub/crossdem/datasets/prime_ministers/andreotti/csv_out/32661_andreotti_s2t.csv,0.0,0.0,71
andreotti,/home/mhetac/Documents/GitHub/crossdem/datasets/prime_ministers/andreotti/csv_out/30609_andreotti_s2t.csv,0.0,0.0,391
andreotti,/home/mhetac/Documents/GitHub/crossdem/datasets/prime_ministers/andreotti/csv_out/29817_andreotti_s2t.csv,2.304147465437788,0.0,434
andreotti,/home/mhetac/Documents/GitHub/crossdem/datasets/prime_ministers/andreotti/csv_out/28117_andreotti_s2t.csv,4.716981132075472,0.0,212
andreotti,/home/mhetac/Documents/GitHub/crossdem/datasets/prime_ministers/andreotti/csv_out/27271_andreotti_s2t.csv,1.5873015873015872,0.0,630
andreotti,/home/mhetac/Documents/GitHub/crossdem/datasets/prime_ministers/andreotti/csv_out/25761_andreotti_s2t.csv,0.0,0.0,90
andreotti,/home/mhetac/Documents/GitHub/crossdem/datasets/prime_ministers/andreotti/csv_out/24250_andreotti_s2t.csv,12.396694214876034,0.0,242
andreotti,/home/mhetac/Documents/GitHub/crossdem/datasets/prime_ministers/andreotti/csv_out/23345_andreotti_s2t.csv,1.3440860215053763,0.0,744
andreotti,/home/mhetac/Documents/GitHub/crossdem/datasets/prime_ministers/andreotti/csv_out/23204_andreotti_s2t.csv,0.0,0.0,10
andreotti,/home/mhetac/Documents/GitHub/crossdem/datasets/prime_ministers/andreotti/csv_out/20303_andreotti_s2t.csv,1.763668430335097,0.0,1134
andreotti,/home/mhetac/Documents/GitHub/crossdem/datasets/prime_ministers/andreotti/csv_out/13204_andreotti_s2t.csv,0.0,0.0,166
andreotti,/home/mhetac/Documents/GitHub/crossdem/datasets/prime_ministers/andreotti/csv_out/12353_andreotti_s2t.csv,0.0,0.0,519
andreotti,/home/mhetac/Documents/GitHub/crossdem/datasets/prime_ministers/andreotti/csv_out/11523_andreotti_s2t.csv,0.0,0.0,417
andreotti,/home/mhetac/Documents/GitHub/crossdem/datasets/prime_ministers/andreotti/csv_out/11521_andreotti_s2t.csv,0.8223684210526315,0.0,1216
andreotti,/home/mhetac/Documents/GitHub/crossdem/datasets/prime_ministers/andreotti/csv_out/11489_andreotti_s2t.csv,5.189028910303929,0.0,1349
andreotti,/home/mhetac/Documents/GitHub/crossdem/datasets/prime_ministers/andreotti/csv_out/10930_andreotti_s2t.csv,0.0,0.0,890
andreotti,/home/mhetac/Documents/GitHub/crossdem/datasets/prime_ministers/andreotti/csv_out/58692_andreotti_s2t.csv,0.0,0.0,1011
andreotti,/home/mhetac/Documents/GitHub/crossdem/datasets/prime_ministers/andreotti/csv_out/233250_andreotti_s2t.csv,3.4777110338286437,0.0,3163
andreotti,/home/mhetac/Documents/GitHub/crossdem/datasets/prime_ministers/andreotti/csv_out/218745_andreotti_s2t.csv,5.0282840980515395,0.0,1591
andreotti,/home/mhetac/Documents/GitHub/crossdem/datasets/prime_ministers/andreotti/csv_out/146202_andreotti_s2t.csv,0.0,0.0,905
andreotti,/home/mhetac/Documents/GitHub/crossdem/datasets/prime_ministers/andreotti/csv_out/139028_andreotti_s2t.csv,0.48887802493277926,0.0,4091
andreotti,/home/mhetac/Documents/GitHub/crossdem/datasets/prime_ministers/andreotti/csv_out/140978_andreotti_s2t.csv,1.4031805425631432,0.0,4276
andreotti,/home/mhetac/Documents/GitHub/crossdem/datasets/prime_ministers/andreotti/csv_out/138246_andreotti_s2t.csv,1.6970725498515062,0.0,7071
andreotti,/home/mhetac/Documents/GitHub/crossdem/datasets/prime_ministers/andreotti/csv_out/130757_andreotti_s2t.csv,0.0,0.0,3063
andreotti,/home/mhetac/Documents/GitHub/crossdem/datasets/prime_ministers/andreotti/csv_out/137984_andreotti_s2t.csv,1.8609372356623244,33.333333333333336,5911
andreotti,/home/mhetac/Documents/GitHub/crossdem/datasets/prime_ministers/andreotti/csv_out/137985_andreotti_s2t.csv,2.0331106593087425,0.0,6886
andreotti,/home/mhetac/Documents/GitHub/crossdem/datasets/prime_ministers/andreotti/csv_out/138006_andreotti_s2t.csv,3.019844693701467,35.714285714285715,2318
andreotti,/home/mhetac/Documents/GitHub/crossdem/datasets/prime_ministers/andreotti/csv_out/137485_andreotti_s2t.csv,0.5169294391315585,66.66666666666667,3869
andreotti,/home/mhetac/Documents/GitHub/crossdem/datasets/prime_ministers/andreotti/csv_out/137730_andreotti_s2t.csv,0.5688282138794084,0.0,1758
andreotti,/home/mhetac/Documents/GitHub/crossdem/datasets/prime_ministers/andreotti/csv_out/139054_andreotti_s2t.csv,0.5385029617662898,100.0,1857
andreotti,/home/mhetac/Documents/GitHub/crossdem/datasets/prime_ministers/andreotti/csv_out/137114_andreotti_s2t.csv,0.37735849056603776,0.0,2650
andreotti,/home/mhetac/Documents/GitHub/crossdem/datasets/prime_ministers/andreotti/csv_out/135171_andreotti_s2t.csv,0.26737967914438504,0.0,3740
andreotti,/home/mhetac/Documents/GitHub/crossdem/datasets/prime_ministers/andreotti/csv_out/134587_andreotti_s2t.csv,3.93217006635537,9.70873786407767,4069
andreotti,/home/mhetac/Documents/GitHub/crossdem/datasets/prime_ministers/andreotti/csv_out/45826_andreotti_s2t.csv,0.6531678641410843,0.0,1531
andreotti,/home/mhetac/Documents/GitHub/crossdem/datasets/prime_ministers/andreotti/csv_out/47440_andreotti_s2t.csv,3.317172748150038,0.0,3919
andreotti,/home/mhetac/Documents/GitHub/crossdem/datasets/prime_ministers/andreotti/csv_out/65607_andreotti_s2t.csv,2.6759011490634346,50.0,6353
andreotti,/home/mhetac/Documents/GitHub/crossdem/datasets/prime_ministers/andreotti/csv_out/37838_andreotti_s2t.csv,2.328830926874709,0.0,2147
andreotti,/home/mhetac/Documents/GitHub/crossdem/datasets/prime_ministers/andreotti/csv_out/58791_andreotti_s2t.csv,2.283539486203616,0.0,5255
andreotti,/home/mhetac/Documents/GitHub/crossdem/datasets/prime_ministers/andreotti/csv_out/35815_andreotti_s2t.csv,3.1913196106590074,0.0,6267
andreotti,/home/mhetac/Documents/GitHub/crossdem/datasets/prime_ministers/andreotti/csv_out/35860_andreotti_s2t.csv,3.944402704733283,0.0,5324
andreotti,/home/mhetac/Documents/GitHub/crossdem/datasets/prime_ministers/andreotti/csv_out/21397_andreotti_s2t.csv,5.379557680812911,0.0,1673
andreotti,/home/mhetac/Documents/GitHub/crossdem/datasets/prime_ministers/andreotti/csv_out/248977_andreotti_s2t.csv,0.0,0.0,1158
andreotti,/home/mhetac/Documents/GitHub/crossdem/datasets/prime_ministers/andreotti/csv_out/237818_andreotti_s2t.csv,1.433349259436216,0.0,2093
andreotti,/home/mhetac/Documents/GitHub/crossdem/datasets/prime_ministers/andreotti/csv_out/102414_andreotti_s2t.csv,1.9505851755526658,0.0,1538
andreotti,/home/mhetac/Documents/GitHub/crossdem/datasets/prime_ministers/andreotti/csv_out/102413_andreotti_s2t.csv,4.854368932038835,0.0,412
andreotti,/home/mhetac/Documents/GitHub/crossdem/datasets/prime_ministers/andreotti/csv_out/97965_andreotti_s2t.csv,0.0,0.0,677
andreotti,/home/mhetac/Documents/GitHub/crossdem/datasets/prime_ministers/andreotti/csv_out/93522_andreotti_s2t.csv,1.1764705882352942,0.0,850
andreotti,/home/mhetac/Documents/GitHub/crossdem/datasets/prime_ministers/andreotti/csv_out/94408_andreotti_s2t.csv,0.7369196757553427,0.0,1357
andreotti,/home/mhetac/Documents/GitHub/crossdem/datasets/prime_ministers/andreotti/csv_out/91404_andreotti_s2t.csv,0.0,0.0,25
andreotti,/home/mhetac/Documents/GitHub/crossdem/datasets/prime_ministers/andreotti/csv_out/90021_andreotti_s2t.csv,0.0,0.0,607
andreotti,/home/mhetac/Documents/GitHub/crossdem/datasets/prime_ministers/andreotti/csv_out/89974_andreotti_s2t.csv,0.0,0.0,672
andreotti,/home/mhetac/Documents/GitHub/crossdem/datasets/prime_ministers/andreotti/csv_out/89957_andreotti_s2t.csv,0.0,0.0,1856
andreotti,/home/mhetac/Documents/GitHub/crossdem/datasets/prime_ministers/andreotti/csv_out/30892_andreotti_s2t.csv,1.849894291754757,0.0,3784
andreotti,/home/mhetac/Documents/GitHub/crossdem/datasets/prime_ministers/andreotti/csv_out/22290_andreotti_s2t.csv,0.8904719501335708,20.833333333333332,4492
andreotti,/home/mhetac/Documents/GitHub/crossdem/datasets/prime_ministers/andreotti/csv_out/274281_andreotti_s2t.csv,0.0,0.0,966
andreotti,/home/mhetac/Documents/GitHub/crossdem/datasets/prime_ministers/andreotti/csv_out/226504_andreotti_s2t.csv,1.5548379380456883,0.0,8361
andreotti,/home/mhetac/Documents/GitHub/crossdem/datasets/prime_ministers/andreotti/csv_out/220622_andreotti_s2t.csv,0.0,0.0,10
andreotti,/home/mhetac/Documents/GitHub/crossdem/datasets/prime_ministers/andreotti/csv_out/158588_andreotti_s2t.csv,0.0,0.0,1475
andreotti,/home/mhetac/Documents/GitHub/crossdem/datasets/prime_ministers/andreotti/csv_out/157864_andreotti_s2t.csv,6.657156443176414,0.0,2103
andreotti,/home/mhetac/Documents/GitHub/crossdem/datasets/prime_ministers/andreotti/csv_out/155847_andreotti_s2t.csv,2.587991718426501,200.0,1932
andreotti,/home/mhetac/Documents/GitHub/crossdem/datasets/prime_ministers/andreotti/csv_out/156286_andreotti_s2t.csv,1.2717253073336159,0.0,7077
andreotti,/home/mhetac/Documents/GitHub/crossdem/datasets/prime_ministers/andreotti/csv_out/147599_andreotti_s2t.csv,0.6871907641561298,0.0,7276
andreotti,/home/mhetac/Documents/GitHub/crossdem/datasets/prime_ministers/andreotti/csv_out/150808_andreotti_s2t.csv,0.7374631268436578,0.0,10848
andreotti,/home/mhetac/Documents/GitHub/crossdem/datasets/prime_ministers/andreotti/csv_out/148233_andreotti_s2t.csv,2.9395296752519595,142.85714285714286,7144
andreotti,/home/mhetac/Documents/GitHub/crossdem/datasets/prime_ministers/andreotti/csv_out/144611_andreotti_s2t.csv,1.6246073865482509,33.333333333333336,9233
andreotti,/home/mhetac/Documents/GitHub/crossdem/datasets/prime_ministers/andreotti/csv_out/147140_andreotti_s2t.csv,1.4170996693434106,0.0,2117
andreotti,/home/mhetac/Documents/GitHub/crossdem/datasets/prime_ministers/andreotti/csv_out/139576_andreotti_s2t.csv,2.380366083887384,13.333333333333334,12183
andreotti,/home/mhetac/Documents/GitHub/crossdem/datasets/prime_ministers/andreotti/csv_out/139051_andreotti_s2t.csv,1.1317338162064283,0.0,4418
andreotti,/home/mhetac/Documents/GitHub/crossdem/datasets/prime_ministers/andreotti/csv_out/129673_andreotti_s2t.csv,1.2067578439259856,0.0,2486
andreotti,/home/mhetac/Documents/GitHub/crossdem/datasets/prime_ministers/andreotti/csv_out/127277_andreotti_s2t.csv,0.6333122229259025,0.0,4737
andreotti,/home/mhetac/Documents/GitHub/crossdem/datasets/prime_ministers/andreotti/csv_out/136589_andreotti_s2t.csv,2.5230225810521003,0.0,7927
andreotti,/home/mhetac/Documents/GitHub/crossdem/datasets/prime_ministers/andreotti/csv_out/121817_andreotti_s2t.csv,1.4563106796116505,0.0,4120
andreotti,/home/mhetac/Documents/GitHub/crossdem/datasets/prime_ministers/andreotti/csv_out/129260_andreotti_s2t.csv,2.358490566037736,0.0,2120
andreotti,/home/mhetac/Documents/GitHub/crossdem/datasets/prime_ministers/andreotti/csv_out/126353_andreotti_s2t.csv,0.7817929117442669,5.376344086021505,11512
andreotti,/home/mhetac/Documents/GitHub/crossdem/datasets/prime_ministers/andreotti/csv_out/126343_andreotti_s2t.csv,2.383384405856316,0.0,8811
andreotti,/home/mhetac/Documents/GitHub/crossdem/datasets/prime_ministers/andreotti/csv_out/115599_andreotti_s2t.csv,0.0,0.0,2431
andreotti,/home/mhetac/Documents/GitHub/crossdem/datasets/prime_ministers/andreotti/csv_out/125549_andreotti_s2t.csv,1.543507621068879,0.0,5183
andreotti,/home/mhetac/Documents/GitHub/crossdem/datasets/prime_ministers/andreotti/csv_out/125270_andreotti_s2t.csv,0.7293946024799417,0.0,8226
andreotti,/home/mhetac/Documents/GitHub/crossdem/datasets/prime_ministers/andreotti/csv_out/112369_andreotti_s2t.csv,2.680067001675042,0.0,2985
andreotti,/home/mhetac/Documents/GitHub/crossdem/datasets/prime_ministers/andreotti/csv_out/123154_andreotti_s2t.csv,1.3238214311980583,7.246376811594203,13597
andreotti,/home/mhetac/Documents/GitHub/crossdem/datasets/prime_ministers/andreotti/csv_out/104050_andreotti_s2t.csv,1.1003117549972492,0.0,5453
andreotti,/home/mhetac/Documents/GitHub/crossdem/datasets/prime_ministers/andreotti/csv_out/98462_andreotti_s2t.csv,3.9263803680981595,24.390243902439025,4075
andreotti,/home/mhetac/Documents/GitHub/crossdem/datasets/prime_ministers/andreotti/csv_out/101713_andreotti_s2t.csv,2.7395175405220304,40.0,13141
andreotti,/home/mhetac/Documents/GitHub/crossdem/datasets/prime_ministers/andreotti/csv_out/101710_andreotti_s2t.csv,0.8920606601248885,0.0,4484
andreotti,/home/mhetac/Documents/GitHub/crossdem/datasets/prime_ministers/andreotti/csv_out/48975_andreotti_s2t.csv,4.17120058034095,8.064516129032258,5514
andreotti,/home/mhetac/Documents/GitHub/crossdem/datasets/prime_ministers/andreotti/csv_out/46820_andreotti_s2t.csv,2.0913210177762287,0.0,2869
andreotti,/home/mhetac/Documents/GitHub/crossdem/datasets/prime_ministers/andreotti/csv_out/43028_andreotti_s2t.csv,1.334668001334668,0.0,5994
andreotti,/home/mhetac/Documents/GitHub/crossdem/datasets/prime_ministers/andreotti/csv_out/43063_andreotti_s2t.csv,2.5412960609911055,0.0,3935
andreotti,/home/mhetac/Documents/GitHub/crossdem/datasets/prime_ministers/andreotti/csv_out/38986_andreotti_s2t.csv,3.690036900369004,0.0,2168
andreotti,/home/mhetac/Documents/GitHub/crossdem/datasets/prime_ministers/andreotti/csv_out/33836_andreotti_s2t.csv,1.3433637829124128,35.714285714285715,3722
andreotti,/home/mhetac/Documents/GitHub/crossdem/datasets/prime_ministers/andreotti/csv_out/32967_andreotti_s2t.csv,1.3458950201884252,29.41176470588235,4458
andreotti,/home/mhetac/Documents/GitHub/crossdem/datasets/prime_ministers/andreotti/csv_out/25062_andreotti_s2t.csv,0.0,0.0,1150
andreotti,/home/mhetac/Documents/GitHub/crossdem/datasets/prime_ministers/andreotti/csv_out/25072_andreotti_s2t.csv,2.527379949452401,0.0,1187
andreotti,/home/mhetac/Documents/GitHub/crossdem/datasets/prime_ministers/andreotti/csv_out/58746_andreotti_s2t.csv,2.3317788141239175,0.0,3002
andreotti,/home/mhetac/Documents/GitHub/crossdem/datasets/prime_ministers/andreotti/csv_out/13767_andreotti_s2t.csv,0.5420054200542005,30.303030303030305,5535
andreotti,/home/mhetac/Documents/GitHub/crossdem/datasets/prime_ministers/andreotti/csv_out/155917_andreotti_s2t.csv,10.75268817204301,0.0,837
andreotti,/home/mhetac/Documents/GitHub/crossdem/datasets/prime_ministers/andreotti/csv_out/144036_andreotti_s2t.csv,8.714596949891067,0.0,459
andreotti,/home/mhetac/Documents/GitHub/crossdem/datasets/prime_ministers/andreotti/csv_out/282397_andreotti_s2t.csv,0.0,0.0,887
andreotti,/home/mhetac/Documents/GitHub/crossdem/datasets/prime_ministers/andreotti/csv_out/137843_andreotti_s2t.csv,5.524861878453039,0.0,362
andreotti,/home/mhetac/Documents/GitHub/crossdem/datasets/prime_ministers/andreotti/csv_out/132034_andreotti_s2t.csv,0.5711022272986864,0.0,1751
andreotti,/home/mhetac/Documents/GitHub/crossdem/datasets/prime_ministers/andreotti/csv_out/132036_andreotti_s2t.csv,0.0,0.0,52
andreotti,/home/mhetac/Documents/GitHub/crossdem/datasets/prime_ministers/andreotti/csv_out/130171_andreotti_s2t.csv,0.0,0.0,245
andreotti,/home/mhetac/Documents/GitHub/crossdem/datasets/prime_ministers/andreotti/csv_out/137486_andreotti_s2t.csv,0.0,0.0,275
andreotti,/home/mhetac/Documents/GitHub/crossdem/datasets/prime_ministers/andreotti/csv_out/127559_andreotti_s2t.csv,6.976744186046512,0.0,430
andreotti,/home/mhetac/Documents/GitHub/crossdem/datasets/prime_ministers/andreotti/csv_out/131795_andreotti_s2t.csv,0.0,0.0,282
andreotti,/home/mhetac/Documents/GitHub/crossdem/datasets/prime_ministers/andreotti/csv_out/128346_andreotti_s2t.csv,1.4492753623188406,0.0,690
andreotti,/home/mhetac/Documents/GitHub/crossdem/datasets/prime_ministers/andreotti/csv_out/126506_andreotti_s2t.csv,2.4038461538461537,0.0,416
andreotti,/home/mhetac/Documents/GitHub/crossdem/datasets/prime_ministers/andreotti/csv_out/125747_andreotti_s2t.csv,15.075376884422111,0.0,199
andreotti,/home/mhetac/Documents/GitHub/crossdem/datasets/prime_ministers/andreotti/csv_out/121921_andreotti_s2t.csv,0.0,0.0,303
andreotti,/home/mhetac/Documents/GitHub/crossdem/datasets/prime_ministers/andreotti/csv_out/121796_andreotti_s2t.csv,0.0,0.0,35
andreotti,/home/mhetac/Documents/GitHub/crossdem/datasets/prime_ministers/andreotti/csv_out/121648_andreotti_s2t.csv,4.098360655737705,0.0,244
andreotti,/home/mhetac/Documents/GitHub/crossdem/datasets/prime_ministers/andreotti/csv_out/121195_andreotti_s2t.csv,0.0,0.0,246
andreotti,/home/mhetac/Documents/GitHub/crossdem/datasets/prime_ministers/andreotti/csv_out/121021_andreotti_s2t.csv,0.0,0.0,135
andreotti,/home/mhetac/Documents/GitHub/crossdem/datasets/prime_ministers/andreotti/csv_out/118967_andreotti_s2t.csv,0.0,0.0,117
andreotti,/home/mhetac/Documents/GitHub/crossdem/datasets/prime_ministers/andreotti/csv_out/118489_andreotti_s2t.csv,0.0,0.0,112
andreotti,/home/mhetac/Documents/GitHub/crossdem/datasets/prime_ministers/andreotti/csv_out/117016_andreotti_s2t.csv,0.0,0.0,11
andreotti,/home/mhetac/Documents/GitHub/crossdem/datasets/prime_ministers/andreotti/csv_out/115935_andreotti_s2t.csv,7.142857142857143,0.0,140
andreotti,/home/mhetac/Documents/GitHub/crossdem/datasets/prime_ministers/andreotti/csv_out/115160_andreotti_s2t.csv,0.0,0.0,306
andreotti,/home/mhetac/Documents/GitHub/crossdem/datasets/prime_ministers/andreotti/csv_out/114873_andreotti_s2t.csv,0.6583278472679395,0.0,1519
andreotti,/home/mhetac/Documents/GitHub/crossdem/datasets/prime_ministers/andreotti/csv_out/114632_andreotti_s2t.csv,3.2822757111597376,0.0,914
andreotti,/home/mhetac/Documents/GitHub/crossdem/datasets/prime_ministers/andreotti/csv_out/119418_andreotti_s2t.csv,0.0,0.0,25
andreotti,/home/mhetac/Documents/GitHub/crossdem/datasets/prime_ministers/andreotti/csv_out/138008_andreotti_s2t.csv,3.506721215663355,0.0,1711
andreotti,/home/mhetac/Documents/GitHub/crossdem/datasets/prime_ministers/andreotti/csv_out/129380_andreotti_s2t.csv,0.5192107995846313,0.0,1926
andreotti,/home/mhetac/Documents/GitHub/crossdem/datasets/prime_ministers/andreotti/csv_out/33614_andreotti_s2t.csv,0.4509582863585118,17.54385964912281,4435
andreotti,/home/mhetac/Documents/GitHub/crossdem/datasets/prime_ministers/andreotti/csv_out/108880_andreotti_s2t.csv,1.4020329477742728,0.0,14265
andreotti,/home/mhetac/Documents/GitHub/crossdem/datasets/prime_ministers/andreotti/csv_out/108881_andreotti_s2t.csv,1.440032915038058,0.0,4861
andreotti,/home/mhetac/Documents/GitHub/crossdem/datasets/prime_ministers/andreotti/csv_out/108878_andreotti_s2t.csv,2.4038461538461537,0.0,6240
cossiga,/home/mhetac/Documents/GitHub/crossdem/datasets/prime_ministers/cossiga/csv_out/263294_cossiga_s2t.csv,0.0,0.0,810
cossiga,/home/mhetac/Documents/GitHub/crossdem/datasets/prime_ministers/cossiga/csv_out/263415_cossiga_s2t.csv,0.0,0.0,531
cossiga,/home/mhetac/Documents/GitHub/crossdem/datasets/prime_ministers/cossiga/csv_out/255701_cossiga_s2t.csv,1.0423905489923557,0.0,2878
cossiga,/home/mhetac/Documents/GitHub/crossdem/datasets/prime_ministers/cossiga/csv_out/254028_cossiga_s2t.csv,2.896684905053106,0.0,3107
cossiga,/home/mhetac/Documents/GitHub/crossdem/datasets/prime_ministers/cossiga/csv_out/242233_cossiga_s2t.csv,5.500261917234154,4.878048780487805,3818
cossiga,/home/mhetac/Documents/GitHub/crossdem/datasets/prime_ministers/cossiga/csv_out/237427_cossiga_s2t.csv,2.5157232704402515,25.0,1590
cossiga,/home/mhetac/Documents/GitHub/crossdem/datasets/prime_ministers/cossiga/csv_out/230431_cossiga_s2t.csv,1.778568252556692,0.0,2249
cossiga,/home/mhetac/Documents/GitHub/crossdem/datasets/prime_ministers/cossiga/csv_out/225228_cossiga_s2t.csv,0.4397537379067722,0.0,2274
cossiga,/home/mhetac/Documents/GitHub/crossdem/datasets/prime_ministers/cossiga/csv_out/213309_cossiga_s2t.csv,5.492349941153393,0.0,2549
cossiga,/home/mhetac/Documents/GitHub/crossdem/datasets/prime_ministers/cossiga/csv_out/209220_cossiga_s2t.csv,6.229860365198711,400.0,4655
cossiga,/home/mhetac/Documents/GitHub/crossdem/datasets/prime_ministers/cossiga/csv_out/209065_cossiga_s2t.csv,2.751031636863824,0.0,727
cossiga,/home/mhetac/Documents/GitHub/crossdem/datasets/prime_ministers/cossiga/csv_out/208586_cossiga_s2t.csv,4.666666666666667,0.0,3000
cossiga,/home/mhetac/Documents/GitHub/crossdem/datasets/prime_ministers/cossiga/csv_out/199244_cossiga_s2t.csv,4.901960784313726,0.0,408
cossiga,/home/mhetac/Documents/GitHub/crossdem/datasets/prime_ministers/cossiga/csv_out/221262_cossiga_s2t.csv,2.3313646254274167,0.0,6434
cossiga,/home/mhetac/Documents/GitHub/crossdem/datasets/prime_ministers/cossiga/csv_out/222795_cossiga_s2t.csv,1.3540961408259986,0.0,2954
cossiga,/home/mhetac/Documents/GitHub/crossdem/datasets/prime_ministers/cossiga/csv_out/215096_cossiga_s2t.csv,0.0,0.0,1569
cossiga,/home/mhetac/Documents/GitHub/crossdem/datasets/prime_ministers/cossiga/csv_out/206103_cossiga_s2t.csv,0.0,0.0,215
cossiga,/home/mhetac/Documents/GitHub/crossdem/datasets/prime_ministers/cossiga/csv_out/161849_cossiga_s2t.csv,1.7279684028634905,0.0,4051
cossiga,/home/mhetac/Documents/GitHub/crossdem/datasets/prime_ministers/cossiga/csv_out/160077_cossiga_s2t.csv,5.699193772588268,0.0,7194
cossiga,/home/mhetac/Documents/GitHub/crossdem/datasets/prime_ministers/cossiga/csv_out/160367_cossiga_s2t.csv,1.350438892640108,0.0,1481
cossiga,/home/mhetac/Documents/GitHub/crossdem/datasets/prime_ministers/cossiga/csv_out/156540_cossiga_s2t.csv,5.507307773776742,0.0,4721
cossiga,/home/mhetac/Documents/GitHub/crossdem/datasets/prime_ministers/cossiga/csv_out/155625_cossiga_s2t.csv,3.5906642728904847,0.0,3899
cossiga,/home/mhetac/Documents/GitHub/crossdem/datasets/prime_ministers/cossiga/csv_out/155987_cossiga_s2t.csv,4.893964110929853,17.094017094017094,4904
cossiga,/home/mhetac/Documents/GitHub/crossdem/datasets/prime_ministers/cossiga/csv_out/152630_cossiga_s2t.csv,8.450704225352112,6.622516556291391,4260
cossiga,/home/mhetac/Documents/GitHub/crossdem/datasets/prime_ministers/cossiga/csv_out/144404_cossiga_s2t.csv,0.6662225183211192,0.0,3002
cossiga,/home/mhetac/Documents/GitHub/crossdem/datasets/prime_ministers/cossiga/csv_out/146927_cossiga_s2t.csv,3.9042165538781886,10.526315789473685,3842
cossiga,/home/mhetac/Documents/GitHub/crossdem/datasets/prime_ministers/cossiga/csv_out/140950_cossiga_s2t.csv,2.346041055718475,0.0,1705
cossiga,/home/mhetac/Documents/GitHub/crossdem/datasets/prime_ministers/cossiga/csv_out/141370_cossiga_s2t.csv,1.238938053097345,0.0,5650
cossiga,/home/mhetac/Documents/GitHub/crossdem/datasets/prime_ministers/cossiga/csv_out/146646_cossiga_s2t.csv,1.6617429837518465,0.0,5416
cossiga,/home/mhetac/Documents/GitHub/crossdem/datasets/prime_ministers/cossiga/csv_out/146655_cossiga_s2t.csv,5.9171597633136095,0.0,4394
cossiga,/home/mhetac/Documents/GitHub/crossdem/datasets/prime_ministers/cossiga/csv_out/146091_cossiga_s2t.csv,6.163328197226503,0.0,2596
cossiga,/home/mhetac/Documents/GitHub/crossdem/datasets/prime_ministers/cossiga/csv_out/708110_cossiga_s2t.csv,1.2111425111021397,0.0,4954
cossiga,/home/mhetac/Documents/GitHub/crossdem/datasets/prime_ministers/cossiga/csv_out/137160_cossiga_s2t.csv,4.184100418410042,0.0,2629
cossiga,/home/mhetac/Documents/GitHub/crossdem/datasets/prime_ministers/cossiga/csv_out/141657_cossiga_s2t.csv,5.571030640668524,0.0,2154
cossiga,/home/mhetac/Documents/GitHub/crossdem/datasets/prime_ministers/cossiga/csv_out/136113_cossiga_s2t.csv,2.4950099800399204,0.0,4008
cossiga,/home/mhetac/Documents/GitHub/crossdem/datasets/prime_ministers/cossiga/csv_out/138473_cossiga_s2t.csv,3.762118362031544,0.0,6911
cossiga,/home/mhetac/Documents/GitHub/crossdem/datasets/prime_ministers/cossiga/csv_out/135648_cossiga_s2t.csv,0.32605151613955,0.0,3067
cossiga,/home/mhetac/Documents/GitHub/crossdem/datasets/prime_ministers/cossiga/csv_out/125807_cossiga_s2t.csv,1.5909090909090908,0.0,4400
cossiga,/home/mhetac/Documents/GitHub/crossdem/datasets/prime_ministers/cossiga/csv_out/135271_cossiga_s2t.csv,3.595600676818951,0.0,4728
cossiga,/home/mhetac/Documents/GitHub/crossdem/datasets/prime_ministers/cossiga/csv_out/128110_cossiga_s2t.csv,0.0,0.0,2451
cossiga,/home/mhetac/Documents/GitHub/crossdem/datasets/prime_ministers/cossiga/csv_out/122253_cossiga_s2t.csv,2.8790786948176583,0.0,5210
cossiga,/home/mhetac/Documents/GitHub/crossdem/datasets/prime_ministers/cossiga/csv_out/115551_cossiga_s2t.csv,3.6101083032490973,0.0,3601
cossiga,/home/mhetac/Documents/GitHub/crossdem/datasets/prime_ministers/cossiga/csv_out/115245_cossiga_s2t.csv,1.9292604501607717,0.0,4665
cossiga,/home/mhetac/Documents/GitHub/crossdem/datasets/prime_ministers/cossiga/csv_out/111554_cossiga_s2t.csv,2.5809013301568395,0.0,5037
cossiga,/home/mhetac/Documents/GitHub/crossdem/datasets/prime_ministers/cossiga/csv_out/112956_cossiga_s2t.csv,1.6813787305590584,0.0,7137
cossiga,/home/mhetac/Documents/GitHub/crossdem/datasets/prime_ministers/cossiga/csv_out/103836_cossiga_s2t.csv,1.4154281670205238,0.0,2826
cossiga,/home/mhetac/Documents/GitHub/crossdem/datasets/prime_ministers/cossiga/csv_out/103428_cossiga_s2t.csv,1.5810276679841897,0.0,2530
cossiga,/home/mhetac/Documents/GitHub/crossdem/datasets/prime_ministers/cossiga/csv_out/102648_cossiga_s2t.csv,1.2113870381586918,0.0,6604
cossiga,/home/mhetac/Documents/GitHub/crossdem/datasets/prime_ministers/cossiga/csv_out/98668_cossiga_s2t.csv,3.5118525021949076,0.0,2278
cossiga,/home/mhetac/Documents/GitHub/crossdem/datasets/prime_ministers/cossiga/csv_out/102860_cossiga_s2t.csv,0.44483985765124556,0.0,2248
cossiga,/home/mhetac/Documents/GitHub/crossdem/datasets/prime_ministers/cossiga/csv_out/95284_cossiga_s2t.csv,2.8596568411790586,0.0,4546
cossiga,/home/mhetac/Documents/GitHub/crossdem/datasets/prime_ministers/cossiga/csv_out/94801_cossiga_s2t.csv,0.0,0.0,2054
cossiga,/home/mhetac/Documents/GitHub/crossdem/datasets/prime_ministers/cossiga/csv_out/93350_cossiga_s2t.csv,0.0,0.0,5959
cossiga,/home/mhetac/Documents/GitHub/crossdem/datasets/prime_ministers/cossiga/csv_out/90837_cossiga_s2t.csv,2.538876547127896,0.0,3151
cossiga,/home/mhetac/Documents/GitHub/crossdem/datasets/prime_ministers/cossiga/csv_out/89752_cossiga_s2t.csv,3.884075291305647,0.0,3347
cossiga,/home/mhetac/Documents/GitHub/crossdem/datasets/prime_ministers/cossiga/csv_out/88013_cossiga_s2t.csv,3.291639236339697,0.0,1519
cossiga,/home/mhetac/Documents/GitHub/crossdem/datasets/prime_ministers/cossiga/csv_out/93272_cossiga_s2t.csv,2.44299674267101,0.0,1228
cossiga,/home/mhetac/Documents/GitHub/crossdem/datasets/prime_ministers/cossiga/csv_out/87849_cossiga_s2t.csv,0.5163955589981926,0.0,3873
cossiga,/home/mhetac/Documents/GitHub/crossdem/datasets/prime_ministers/cossiga/csv_out/85974_cossiga_s2t.csv,1.5625,0.0,3840
cossiga,/home/mhetac/Documents/GitHub/crossdem/datasets/prime_ministers/cossiga/csv_out/86555_cossiga_s2t.csv,0.436871996505024,0.0,2289
cossiga,/home/mhetac/Documents/GitHub/crossdem/datasets/prime_ministers/cossiga/csv_out/87293_cossiga_s2t.csv,2.0954598370197903,0.0,4295
cossiga,/home/mhetac/Documents/GitHub/crossdem/datasets/prime_ministers/cossiga/csv_out/85849_cossiga_s2t.csv,2.2598870056497176,0.0,3540
cossiga,/home/mhetac/Documents/GitHub/crossdem/datasets/prime_ministers/cossiga/csv_out/83586_cossiga_s2t.csv,1.2552301255230125,0.0,2390
cossiga,/home/mhetac/Documents/GitHub/crossdem/datasets/prime_ministers/cossiga/csv_out/73574_cossiga_s2t.csv,3.0454042081949058,0.0,3612
cossiga,/home/mhetac/Documents/GitHub/crossdem/datasets/prime_ministers/cossiga/csv_out/72426_cossiga_s2t.csv,0.7833920877399139,0.0,2553
cossiga,/home/mhetac/Documents/GitHub/crossdem/datasets/prime_ministers/cossiga/csv_out/72591_cossiga_s2t.csv,0.8488964346349746,0.0,1178
cossiga,/home/mhetac/Documents/GitHub/crossdem/datasets/prime_ministers/cossiga/csv_out/69120_cossiga_s2t.csv,5.446166736489317,0.0,2387
cossiga,/home/mhetac/Documents/GitHub/crossdem/datasets/prime_ministers/cossiga/csv_out/61969_cossiga_s2t.csv,3.1382684142514305,0.0,5417
cossiga,/home/mhetac/Documents/GitHub/crossdem/datasets/prime_ministers/cossiga/csv_out/56050_cossiga_s2t.csv,1.9488956258120398,0.0,4618
cossiga,/home/mhetac/Documents/GitHub/crossdem/datasets/prime_ministers/cossiga/csv_out/45145_cossiga_s2t.csv,2.010827532869296,0.0,6465
cossiga,/home/mhetac/Documents/GitHub/crossdem/datasets/prime_ministers/cossiga/csv_out/42895_cossiga_s2t.csv,2.1019442984760905,0.0,3806
cossiga,/home/mhetac/Documents/GitHub/crossdem/datasets/prime_ministers/cossiga/csv_out/41818_cossiga_s2t.csv,2.384500745156483,0.0,3355
cossiga,/home/mhetac/Documents/GitHub/crossdem/datasets/prime_ministers/cossiga/csv_out/41771_cossiga_s2t.csv,2.9207740051113547,0.0,2739
cossiga,/home/mhetac/Documents/GitHub/crossdem/datasets/prime_ministers/cossiga/csv_out/35734_cossiga_s2t.csv,1.9193857965451055,0.0,521
cossiga,/home/mhetac/Documents/GitHub/crossdem/datasets/prime_ministers/cossiga/csv_out/281282_cossiga_s2t.csv,1.3568521031207599,0.0,1474
cossiga,/home/mhetac/Documents/GitHub/crossdem/datasets/prime_ministers/cossiga/csv_out/254664_cossiga_s2t.csv,3.2467532467532467,0.0,616
cossiga,/home/mhetac/Documents/GitHub/crossdem/datasets/prime_ministers/cossiga/csv_out/253201_cossiga_s2t.csv,0.0,0.0,380
cossiga,/home/mhetac/Documents/GitHub/crossdem/datasets/prime_ministers/cossiga/csv_out/245869_cossiga_s2t.csv,0.0,0.0,140
cossiga,/home/mhetac/Documents/GitHub/crossdem/datasets/prime_ministers/cossiga/csv_out/245519_cossiga_s2t.csv,3.4904013961605584,0.0,573
cossiga,/home/mhetac/Documents/GitHub/crossdem/datasets/prime_ministers/cossiga/csv_out/221222_cossiga_s2t.csv,5.439005439005439,0.0,1287
cossiga,/home/mhetac/Documents/GitHub/crossdem/datasets/prime_ministers/cossiga/csv_out/218726_cossiga_s2t.csv,4.926108374384237,0.0,203
cossiga,/home/mhetac/Documents/GitHub/crossdem/datasets/prime_ministers/cossiga/csv_out/207066_cossiga_s2t.csv,3.02571860816944,0.0,1983
cossiga,/home/mhetac/Documents/GitHub/crossdem/datasets/prime_ministers/cossiga/csv_out/205986_cossiga_s2t.csv,2.2123893805309733,0.0,904
cossiga,/home/mhetac/Documents/GitHub/crossdem/datasets/prime_ministers/cossiga/csv_out/204893_cossiga_s2t.csv,0.0,0.0,233
cossiga,/home/mhetac/Documents/GitHub/crossdem/datasets/prime_ministers/cossiga/csv_out/205358_cossiga_s2t.csv,0.7527286413248024,0.0,2657
cossiga,/home/mhetac/Documents/GitHub/crossdem/datasets/prime_ministers/cossiga/csv_out/204750_cossiga_s2t.csv,0.9803921568627451,0.0,2040
cossiga,/home/mhetac/Documents/GitHub/crossdem/datasets/prime_ministers/cossiga/csv_out/164015_cossiga_s2t.csv,2.0599679560540167,0.0,4369
cossiga,/home/mhetac/Documents/GitHub/crossdem/datasets/prime_ministers/cossiga/csv_out/163348_cossiga_s2t.csv,3.9027851694163562,0.0,5637
cossiga,/home/mhetac/Documents/GitHub/crossdem/datasets/prime_ministers/cossiga/csv_out/162879_cossiga_s2t.csv,4.640371229698376,0.0,1724
cossiga,/home/mhetac/Documents/GitHub/crossdem/datasets/prime_ministers/cossiga/csv_out/162873_cossiga_s2t.csv,6.593859468370081,0.0,4853
cossiga,/home/mhetac/Documents/GitHub/crossdem/datasets/prime_ministers/cossiga/csv_out/159450_cossiga_s2t.csv,4.417448923246825,0.0,1811
cossiga,/home/mhetac/Documents/GitHub/crossdem/datasets/prime_ministers/cossiga/csv_out/158661_cossiga_s2t.csv,2.4630541871921183,0.0,2030
cossiga,/home/mhetac/Documents/GitHub/crossdem/datasets/prime_ministers/cossiga/csv_out/158267_cossiga_s2t.csv,0.6309148264984227,0.0,1585
cossiga,/home/mhetac/Documents/GitHub/crossdem/datasets/prime_ministers/cossiga/csv_out/157846_cossiga_s2t.csv,0.0,0.0,70
cossiga,/home/mhetac/Documents/GitHub/crossdem/datasets/prime_ministers/cossiga/csv_out/158112_cossiga_s2t.csv,2.34192037470726,0.0,1708
cossiga,/home/mhetac/Documents/GitHub/crossdem/datasets/prime_ministers/cossiga/csv_out/157279_cossiga_s2t.csv,0.8396305625524769,42.5531914893617,2382
cossiga,/home/mhetac/Documents/GitHub/crossdem/datasets/prime_ministers/cossiga/csv_out/156729_cossiga_s2t.csv,10.4754230459307,0.0,1241
cossiga,/home/mhetac/Documents/GitHub/crossdem/datasets/prime_ministers/cossiga/csv_out/157486_cossiga_s2t.csv,1.942690626517727,0.0,2059
cossiga,/home/mhetac/Documents/GitHub/crossdem/datasets/prime_ministers/cossiga/csv_out/156252_cossiga_s2t.csv,3.216726980297547,0.0,2487
cossiga,/home/mhetac/Documents/GitHub/crossdem/datasets/prime_ministers/cossiga/csv_out/156256_cossiga_s2t.csv,4.258943781942079,0.0,1174
cossiga,/home/mhetac/Documents/GitHub/crossdem/datasets/prime_ministers/cossiga/csv_out/155531_cossiga_s2t.csv,0.0,0.0,972
cossiga,/home/mhetac/Documents/GitHub/crossdem/datasets/prime_ministers/cossiga/csv_out/155730_cossiga_s2t.csv,1.413760603204524,0.0,2122
cossiga,/home/mhetac/Documents/GitHub/crossdem/datasets/prime_ministers/cossiga/csv_out/155169_cossiga_s2t.csv,6.076975016880486,0.0,1481
cossiga,/home/mhetac/Documents/GitHub/crossdem/datasets/prime_ministers/cossiga/csv_out/154716_cossiga_s2t.csv,4.102946661693398,0.0,2681
cossiga,/home/mhetac/Documents/GitHub/crossdem/datasets/prime_ministers/cossiga/csv_out/154524_cossiga_s2t.csv,5.8626465661641545,83.33333333333333,1194
cossiga,/home/mhetac/Documents/GitHub/crossdem/datasets/prime_ministers/cossiga/csv_out/155773_cossiga_s2t.csv,0.0,0.0,312
cossiga,/home/mhetac/Documents/GitHub/crossdem/datasets/prime_ministers/cossiga/csv_out/154637_cossiga_s2t.csv,2.525252525252525,0.0,1188
cossiga,/home/mhetac/Documents/GitHub/crossdem/datasets/prime_ministers/cossiga/csv_out/154347_cossiga_s2t.csv,1.5873015873015872,0.0,1890
cossiga,/home/mhetac/Documents/GitHub/crossdem/datasets/prime_ministers/cossiga/csv_out/154139_cossiga_s2t.csv,1.834862385321101,0.0,2180
cossiga,/home/mhetac/Documents/GitHub/crossdem/datasets/prime_ministers/cossiga/csv_out/153600_cossiga_s2t.csv,8.363201911589009,0.0,837
cossiga,/home/mhetac/Documents/GitHub/crossdem/datasets/prime_ministers/cossiga/csv_out/153598_cossiga_s2t.csv,1.1961722488038278,0.0,1672
cossiga,/home/mhetac/Documents/GitHub/crossdem/datasets/prime_ministers/cossiga/csv_out/153040_cossiga_s2t.csv,2.014388489208633,0.0,3475
cossiga,/home/mhetac/Documents/GitHub/crossdem/datasets/prime_ministers/cossiga/csv_out/152484_cossiga_s2t.csv,3.402250719706883,0.0,3821
cossiga,/home/mhetac/Documents/GitHub/crossdem/datasets/prime_ministers/cossiga/csv_out/152232_cossiga_s2t.csv,0.5844535359438925,0.0,1711
cossiga,/home/mhetac/Documents/GitHub/crossdem/datasets/prime_ministers/cossiga/csv_out/151440_cossiga_s2t.csv,2.949852507374631,0.0,1017
cossiga,/home/mhetac/Documents/GitHub/crossdem/datasets/prime_ministers/cossiga/csv_out/151024_cossiga_s2t.csv,3.9564787339268053,0.0,1011
cossiga,/home/mhetac/Documents/GitHub/crossdem/datasets/prime_ministers/cossiga/csv_out/149045_cossiga_s2t.csv,0.0,0.0,163
cossiga,/home/mhetac/Documents/GitHub/crossdem/datasets/prime_ministers/cossiga/csv_out/147878_cossiga_s2t.csv,0.8032128514056225,0.0,1245
cossiga,/home/mhetac/Documents/GitHub/crossdem/datasets/prime_ministers/cossiga/csv_out/147764_cossiga_s2t.csv,2.0725388601036268,0.0,1930
cossiga,/home/mhetac/Documents/GitHub/crossdem/datasets/prime_ministers/cossiga/csv_out/148152_cossiga_s2t.csv,0.0,0.0,1038
cossiga,/home/mhetac/Documents/GitHub/crossdem/datasets/prime_ministers/cossiga/csv_out/147763_cossiga_s2t.csv,3.284072249589491,0.0,3045
cossiga,/home/mhetac/Documents/GitHub/crossdem/datasets/prime_ministers/cossiga/csv_out/147762_cossiga_s2t.csv,3.61247947454844,0.0,3045
cossiga,/home/mhetac/Documents/GitHub/crossdem/datasets/prime_ministers/cossiga/csv_out/148512_cossiga_s2t.csv,0.0,90.9090909090909,827
cossiga,/home/mhetac/Documents/GitHub/crossdem/datasets/prime_ministers/cossiga/csv_out/146737_cossiga_s2t.csv,0.9088155104513783,0.0,3301
cossiga,/home/mhetac/Documents/GitHub/crossdem/datasets/prime_ministers/cossiga/csv_out/144885_cossiga_s2t.csv,0.0,0.0,1172
cossiga,/home/mhetac/Documents/GitHub/crossdem/datasets/prime_ministers/cossiga/csv_out/144326_cossiga_s2t.csv,0.0,0.0,40
cossiga,/home/mhetac/Documents/GitHub/crossdem/datasets/prime_ministers/cossiga/csv_out/144319_cossiga_s2t.csv,0.0,0.0,35
cossiga,/home/mhetac/Documents/GitHub/crossdem/datasets/prime_ministers/cossiga/csv_out/144048_cossiga_s2t.csv,4.1928721174004195,0.0,1908
cossiga,/home/mhetac/Documents/GitHub/crossdem/datasets/prime_ministers/cossiga/csv_out/143662_cossiga_s2t.csv,0.0,0.0,659
cossiga,/home/mhetac/Documents/GitHub/crossdem/datasets/prime_ministers/cossiga/csv_out/138765_cossiga_s2t.csv,2.589331952356292,0.0,1931
cossiga,/home/mhetac/Documents/GitHub/crossdem/datasets/prime_ministers/cossiga/csv_out/138768_cossiga_s2t.csv,1.8552875695732838,0.0,1078
cossiga,/home/mhetac/Documents/GitHub/crossdem/datasets/prime_ministers/cossiga/csv_out/137693_cossiga_s2t.csv,0.6644518272425249,0.0,1505
cossiga,/home/mhetac/Documents/GitHub/crossdem/datasets/prime_ministers/cossiga/csv_out/135643_cossiga_s2t.csv,1.2422360248447204,0.0,1610
cossiga,/home/mhetac/Documents/GitHub/crossdem/datasets/prime_ministers/cossiga/csv_out/135031_cossiga_s2t.csv,1.9896538002387585,0.0,2513
cossiga,/home/mhetac/Documents/GitHub/crossdem/datasets/prime_ministers/cossiga/csv_out/134486_cossiga_s2t.csv,4.044489383215369,0.0,3956
cossiga,/home/mhetac/Documents/GitHub/crossdem/datasets/prime_ministers/cossiga/csv_out/132733_cossiga_s2t.csv,8.143322475570033,0.0,614
cossiga,/home/mhetac/Documents/GitHub/crossdem/datasets/prime_ministers/cossiga/csv_out/132760_cossiga_s2t.csv,2.2143489813994686,0.0,2258
cossiga,/home/mhetac/Documents/GitHub/crossdem/datasets/prime_ministers/cossiga/csv_out/132030_cossiga_s2t.csv,2.338269680436477,0.0,1283
cossiga,/home/mhetac/Documents/GitHub/crossdem/datasets/prime_ministers/cossiga/csv_out/129702_cossiga_s2t.csv,2.444987775061125,0.0,409
cossiga,/home/mhetac/Documents/GitHub/crossdem/datasets/prime_ministers/cossiga/csv_out/131877_cossiga_s2t.csv,0.0,0.0,687
cossiga,/home/mhetac/Documents/GitHub/crossdem/datasets/prime_ministers/cossiga/csv_out/129584_cossiga_s2t.csv,0.0,0.0,80
cossiga,/home/mhetac/Documents/GitHub/crossdem/datasets/prime_ministers/cossiga/csv_out/127188_cossiga_s2t.csv,3.714020427112349,0.0,1077
cossiga,/home/mhetac/Documents/GitHub/crossdem/datasets/prime_ministers/cossiga/csv_out/119008_cossiga_s2t.csv,0.0,0.0,45
cossiga,/home/mhetac/Documents/GitHub/crossdem/datasets/prime_ministers/cossiga/csv_out/118967_cossiga_s2t.csv,0.0,0.0,426
cossiga,/home/mhetac/Documents/GitHub/crossdem/datasets/prime_ministers/cossiga/csv_out/116156_cossiga_s2t.csv,0.0,0.0,30
cossiga,/home/mhetac/Documents/GitHub/crossdem/datasets/prime_ministers/cossiga/csv_out/116242_cossiga_s2t.csv,0.0,0.0,100
cossiga,/home/mhetac/Documents/GitHub/crossdem/datasets/prime_ministers/cossiga/csv_out/115160_cossiga_s2t.csv,1.3986013986013985,0.0,715
cossiga,/home/mhetac/Documents/GitHub/crossdem/datasets/prime_ministers/cossiga/csv_out/113957_cossiga_s2t.csv,0.0,0.0,1384
cossiga,/home/mhetac/Documents/GitHub/crossdem/datasets/prime_ministers/cossiga/csv_out/107647_cossiga_s2t.csv,0.0,0.0,120
cossiga,/home/mhetac/Documents/GitHub/crossdem/datasets/prime_ministers/cossiga/csv_out/105892_cossiga_s2t.csv,6.036217303822937,0.0,497
cossiga,/home/mhetac/Documents/GitHub/crossdem/datasets/prime_ministers/cossiga/csv_out/105561_cossiga_s2t.csv,0.0,0.0,255
cossiga,/home/mhetac/Documents/GitHub/crossdem/datasets/prime_ministers/cossiga/csv_out/105433_cossiga_s2t.csv,0.0,0.0,100
cossiga,/home/mhetac/Documents/GitHub/crossdem/datasets/prime_ministers/cossiga/csv_out/105182_cossiga_s2t.csv,2.8901734104046244,0.0,346
cossiga,/home/mhetac/Documents/GitHub/crossdem/datasets/prime_ministers/cossiga/csv_out/102948_cossiga_s2t.csv,0.0,0.0,10
cossiga,/home/mhetac/Documents/GitHub/crossdem/datasets/prime_ministers/cossiga/csv_out/97416_cossiga_s2t.csv,1.124859392575928,0.0,889
cossiga,/home/mhetac/Documents/GitHub/crossdem/datasets/prime_ministers/cossiga/csv_out/100986_cossiga_s2t.csv,0.0,0.0,341
cossiga,/home/mhetac/Documents/GitHub/crossdem/datasets/prime_ministers/cossiga/csv_out/93354_cossiga_s2t.csv,0.9354536950420954,0.0,1069
cossiga,/home/mhetac/Documents/GitHub/crossdem/datasets/prime_ministers/cossiga/csv_out/79609_cossiga_s2t.csv,5.760921747479597,0.0,2083
cossiga,/home/mhetac/Documents/GitHub/crossdem/datasets/prime_ministers/cossiga/csv_out/62393_cossiga_s2t.csv,1.7878426698450536,0.0,1678
cossiga,/home/mhetac/Documents/GitHub/crossdem/datasets/prime_ministers/cossiga/csv_out/69403_cossiga_s2t.csv,0.0,0.0,2292
cossiga,/home/mhetac/Documents/GitHub/crossdem/datasets/prime_ministers/cossiga/csv_out/55578_cossiga_s2t.csv,2.3923444976076556,0.0,836
cossiga,/home/mhetac/Documents/GitHub/crossdem/datasets/prime_ministers/cossiga/csv_out/51193_cossiga_s2t.csv,4.867872044506258,0.0,1438
cossiga,/home/mhetac/Documents/GitHub/crossdem/datasets/prime_ministers/cossiga/csv_out/46178_cossiga_s2t.csv,5.416666666666667,0.0,2400
cossiga,/home/mhetac/Documents/GitHub/crossdem/datasets/prime_ministers/cossiga/csv_out/46177_cossiga_s2t.csv,0.0,0.0,628
cossiga,/home/mhetac/Documents/GitHub/crossdem/datasets/prime_ministers/cossiga/csv_out/47506_cossiga_s2t.csv,1.2224938875305624,0.0,818
cossiga,/home/mhetac/Documents/GitHub/crossdem/datasets/prime_ministers/cossiga/csv_out/44388_cossiga_s2t.csv,0.0,0.0,35
cossiga,/home/mhetac/Documents/GitHub/crossdem/datasets/prime_ministers/cossiga/csv_out/45922_cossiga_s2t.csv,0.0,0.0,278
cossiga,/home/mhetac/Documents/GitHub/crossdem/datasets/prime_ministers/cossiga/csv_out/43383_cossiga_s2t.csv,0.0,0.0,90
cossiga,/home/mhetac/Documents/GitHub/crossdem/datasets/prime_ministers/cossiga/csv_out/46933_cossiga_s2t.csv,0.0,0.0,55
cossiga,/home/mhetac/Documents/GitHub/crossdem/datasets/prime_ministers/cossiga/csv_out/40444_cossiga_s2t.csv,2.336448598130841,0.0,428
cossiga,/home/mhetac/Documents/GitHub/crossdem/datasets/prime_ministers/cossiga/csv_out/39816_cossiga_s2t.csv,0.4286326618088298,0.0,2333
cossiga,/home/mhetac/Documents/GitHub/crossdem/datasets/prime_ministers/cossiga/csv_out/39254_cossiga_s2t.csv,0.0,0.0,253
cossiga,/home/mhetac/Documents/GitHub/crossdem/datasets/prime_ministers/cossiga/csv_out/39162_cossiga_s2t.csv,7.4812967581047385,0.0,401
cossiga,/home/mhetac/Documents/GitHub/crossdem/datasets/prime_ministers/cossiga/csv_out/38758_cossiga_s2t.csv,8.097165991902834,0.0,988
cossiga,/home/mhetac/Documents/GitHub/crossdem/datasets/prime_ministers/cossiga/csv_out/38267_cossiga_s2t.csv,1.1682242990654206,0.0,856
cossiga,/home/mhetac/Documents/GitHub/crossdem/datasets/prime_ministers/cossiga/csv_out/200623_cossiga_s2t.csv,1.053740779768177,0.0,3796
cossiga,/home/mhetac/Documents/GitHub/crossdem/datasets/prime_ministers/cossiga/csv_out/137968_cossiga_s2t.csv,1.1673151750972763,9.70873786407767,5140
cossiga,/home/mhetac/Documents/GitHub/crossdem/datasets/prime_ministers/cossiga/csv_out/137969_cossiga_s2t.csv,3.6437246963562755,0.0,4940
cossiga,/home/mhetac/Documents/GitHub/crossdem/datasets/prime_ministers/cossiga/csv_out/232888_cossiga_s2t.csv,3.2639738882088944,0.0,2451
cossiga,/home/mhetac/Documents/GitHub/crossdem/datasets/prime_ministers/cossiga/csv_out/204534_cossiga_s2t.csv,1.5756302521008403,0.0,3808
cossiga,/home/mhetac/Documents/GitHub/crossdem/datasets/prime_ministers/cossiga/csv_out/200262_cossiga_s2t.csv,3.8429865495470765,0.0,3643
cossiga,/home/mhetac/Documents/GitHub/crossdem/datasets/prime_ministers/cossiga/csv_out/197218_cossiga_s2t.csv,3.4280117531831538,0.0,4084
cossiga,/home/mhetac/Documents/GitHub/crossdem/datasets/prime_ministers/cossiga/csv_out/153625_cossiga_s2t.csv,3.3498397902709,0.0,6866
cossiga,/home/mhetac/Documents/GitHub/crossdem/datasets/prime_ministers/cossiga/csv_out/156427_cossiga_s2t.csv,2.0085362791865427,0.0,3983
cossiga,/home/mhetac/Documents/GitHub/crossdem/datasets/prime_ministers/cossiga/csv_out/152631_cossiga_s2t.csv,5.5611729019211324,0.0,1978
cossiga,/home/mhetac/Documents/GitHub/crossdem/datasets/prime_ministers/cossiga/csv_out/151685_cossiga_s2t.csv,1.8671645772205923,0.0,3749
cossiga,/home/mhetac/Documents/GitHub/crossdem/datasets/prime_ministers/cossiga/csv_out/155179_cossiga_s2t.csv,4.464997608036995,21.73913043478261,6271
cossiga,/home/mhetac/Documents/GitHub/crossdem/datasets/prime_ministers/cossiga/csv_out/149573_cossiga_s2t.csv,3.273577552611068,0.0,6415
cossiga,/home/mhetac/Documents/GitHub/crossdem/datasets/prime_ministers/cossiga/csv_out/149574_cossiga_s2t.csv,0.0,0.0,85
cossiga,/home/mhetac/Documents/GitHub/crossdem/datasets/prime_ministers/cossiga/csv_out/145931_cossiga_s2t.csv,2.5235145675613673,0.0,4359
cossiga,/home/mhetac/Documents/GitHub/crossdem/datasets/prime_ministers/cossiga/csv_out/145932_cossiga_s2t.csv,5.970149253731344,0.0,335
cossiga,/home/mhetac/Documents/GitHub/crossdem/datasets/prime_ministers/cossiga/csv_out/144740_cossiga_s2t.csv,3.7152913570590536,21.73913043478261,5114
cossiga,/home/mhetac/Documents/GitHub/crossdem/datasets/prime_ministers/cossiga/csv_out/144066_cossiga_s2t.csv,5.584950029394474,4.672897196261682,6804
cossiga,/home/mhetac/Documents/GitHub/crossdem/datasets/prime_ministers/cossiga/csv_out/136386_cossiga_s2t.csv,4.890495428449926,0.0,4703
cossiga,/home/mhetac/Documents/GitHub/crossdem/datasets/prime_ministers/cossiga/csv_out/125973_cossiga_s2t.csv,1.7448961786773687,0.0,5731
cossiga,/home/mhetac/Documents/GitHub/crossdem/datasets/prime_ministers/cossiga/csv_out/118240_cossiga_s2t.csv,3.6101083032490973,0.0,3601
cossiga,/home/mhetac/Documents/GitHub/crossdem/datasets/prime_ministers/cossiga/csv_out/127262_cossiga_s2t.csv,3.3919864320542716,0.0,4717
cossiga,/home/mhetac/Documents/GitHub/crossdem/datasets/prime_ministers/cossiga/csv_out/115278_cossiga_s2t.csv,4.9523809523809526,0.0,2625
cossiga,/home/mhetac/Documents/GitHub/crossdem/datasets/prime_ministers/cossiga/csv_out/123530_cossiga_s2t.csv,0.9601536245799328,0.0,10415
cossiga,/home/mhetac/Documents/GitHub/crossdem/datasets/prime_ministers/cossiga/csv_out/106497_cossiga_s2t.csv,2.778145257309168,0.0,7559
cossiga,/home/mhetac/Documents/GitHub/crossdem/datasets/prime_ministers/cossiga/csv_out/102611_cossiga_s2t.csv,0.0,0.0,810
cossiga,/home/mhetac/Documents/GitHub/crossdem/datasets/prime_ministers/cossiga/csv_out/95623_cossiga_s2t.csv,1.0467550593161201,0.0,5732
cossiga,/home/mhetac/Documents/GitHub/crossdem/datasets/prime_ministers/cossiga/csv_out/96124_cossiga_s2t.csv,1.8469115534578289,0.0,4873
cossiga,/home/mhetac/Documents/GitHub/crossdem/datasets/prime_ministers/cossiga/csv_out/89096_cossiga_s2t.csv,1.0550378055213645,0.0,5687
cossiga,/home/mhetac/Documents/GitHub/crossdem/datasets/prime_ministers/cossiga/csv_out/89385_cossiga_s2t.csv,1.2371134020618557,0.0,4850
cossiga,/home/mhetac/Documents/GitHub/crossdem/datasets/prime_ministers/cossiga/csv_out/83433_cossiga_s2t.csv,4.200210010500525,0.0,2857
cossiga,/home/mhetac/Documents/GitHub/crossdem/datasets/prime_ministers/cossiga/csv_out/87343_cossiga_s2t.csv,2.507522567703109,0.0,3988
cossiga,/home/mhetac/Documents/GitHub/crossdem/datasets/prime_ministers/cossiga/csv_out/64327_cossiga_s2t.csv,4.636785162287481,0.0,5823
cossiga,/home/mhetac/Documents/GitHub/crossdem/datasets/prime_ministers/cossiga/csv_out/64635_cossiga_s2t.csv,3.271692745376956,0.0,7030
cossiga,/home/mhetac/Documents/GitHub/crossdem/datasets/prime_ministers/cossiga/csv_out/58426_cossiga_s2t.csv,1.0339123242349049,0.0,4836
cossiga,/home/mhetac/Documents/GitHub/crossdem/datasets/prime_ministers/cossiga/csv_out/52849_cossiga_s2t.csv,6.752608962553714,0.0,3258
cossiga,/home/mhetac/Documents/GitHub/crossdem/datasets/prime_ministers/cossiga/csv_out/38531_cossiga_s2t.csv,4.042037186742118,0.0,2474
cossiga,/home/mhetac/Documents/GitHub/crossdem/datasets/prime_ministers/cossiga/csv_out/8614_cossiga_s2t.csv,0.0,0.0,620
cossiga,/home/mhetac/Documents/GitHub/crossdem/datasets/prime_ministers/cossiga/csv_out/221699_cossiga_s2t.csv,0.0,0.0,49
cossiga,/home/mhetac/Documents/GitHub/crossdem/datasets/prime_ministers/cossiga/csv_out/204911_cossiga_s2t.csv,0.0,0.0,56
cossiga,/home/mhetac/Documents/GitHub/crossdem/datasets/prime_ministers/cossiga/csv_out/83276_cossiga_s2t.csv,1.4364063724209977,0.0,7658
cossiga,/home/mhetac/Documents/GitHub/crossdem/datasets/prime_ministers/cossiga/csv_out/134764_cossiga_s2t.csv,1.723543605653223,0.0,2901
cossiga,/home/mhetac/Documents/GitHub/crossdem/datasets/prime_ministers/cossiga/csv_out/130065_cossiga_s2t.csv,1.3932427725531173,0.0,5742
cossiga,/home/mhetac/Documents/GitHub/crossdem/datasets/prime_ministers/cossiga/csv_out/117921_cossiga_s2t.csv,3.5629453681710213,0.0,842
cossiga,/home/mhetac/Documents/GitHub/crossdem/datasets/prime_ministers/cossiga/csv_out/106636_cossiga_s2t.csv,2.0743301642178045,0.0,5785
cossiga,/home/mhetac/Documents/GitHub/crossdem/datasets/prime_ministers/cossiga/csv_out/12504_cossiga_s2t.csv,5.414648047876888,0.0,3509
cossiga,/home/mhetac/Documents/GitHub/crossdem/datasets/prime_ministers/cossiga/csv_out/104126_cossiga_s2t.csv,1.4115749142972374,0.0,4959
cossiga,/home/mhetac/Documents/GitHub/crossdem/datasets/prime_ministers/cossiga/csv_out/103544_cossiga_s2t.csv,2.962085308056872,0.0,8440
cossiga,/home/mhetac/Documents/GitHub/crossdem/datasets/prime_ministers/cossiga/csv_out/89067_cossiga_s2t.csv,0.7407407407407407,0.0,2700
cossiga,/home/mhetac/Documents/GitHub/crossdem/datasets/prime_ministers/cossiga/csv_out/70902_cossiga_s2t.csv,1.9656439620545252,0.0,11701
forlani,/home/mhetac/Documents/GitHub/crossdem/datasets/prime_ministers/forlani/csv_out/368062_forlani_s2t.csv,0.0,0.0,223
forlani,/home/mhetac/Documents/GitHub/crossdem/datasets/prime_ministers/forlani/csv_out/264272_forlani_s2t.csv,2.7144408251900107,0.0,3684
forlani,/home/mhetac/Documents/GitHub/crossdem/datasets/prime_ministers/forlani/csv_out/215096_forlani_s2t.csv,0.8695652173913043,0.0,2300
forlani,/home/mhetac/Documents/GitHub/crossdem/datasets/prime_ministers/forlani/csv_out/208863_forlani_s2t.csv,0.8025682182985554,0.0,1246
forlani,/home/mhetac/Documents/GitHub/crossdem/datasets/prime_ministers/forlani/csv_out/162568_forlani_s2t.csv,11.00762066045724,0.0,1181
forlani,/home/mhetac/Documents/GitHub/crossdem/datasets/prime_ministers/forlani/csv_out/151355_forlani_s2t.csv,0.8492569002123143,0.0,4710
forlani,/home/mhetac/Documents/GitHub/crossdem/datasets/prime_ministers/forlani/csv_out/141175_forlani_s2t.csv,6.912442396313364,0.0,2170
forlani,/home/mhetac/Documents/GitHub/crossdem/datasets/prime_ministers/forlani/csv_out/94771_forlani_s2t.csv,1.1269722013523666,0.0,2662
forlani,/home/mhetac/Documents/GitHub/crossdem/datasets/prime_ministers/forlani/csv_out/49344_forlani_s2t.csv,1.8094089264173703,0.0,1658
forlani,/home/mhetac/Documents/GitHub/crossdem/datasets/prime_ministers/forlani/csv_out/48626_forlani_s2t.csv,4.193548387096774,0.0,3100
forlani,/home/mhetac/Documents/GitHub/crossdem/datasets/prime_ministers/forlani/csv_out/46078_forlani_s2t.csv,0.6784260515603799,0.0,4422
forlani,/home/mhetac/Documents/GitHub/crossdem/datasets/prime_ministers/forlani/csv_out/46077_forlani_s2t.csv,0.5633802816901409,0.0,1775
forlani,/home/mhetac/Documents/GitHub/crossdem/datasets/prime_ministers/forlani/csv_out/45170_forlani_s2t.csv,1.128243700639338,0.0,2659
forlani,/home/mhetac/Documents/GitHub/crossdem/datasets/prime_ministers/forlani/csv_out/43013_forlani_s2t.csv,3.7126415444588825,0.0,5387
forlani,/home/mhetac/Documents/GitHub/crossdem/datasets/prime_ministers/forlani/csv_out/43908_forlani_s2t.csv,0.46882325363338023,0.0,4266
forlani,/home/mhetac/Documents/GitHub/crossdem/datasets/prime_ministers/forlani/csv_out/41264_forlani_s2t.csv,0.9615384615384616,0.0,1040
forlani,/home/mhetac/Documents/GitHub/crossdem/datasets/prime_ministers/forlani/csv_out/41776_forlani_s2t.csv,0.46221400508435406,0.0,4327
forlani,/home/mhetac/Documents/GitHub/crossdem/datasets/prime_ministers/forlani/csv_out/38959_forlani_s2t.csv,4.3547110055423595,0.0,5052
forlani,/home/mhetac/Documents/GitHub/crossdem/datasets/prime_ministers/forlani/csv_out/58802_forlani_s2t.csv,5.220883534136546,0.0,2490
forlani,/home/mhetac/Documents/GitHub/crossdem/datasets/prime_ministers/forlani/csv_out/35358_forlani_s2t.csv,0.36284470246734396,0.0,2756
forlani,/home/mhetac/Documents/GitHub/crossdem/datasets/prime_ministers/forlani/csv_out/34001_forlani_s2t.csv,3.8669760247486464,0.0,1293
forlani,/home/mhetac/Documents/GitHub/crossdem/datasets/prime_ministers/forlani/csv_out/33836_forlani_s2t.csv,1.4713094654242276,0.0,2039
forlani,/home/mhetac/Documents/GitHub/crossdem/datasets/prime_ministers/forlani/csv_out/33835_forlani_s2t.csv,1.6098738932116985,0.0,3727
forlani,/home/mhetac/Documents/GitHub/crossdem/datasets/prime_ministers/forlani/csv_out/31651_forlani_s2t.csv,0.0,0.0,958
forlani,/home/mhetac/Documents/GitHub/crossdem/datasets/prime_ministers/forlani/csv_out/58757_forlani_s2t.csv,0.0,0.0,2991
forlani,/home/mhetac/Documents/GitHub/crossdem/datasets/prime_ministers/forlani/csv_out/24564_forlani_s2t.csv,0.8032128514056225,0.0,2490
forlani,/home/mhetac/Documents/GitHub/crossdem/datasets/prime_ministers/forlani/csv_out/58745_forlani_s2t.csv,0.0,0.0,550
forlani,/home/mhetac/Documents/GitHub/crossdem/datasets/prime_ministers/forlani/csv_out/21366_forlani_s2t.csv,0.522466039707419,0.0,1914
forlani,/home/mhetac/Documents/GitHub/crossdem/datasets/prime_ministers/forlani/csv_out/21301_forlani_s2t.csv,0.0,0.0,451
forlani,/home/mhetac/Documents/GitHub/crossdem/datasets/prime_ministers/forlani/csv_out/12519_forlani_s2t.csv,2.8112449799196786,0.0,2490
forlani,/home/mhetac/Documents/GitHub/crossdem/datasets/prime_ministers/forlani/csv_out/32272_forlani_s2t.csv,0.0,0.0,45
forlani,/home/mhetac/Documents/GitHub/crossdem/datasets/prime_ministers/forlani/csv_out/155917_forlani_s2t.csv,11.135857461024498,0.0,449
forlani,/home/mhetac/Documents/GitHub/crossdem/datasets/prime_ministers/forlani/csv_out/91398_forlani_s2t.csv,0.0,0.0,655
forlani,/home/mhetac/Documents/GitHub/crossdem/datasets/prime_ministers/forlani/csv_out/47396_forlani_s2t.csv,10.152284263959391,0.0,197
forlani,/home/mhetac/Documents/GitHub/crossdem/datasets/prime_ministers/forlani/csv_out/47314_forlani_s2t.csv,0.0,0.0,427
forlani,/home/mhetac/Documents/GitHub/crossdem/datasets/prime_ministers/forlani/csv_out/44377_forlani_s2t.csv,1.6318537859007833,0.0,3064
forlani,/home/mhetac/Documents/GitHub/crossdem/datasets/prime_ministers/forlani/csv_out/43017_forlani_s2t.csv,0.0,0.0,10
forlani,/home/mhetac/Documents/GitHub/crossdem/datasets/prime_ministers/forlani/csv_out/39460_forlani_s2t.csv,0.0,0.0,8
forlani,/home/mhetac/Documents/GitHub/crossdem/datasets/prime_ministers/forlani/csv_out/39140_forlani_s2t.csv,0.0,0.0,334
forlani,/home/mhetac/Documents/GitHub/crossdem/datasets/prime_ministers/forlani/csv_out/39207_forlani_s2t.csv,0.0,0.0,270
forlani,/home/mhetac/Documents/GitHub/crossdem/datasets/prime_ministers/forlani/csv_out/39165_forlani_s2t.csv,0.0,0.0,455
forlani,/home/mhetac/Documents/GitHub/crossdem/datasets/prime_ministers/forlani/csv_out/39129_forlani_s2t.csv,7.092198581560283,0.0,423
forlani,/home/mhetac/Documents/GitHub/crossdem/datasets/prime_ministers/forlani/csv_out/75297_forlani_s2t.csv,1.3736263736263736,0.0,728
forlani,/home/mhetac/Documents/GitHub/crossdem/datasets/prime_ministers/forlani/csv_out/35069_forlani_s2t.csv,0.0,0.0,216
forlani,/home/mhetac/Documents/GitHub/crossdem/datasets/prime_ministers/forlani/csv_out/32661_forlani_s2t.csv,0.0,0.0,166
forlani,/home/mhetac/Documents/GitHub/crossdem/datasets/prime_ministers/forlani/csv_out/32307_forlani_s2t.csv,3.167898627243928,0.0,947
forlani,/home/mhetac/Documents/GitHub/crossdem/datasets/prime_ministers/forlani/csv_out/32021_forlani_s2t.csv,11.627906976744185,0.0,258
forlani,/home/mhetac/Documents/GitHub/crossdem/datasets/prime_ministers/forlani/csv_out/30858_forlani_s2t.csv,2.824858757062147,0.0,708
forlani,/home/mhetac/Documents/GitHub/crossdem/datasets/prime_ministers/forlani/csv_out/48897_forlani_s2t.csv,2.927088877062267,0.0,3758
forlani,/home/mhetac/Documents/GitHub/crossdem/datasets/prime_ministers/forlani/csv_out/45823_forlani_s2t.csv,3.9554117224020136,0.0,2781
forlani,/home/mhetac/Documents/GitHub/crossdem/datasets/prime_ministers/forlani/csv_out/45831_forlani_s2t.csv,7.575757575757576,0.0,4224
forlani,/home/mhetac/Documents/GitHub/crossdem/datasets/prime_ministers/forlani/csv_out/58822_forlani_s2t.csv,2.2675736961451247,0.0,3528
forlani,/home/mhetac/Documents/GitHub/crossdem/datasets/prime_ministers/forlani/csv_out/37413_forlani_s2t.csv,3.983071944236993,0.0,4017
forlani,/home/mhetac/Documents/GitHub/crossdem/datasets/prime_ministers/forlani/csv_out/35597_forlani_s2t.csv,2.1691973969631237,0.0,3227
forlani,/home/mhetac/Documents/GitHub/crossdem/datasets/prime_ministers/forlani/csv_out/33614_forlani_s2t.csv,2.7494108405341713,0.0,2546
forlani,/home/mhetac/Documents/GitHub/crossdem/datasets/prime_ministers/forlani/csv_out/32291_forlani_s2t.csv,2.5343189017951424,0.0,4735
forlani,/home/mhetac/Documents/GitHub/crossdem/datasets/prime_ministers/forlani/csv_out/32201_forlani_s2t.csv,2.0168067226890756,0.0,2975
forlani,/home/mhetac/Documents/GitHub/crossdem/datasets/prime_ministers/forlani/csv_out/32206_forlani_s2t.csv,1.6802016241949034,0.0,3571
forlani,/home/mhetac/Documents/GitHub/crossdem/datasets/prime_ministers/forlani/csv_out/58722_forlani_s2t.csv,0.0,0.0,272
forlani,/home/mhetac/Documents/GitHub/crossdem/datasets/prime_ministers/forlani/csv_out/319032_forlani_s2t.csv,0.0,0.0,531
forlani,/home/mhetac/Documents/GitHub/crossdem/datasets/prime_ministers/forlani/csv_out/71362_forlani_s2t.csv,0.0,0.0,966
forlani,/home/mhetac/Documents/GitHub/crossdem/datasets/prime_ministers/forlani/csv_out/60856_forlani_s2t.csv,0.0,0.0,927
forlani,/home/mhetac/Documents/GitHub/crossdem/datasets/prime_ministers/forlani/csv_out/47424_forlani_s2t.csv,0.0,0.0,395
forlani,/home/mhetac/Documents/GitHub/crossdem/datasets/prime_ministers/forlani/csv_out/32194_forlani_s2t.csv,5.133689839572193,0.0,4675
forlani,/home/mhetac/Documents/GitHub/crossdem/datasets/prime_ministers/forlani/csv_out/30893_forlani_s2t.csv,1.2861736334405145,0.0,1555
forlani,/home/mhetac/Documents/GitHub/crossdem/datasets/prime_ministers/forlani/csv_out/150145_forlani_s2t.csv,2.569593147751606,0.0,2335
forlani,/home/mhetac/Documents/GitHub/crossdem/datasets/prime_ministers/forlani/csv_out/138559_forlani_s2t.csv,1.0642071656615821,0.0,2819
forlani,/home/mhetac/Documents/GitHub/crossdem/datasets/prime_ministers/forlani/csv_out/113325_forlani_s2t.csv,2.8149190710767065,0.0,1421
forlani,/home/mhetac/Documents/GitHub/crossdem/datasets/prime_ministers/forlani/csv_out/48270_forlani_s2t.csv,5.059021922428331,0.0,1779
forlani,/home/mhetac/Documents/GitHub/crossdem/datasets/prime_ministers/forlani/csv_out/44878_forlani_s2t.csv,1.9075879610004238,0.0,4718
forlani,/home/mhetac/Documents/GitHub/crossdem/datasets/prime_ministers/forlani/csv_out/43712_forlani_s2t.csv,1.7023346303501945,0.0,4112
forlani,/home/mhetac/Documents/GitHub/crossdem/datasets/prime_ministers/forlani/csv_out/43711_forlani_s2t.csv,1.7462165308498254,0.0,1718
forlani,/home/mhetac/Documents/GitHub/crossdem/datasets/prime_ministers/forlani/csv_out/44638_forlani_s2t.csv,0.0,0.0,565
forlani,/home/mhetac/Documents/GitHub/crossdem/datasets/prime_ministers/forlani/csv_out/40700_forlani_s2t.csv,3.1380753138075312,0.0,2868
forlani,/home/mhetac/Documents/GitHub/crossdem/datasets/prime_ministers/forlani/csv_out/432275_forlani_s2t.csv,2.4252223120452707,0.0,1237
spadolini,/home/mhetac/Documents/GitHub/crossdem/datasets/prime_ministers/spadolini/csv_out/62035_spadolini_s2t.csv,1.1607661056297156,0.0,1723
spadolini,/home/mhetac/Documents/GitHub/crossdem/datasets/prime_ministers/spadolini/csv_out/57030_spadolini_s2t.csv,2.0429009193054135,12.048192771084338,3916
spadolini,/home/mhetac/Documents/GitHub/crossdem/datasets/prime_ministers/spadolini/csv_out/55247_spadolini_s2t.csv,4.317323259579061,0.0,1853
spadolini,/home/mhetac/Documents/GitHub/crossdem/datasets/prime_ministers/spadolini/csv_out/55504_spadolini_s2t.csv,1.1372251705837755,0.0,2638
spadolini,/home/mhetac/Documents/GitHub/crossdem/datasets/prime_ministers/spadolini/csv_out/52529_spadolini_s2t.csv,0.0,0.0,90
spadolini,/home/mhetac/Documents/GitHub/crossdem/datasets/prime_ministers/spadolini/csv_out/52432_spadolini_s2t.csv,0.0,0.0,173
spadolini,/home/mhetac/Documents/GitHub/crossdem/datasets/prime_ministers/spadolini/csv_out/52665_spadolini_s2t.csv,0.0,0.0,86
spadolini,/home/mhetac/Documents/GitHub/crossdem/datasets/prime_ministers/spadolini/csv_out/52525_spadolini_s2t.csv,3.7021801727684083,0.0,2431
spadolini,/home/mhetac/Documents/GitHub/crossdem/datasets/prime_ministers/spadolini/csv_out/53423_spadolini_s2t.csv,12.277730736663845,20.408163265306122,2362
spadolini,/home/mhetac/Documents/GitHub/crossdem/datasets/prime_ministers/spadolini/csv_out/50367_spadolini_s2t.csv,0.0,0.0,708
spadolini,/home/mhetac/Documents/GitHub/crossdem/datasets/prime_ministers/spadolini/csv_out/49853_spadolini_s2t.csv,0.5861664712778429,0.0,1706
spadolini,/home/mhetac/Documents/GitHub/crossdem/datasets/prime_ministers/spadolini/csv_out/49631_spadolini_s2t.csv,2.727768685215494,0.0,1833
spadolini,/home/mhetac/Documents/GitHub/crossdem/datasets/prime_ministers/spadolini/csv_out/49233_spadolini_s2t.csv,3.555741476678519,0.0,4781
spadolini,/home/mhetac/Documents/GitHub/crossdem/datasets/prime_ministers/spadolini/csv_out/49086_spadolini_s2t.csv,1.7164435290078957,0.0,2913
spadolini,/home/mhetac/Documents/GitHub/crossdem/datasets/prime_ministers/spadolini/csv_out/47315_spadolini_s2t.csv,2.824858757062147,0.0,2124
spadolini,/home/mhetac/Documents/GitHub/crossdem/datasets/prime_ministers/spadolini/csv_out/46058_spadolini_s2t.csv,0.9671179883945842,0.0,2068
spadolini,/home/mhetac/Documents/GitHub/crossdem/datasets/prime_ministers/spadolini/csv_out/46121_spadolini_s2t.csv,3.3829499323410013,54.054054054054056,1478
spadolini,/home/mhetac/Documents/GitHub/crossdem/datasets/prime_ministers/spadolini/csv_out/46076_spadolini_s2t.csv,2.918642831083546,0.0,2741
spadolini,/home/mhetac/Documents/GitHub/crossdem/datasets/prime_ministers/spadolini/csv_out/44860_spadolini_s2t.csv,1.1475786091347258,0.0,4357
spadolini,/home/mhetac/Documents/GitHub/crossdem/datasets/prime_ministers/spadolini/csv_out/46551_spadolini_s2t.csv,4.219409282700422,0.0,1896
spadolini,/home/mhetac/Documents/GitHub/crossdem/datasets/prime_ministers/spadolini/csv_out/51285_spadolini_s2t.csv,3.486750348675035,0.0,1434
spadolini,/home/mhetac/Documents/GitHub/crossdem/datasets/prime_ministers/spadolini/csv_out/43838_spadolini_s2t.csv,5.955603681645912,0.0,1847
spadolini,/home/mhetac/Documents/GitHub/crossdem/datasets/prime_ministers/spadolini/csv_out/44489_spadolini_s2t.csv,0.0,0.0,105
spadolini,/home/mhetac/Documents/GitHub/crossdem/datasets/prime_ministers/spadolini/csv_out/43417_spadolini_s2t.csv,2.3923444976076556,0.0,4180
spadolini,/home/mhetac/Documents/GitHub/crossdem/datasets/prime_ministers/spadolini/csv_out/43793_spadolini_s2t.csv,0.0,0.0,722
spadolini,/home/mhetac/Documents/GitHub/crossdem/datasets/prime_ministers/spadolini/csv_out/43712_spadolini_s2t.csv,0.8920606601248885,0.0,2242
spadolini,/home/mhetac/Documents/GitHub/crossdem/datasets/prime_ministers/spadolini/csv_out/75722_spadolini_s2t.csv,3.4877927254608867,0.0,4014
spadolini,/home/mhetac/Documents/GitHub/crossdem/datasets/prime_ministers/spadolini/csv_out/58806_spadolini_s2t.csv,2.594033722438392,0.0,2313
spadolini,/home/mhetac/Documents/GitHub/crossdem/datasets/prime_ministers/spadolini/csv_out/63514_spadolini_s2t.csv,2.272727272727273,0.0,880
spadolini,/home/mhetac/Documents/GitHub/crossdem/datasets/prime_ministers/spadolini/csv_out/40511_spadolini_s2t.csv,1.1402508551881414,0.0,1754
spadolini,/home/mhetac/Documents/GitHub/crossdem/datasets/prime_ministers/spadolini/csv_out/40102_spadolini_s2t.csv,2.172338884866039,0.0,2762
spadolini,/home/mhetac/Documents/GitHub/crossdem/datasets/prime_ministers/spadolini/csv_out/39902_spadolini_s2t.csv,0.6983240223463687,0.0,1432
spadolini,/home/mhetac/Documents/GitHub/crossdem/datasets/prime_ministers/spadolini/csv_out/43181_spadolini_s2t.csv,0.6553079947575361,0.0,1526
spadolini,/home/mhetac/Documents/GitHub/crossdem/datasets/prime_ministers/spadolini/csv_out/39613_spadolini_s2t.csv,2.1111893033075297,0.0,1421
spadolini,/home/mhetac/Documents/GitHub/crossdem/datasets/prime_ministers/spadolini/csv_out/38931_spadolini_s2t.csv,4.377964246625319,333.3333333333333,2741
spadolini,/home/mhetac/Documents/GitHub/crossdem/datasets/prime_ministers/spadolini/csv_out/38089_spadolini_s2t.csv,2.1398002853067046,0.0,1402
spadolini,/home/mhetac/Documents/GitHub/crossdem/datasets/prime_ministers/spadolini/csv_out/37520_spadolini_s2t.csv,2.223045572434235,0.0,2699
spadolini,/home/mhetac/Documents/GitHub/crossdem/datasets/prime_ministers/spadolini/csv_out/37340_spadolini_s2t.csv,2.6657780739753414,0.0,6002
spadolini,/home/mhetac/Documents/GitHub/crossdem/datasets/prime_ministers/spadolini/csv_out/75691_spadolini_s2t.csv,0.49358341559723595,0.0,2026
spadolini,/home/mhetac/Documents/GitHub/crossdem/datasets/prime_ministers/spadolini/csv_out/36476_spadolini_s2t.csv,3.690036900369004,26.31578947368421,1355
spadolini,/home/mhetac/Documents/GitHub/crossdem/datasets/prime_ministers/spadolini/csv_out/35960_spadolini_s2t.csv,0.7376444553725104,0.0,4067
spadolini,/home/mhetac/Documents/GitHub/crossdem/datasets/prime_ministers/spadolini/csv_out/35037_spadolini_s2t.csv,4.317323259579061,0.0,1853
spadolini,/home/mhetac/Documents/GitHub/crossdem/datasets/prime_ministers/spadolini/csv_out/35143_spadolini_s2t.csv,1.3000520020800832,0.0,3846
spadolini,/home/mhetac/Documents/GitHub/crossdem/datasets/prime_ministers/spadolini/csv_out/75650_spadolini_s2t.csv,1.819505094614265,0.0,2748
spadolini,/home/mhetac/Documents/GitHub/crossdem/datasets/prime_ministers/spadolini/csv_out/31645_spadolini_s2t.csv,2.6680896478121663,0.0,1874
spadolini,/home/mhetac/Documents/GitHub/crossdem/datasets/prime_ministers/spadolini/csv_out/32644_spadolini_s2t.csv,2.422145328719723,0.0,2890
spadolini,/home/mhetac/Documents/GitHub/crossdem/datasets/prime_ministers/spadolini/csv_out/75628_spadolini_s2t.csv,4.102096627164995,0.0,2194
spadolini,/home/mhetac/Documents/GitHub/crossdem/datasets/prime_ministers/spadolini/csv_out/28469_spadolini_s2t.csv,1.5319800842589046,0.0,2611
spadolini,/home/mhetac/Documents/GitHub/crossdem/datasets/prime_ministers/spadolini/csv_out/28311_spadolini_s2t.csv,5.017367811655731,45.45454545454545,2591
spadolini,/home/mhetac/Documents/GitHub/crossdem/datasets/prime_ministers/spadolini/csv_out/27734_spadolini_s2t.csv,2.8526148969889067,0.0,3155
spadolini,/home/mhetac/Documents/GitHub/crossdem/datasets/prime_ministers/spadolini/csv_out/27053_spadolini_s2t.csv,6.298110566829951,0.0,1429
spadolini,/home/mhetac/Documents/GitHub/crossdem/datasets/prime_ministers/spadolini/csv_out/27167_spadolini_s2t.csv,1.5067805123053741,0.0,1991
spadolini,/home/mhetac/Documents/GitHub/crossdem/datasets/prime_ministers/spadolini/csv_out/26595_spadolini_s2t.csv,4.7281323877068555,0.0,2115
spadolini,/home/mhetac/Documents/GitHub/crossdem/datasets/prime_ministers/spadolini/csv_out/25870_spadolini_s2t.csv,1.8987341772151898,0.0,3160
spadolini,/home/mhetac/Documents/GitHub/crossdem/datasets/prime_ministers/spadolini/csv_out/25526_spadolini_s2t.csv,1.0878433505575198,0.0,3677
spadolini,/home/mhetac/Documents/GitHub/crossdem/datasets/prime_ministers/spadolini/csv_out/23891_spadolini_s2t.csv,3.836317135549872,0.0,782
spadolini,/home/mhetac/Documents/GitHub/crossdem/datasets/prime_ministers/spadolini/csv_out/58747_spadolini_s2t.csv,2.8268551236749118,0.0,2830
spadolini,/home/mhetac/Documents/GitHub/crossdem/datasets/prime_ministers/spadolini/csv_out/22088_spadolini_s2t.csv,2.8129395218002813,0.0,1422
spadolini,/home/mhetac/Documents/GitHub/crossdem/datasets/prime_ministers/spadolini/csv_out/30428_spadolini_s2t.csv,2.3282887077997674,0.0,6013
spadolini,/home/mhetac/Documents/GitHub/crossdem/datasets/prime_ministers/spadolini/csv_out/20298_spadolini_s2t.csv,0.6583278472679395,0.0,1519
spadolini,/home/mhetac/Documents/GitHub/crossdem/datasets/prime_ministers/spadolini/csv_out/17003_spadolini_s2t.csv,2.8957528957528957,0.0,2072
spadolini,/home/mhetac/Documents/GitHub/crossdem/datasets/prime_ministers/spadolini/csv_out/16966_spadolini_s2t.csv,1.5047021943573669,0.0,7975
spadolini,/home/mhetac/Documents/GitHub/crossdem/datasets/prime_ministers/spadolini/csv_out/16936_spadolini_s2t.csv,1.4228799089356858,0.0,3514
spadolini,/home/mhetac/Documents/GitHub/crossdem/datasets/prime_ministers/spadolini/csv_out/16472_spadolini_s2t.csv,1.2195121951219512,0.0,3280
spadolini,/home/mhetac/Documents/GitHub/crossdem/datasets/prime_ministers/spadolini/csv_out/15069_spadolini_s2t.csv,2.764817694833247,0.0,5787
spadolini,/home/mhetac/Documents/GitHub/crossdem/datasets/prime_ministers/spadolini/csv_out/14271_spadolini_s2t.csv,0.36127167630057805,0.0,2768
spadolini,/home/mhetac/Documents/GitHub/crossdem/datasets/prime_ministers/spadolini/csv_out/9977_spadolini_s2t.csv,0.0,0.0,100
spadolini,/home/mhetac/Documents/GitHub/crossdem/datasets/prime_ministers/spadolini/csv_out/9956_spadolini_s2t.csv,1.0330578512396693,0.0,968
spadolini,/home/mhetac/Documents/GitHub/crossdem/datasets/prime_ministers/spadolini/csv_out/8605_spadolini_s2t.csv,0.8620689655172413,0.0,1160
spadolini,/home/mhetac/Documents/GitHub/crossdem/datasets/prime_ministers/spadolini/csv_out/14093_spadolini_s2t.csv,2.4154589371980677,0.0,414
spadolini,/home/mhetac/Documents/GitHub/crossdem/datasets/prime_ministers/spadolini/csv_out/13213_spadolini_s2t.csv,0.0,0.0,510
spadolini,/home/mhetac/Documents/GitHub/crossdem/datasets/prime_ministers/spadolini/csv_out/12838_spadolini_s2t.csv,0.0,0.0,115
spadolini,/home/mhetac/Documents/GitHub/crossdem/datasets/prime_ministers/spadolini/csv_out/194023_spadolini_s2t.csv,2.5069637883008355,0.0,3590
spadolini,/home/mhetac/Documents/GitHub/crossdem/datasets/prime_ministers/spadolini/csv_out/162155_spadolini_s2t.csv,1.7771701982228298,7.299270072992701,7315
spadolini,/home/mhetac/Documents/GitHub/crossdem/datasets/prime_ministers/spadolini/csv_out/44631_spadolini_s2t.csv,0.0,0.0,151
spadolini,/home/mhetac/Documents/GitHub/crossdem/datasets/prime_ministers/spadolini/csv_out/43483_spadolini_s2t.csv,6.289308176100629,0.0,477
spadolini,/home/mhetac/Documents/GitHub/crossdem/datasets/prime_ministers/spadolini/csv_out/42385_spadolini_s2t.csv,0.0,0.0,10
spadolini,/home/mhetac/Documents/GitHub/crossdem/datasets/prime_ministers/spadolini/csv_out/39542_spadolini_s2t.csv,1.8315018315018314,0.0,546
spadolini,/home/mhetac/Documents/GitHub/crossdem/datasets/prime_ministers/spadolini/csv_out/32330_spadolini_s2t.csv,6.514657980456026,0.0,307
spadolini,/home/mhetac/Documents/GitHub/crossdem/datasets/prime_ministers/spadolini/csv_out/31376_spadolini_s2t.csv,0.0,0.0,393
spadolini,/home/mhetac/Documents/GitHub/crossdem/datasets/prime_ministers/spadolini/csv_out/27808_spadolini_s2t.csv,0.4432624113475177,0.0,2256
spadolini,/home/mhetac/Documents/GitHub/crossdem/datasets/prime_ministers/spadolini/csv_out/79632_spadolini_s2t.csv,0.0,0.0,10
spadolini,/home/mhetac/Documents/GitHub/crossdem/datasets/prime_ministers/spadolini/csv_out/21990_spadolini_s2t.csv,0.9871668311944719,0.0,1013
spadolini,/home/mhetac/Documents/GitHub/crossdem/datasets/prime_ministers/spadolini/csv_out/21746_spadolini_s2t.csv,0.0,0.0,1043
spadolini,/home/mhetac/Documents/GitHub/crossdem/datasets/prime_ministers/spadolini/csv_out/20783_spadolini_s2t.csv,2.442002442002442,0.0,819
spadolini,/home/mhetac/Documents/GitHub/crossdem/datasets/prime_ministers/spadolini/csv_out/20584_spadolini_s2t.csv,1.5060240963855422,0.0,664
spadolini,/home/mhetac/Documents/GitHub/crossdem/datasets/prime_ministers/spadolini/csv_out/17091_spadolini_s2t.csv,0.0,0.0,930
spadolini,/home/mhetac/Documents/GitHub/crossdem/datasets/prime_ministers/spadolini/csv_out/13023_spadolini_s2t.csv,4.8721071863581,0.0,821
spadolini,/home/mhetac/Documents/GitHub/crossdem/datasets/prime_ministers/spadolini/csv_out/12226_spadolini_s2t.csv,5.524861878453039,0.0,543
spadolini,/home/mhetac/Documents/GitHub/crossdem/datasets/prime_ministers/spadolini/csv_out/11574_spadolini_s2t.csv,1.51285930408472,0.0,4627
spadolini,/home/mhetac/Documents/GitHub/crossdem/datasets/prime_ministers/spadolini/csv_out/10768_spadolini_s2t.csv,6.257822277847309,0.0,799
spadolini,/home/mhetac/Documents/GitHub/crossdem/datasets/prime_ministers/spadolini/csv_out/10257_spadolini_s2t.csv,1.321003963011889,0.0,757
spadolini,/home/mhetac/Documents/GitHub/crossdem/datasets/prime_ministers/spadolini/csv_out/36339_spadolini_s2t.csv,2.074688796680498,0.0,964
spadolini,/home/mhetac/Documents/GitHub/crossdem/datasets/prime_ministers/spadolini/csv_out/35721_spadolini_s2t.csv,2.6367831245880025,0.0,1517
spadolini,/home/mhetac/Documents/GitHub/crossdem/datasets/prime_ministers/spadolini/csv_out/35295_spadolini_s2t.csv,2.032520325203252,0.0,492
spadolini,/home/mhetac/Documents/GitHub/crossdem/datasets/prime_ministers/spadolini/csv_out/11382_spadolini_s2t.csv,1.5337423312883436,0.0,1304
spadolini,/home/mhetac/Documents/GitHub/crossdem/datasets/prime_ministers/spadolini/csv_out/8743_spadolini_s2t.csv,1.1990407673860912,0.0,3336
spadolini,/home/mhetac/Documents/GitHub/crossdem/datasets/prime_ministers/spadolini/csv_out/49543_spadolini_s2t.csv,3.025449368214985,0.0,5619
spadolini,/home/mhetac/Documents/GitHub/crossdem/datasets/prime_ministers/spadolini/csv_out/48137_spadolini_s2t.csv,7.6370170709793355,0.0,4452
spadolini,/home/mhetac/Documents/GitHub/crossdem/datasets/prime_ministers/spadolini/csv_out/34232_spadolini_s2t.csv,0.4035512510088781,0.0,2478
spadolini,/home/mhetac/Documents/GitHub/crossdem/datasets/prime_ministers/spadolini/csv_out/33130_spadolini_s2t.csv,0.15873015873015872,0.0,6300
spadolini,/home/mhetac/Documents/GitHub/crossdem/datasets/prime_ministers/spadolini/csv_out/31241_spadolini_s2t.csv,2.721499848805564,0.0,3307
spadolini,/home/mhetac/Documents/GitHub/crossdem/datasets/prime_ministers/spadolini/csv_out/23606_spadolini_s2t.csv,2.075765438505449,0.0,5781
spadolini,/home/mhetac/Documents/GitHub/crossdem/datasets/prime_ministers/spadolini/csv_out/16956_spadolini_s2t.csv,0.0,0.0,427
spadolini,/home/mhetac/Documents/GitHub/crossdem/datasets/prime_ministers/spadolini/csv_out/20110_spadolini_s2t.csv,0.0,0.0,604
craxi,/home/mhetac/Documents/GitHub/crossdem/datasets/prime_ministers/craxi/csv_out/230045_craxi_s2t.csv,0.0,0.0,1206
craxi,/home/mhetac/Documents/GitHub/crossdem/datasets/prime_ministers/craxi/csv_out/86883_craxi_s2t.csv,3.054989816700611,0.0,982
craxi,/home/mhetac/Documents/GitHub/crossdem/datasets/prime_ministers/craxi/csv_out/59372_craxi_s2t.csv,4.822335025380711,0.0,3940
craxi,/home/mhetac/Documents/GitHub/crossdem/datasets/prime_ministers/craxi/csv_out/51739_craxi_s2t.csv,4.901960784313726,0.0,2244
craxi,/home/mhetac/Documents/GitHub/crossdem/datasets/prime_ministers/craxi/csv_out/49798_craxi_s2t.csv,2.5146689019279127,0.0,3579
craxi,/home/mhetac/Documents/GitHub/crossdem/datasets/prime_ministers/craxi/csv_out/44896_craxi_s2t.csv,7.697108383607239,0.0,4807
craxi,/home/mhetac/Documents/GitHub/crossdem/datasets/prime_ministers/craxi/csv_out/44773_craxi_s2t.csv,11.434511434511435,0.0,962
craxi,/home/mhetac/Documents/GitHub/crossdem/datasets/prime_ministers/craxi/csv_out/32678_craxi_s2t.csv,2.3553162853297445,0.0,2972
craxi,/home/mhetac/Documents/GitHub/crossdem/datasets/prime_ministers/craxi/csv_out/31244_craxi_s2t.csv,2.5746652935118433,0.0,1942
craxi,/home/mhetac/Documents/GitHub/crossdem/datasets/prime_ministers/craxi/csv_out/29261_craxi_s2t.csv,2.688728024819028,0.0,4835
craxi,/home/mhetac/Documents/GitHub/crossdem/datasets/prime_ministers/craxi/csv_out/28067_craxi_s2t.csv,0.0,0.0,462
craxi,/home/mhetac/Documents/GitHub/crossdem/datasets/prime_ministers/craxi/csv_out/27249_craxi_s2t.csv,0.0,0.0,272
craxi,/home/mhetac/Documents/GitHub/crossdem/datasets/prime_ministers/craxi/csv_out/26835_craxi_s2t.csv,0.0,0.0,355
craxi,/home/mhetac/Documents/GitHub/crossdem/datasets/prime_ministers/craxi/csv_out/25617_craxi_s2t.csv,1.1858879335902757,0.0,3373
craxi,/home/mhetac/Documents/GitHub/crossdem/datasets/prime_ministers/craxi/csv_out/23993_craxi_s2t.csv,0.0,0.0,630
craxi,/home/mhetac/Documents/GitHub/crossdem/datasets/prime_ministers/craxi/csv_out/23651_craxi_s2t.csv,2.596053997923157,0.0,1926
craxi,/home/mhetac/Documents/GitHub/crossdem/datasets/prime_ministers/craxi/csv_out/21313_craxi_s2t.csv,0.0,0.0,416
craxi,/home/mhetac/Documents/GitHub/crossdem/datasets/prime_ministers/craxi/csv_out/20579_craxi_s2t.csv,0.9596928982725528,0.0,1042
craxi,/home/mhetac/Documents/GitHub/crossdem/datasets/prime_ministers/craxi/csv_out/20244_craxi_s2t.csv,0.594883997620464,0.0,1681
craxi,/home/mhetac/Documents/GitHub/crossdem/datasets/prime_ministers/craxi/csv_out/18208_craxi_s2t.csv,4.389173372348208,0.0,1367
craxi,/home/mhetac/Documents/GitHub/crossdem/datasets/prime_ministers/craxi/csv_out/12599_craxi_s2t.csv,4.645760743321719,0.0,861
craxi,/home/mhetac/Documents/GitHub/crossdem/datasets/prime_ministers/craxi/csv_out/8614_craxi_s2t.csv,0.0,0.0,195
craxi,/home/mhetac/Documents/GitHub/crossdem/datasets/prime_ministers/craxi/csv_out/216952_craxi_s2t.csv,1.668942497344864,0.0,6591
craxi,/home/mhetac/Documents/GitHub/crossdem/datasets/prime_ministers/craxi/csv_out/32272_craxi_s2t.csv,0.0,0.0,40
craxi,/home/mhetac/Documents/GitHub/crossdem/datasets/prime_ministers/craxi/csv_out/218612_craxi_s2t.csv,0.2840909090909091,0.0,3520
craxi,/home/mhetac/Documents/GitHub/crossdem/datasets/prime_ministers/craxi/csv_out/209793_craxi_s2t.csv,1.2455516014234875,0.0,5620
craxi,/home/mhetac/Documents/GitHub/crossdem/datasets/prime_ministers/craxi/csv_out/204753_craxi_s2t.csv,5.728314238952537,0.0,6110
craxi,/home/mhetac/Documents/GitHub/crossdem/datasets/prime_ministers/craxi/csv_out/194035_craxi_s2t.csv,6.25,0.0,160
craxi,/home/mhetac/Documents/GitHub/crossdem/datasets/prime_ministers/craxi/csv_out/194033_craxi_s2t.csv,0.5370569280343717,0.0,3724
craxi,/home/mhetac/Documents/GitHub/crossdem/datasets/prime_ministers/craxi/csv_out/194021_craxi_s2t.csv,0.5364806866952789,0.0,3728
craxi,/home/mhetac/Documents/GitHub/crossdem/datasets/prime_ministers/craxi/csv_out/194017_craxi_s2t.csv,3.1982942430703623,0.0,938
craxi,/home/mhetac/Documents/GitHub/crossdem/datasets/prime_ministers/craxi/csv_out/162149_craxi_s2t.csv,0.0,0.0,1236
craxi,/home/mhetac/Documents/GitHub/crossdem/datasets/prime_ministers/craxi/csv_out/155917_craxi_s2t.csv,7.961783439490445,0.0,628
craxi,/home/mhetac/Documents/GitHub/crossdem/datasets/prime_ministers/craxi/csv_out/79602_craxi_s2t.csv,0.0,0.0,74
craxi,/home/mhetac/Documents/GitHub/crossdem/datasets/prime_ministers/craxi/csv_out/47396_craxi_s2t.csv,0.0,0.0,168
craxi,/home/mhetac/Documents/GitHub/crossdem/datasets/prime_ministers/craxi/csv_out/47314_craxi_s2t.csv,10.989010989010989,0.0,91
craxi,/home/mhetac/Documents/GitHub/crossdem/datasets/prime_ministers/craxi/csv_out/42255_craxi_s2t.csv,0.0,0.0,221
craxi,/home/mhetac/Documents/GitHub/crossdem/datasets/prime_ministers/craxi/csv_out/39939_craxi_s2t.csv,0.0,0.0,76
craxi,/home/mhetac/Documents/GitHub/crossdem/datasets/prime_ministers/craxi/csv_out/39538_craxi_s2t.csv,1.7793594306049823,0.0,562
craxi,/home/mhetac/Documents/GitHub/crossdem/datasets/prime_ministers/craxi/csv_out/39460_craxi_s2t.csv,0.0,0.0,252
craxi,/home/mhetac/Documents/GitHub/crossdem/datasets/prime_ministers/craxi/csv_out/39215_craxi_s2t.csv,4.0241448692152915,0.0,497
craxi,/home/mhetac/Documents/GitHub/crossdem/datasets/prime_ministers/craxi/csv_out/40481_craxi_s2t.csv,0.0,0.0,155
craxi,/home/mhetac/Documents/GitHub/crossdem/datasets/prime_ministers/craxi/csv_out/38937_craxi_s2t.csv,1.2690355329949239,0.0,788
craxi,/home/mhetac/Documents/GitHub/crossdem/datasets/prime_ministers/craxi/csv_out/34940_craxi_s2t.csv,2.4950099800399204,62.5,2004
craxi,/home/mhetac/Documents/GitHub/crossdem/datasets/prime_ministers/craxi/csv_out/32661_craxi_s2t.csv,5.319148936170213,0.0,188
craxi,/home/mhetac/Documents/GitHub/crossdem/datasets/prime_ministers/craxi/csv_out/32021_craxi_s2t.csv,12.096774193548388,0.0,248
craxi,/home/mhetac/Documents/GitHub/crossdem/datasets/prime_ministers/craxi/csv_out/34212_craxi_s2t.csv,1.7094017094017093,0.0,585
craxi,/home/mhetac/Documents/GitHub/crossdem/datasets/prime_ministers/craxi/csv_out/30785_craxi_s2t.csv,2.544529262086514,0.0,393
craxi,/home/mhetac/Documents/GitHub/crossdem/datasets/prime_ministers/craxi/csv_out/29797_craxi_s2t.csv,0.0,0.0,25
craxi,/home/mhetac/Documents/GitHub/crossdem/datasets/prime_ministers/craxi/csv_out/26233_craxi_s2t.csv,2.3640661938534278,0.0,423
craxi,/home/mhetac/Documents/GitHub/crossdem/datasets/prime_ministers/craxi/csv_out/22446_craxi_s2t.csv,0.0,0.0,175
craxi,/home/mhetac/Documents/GitHub/crossdem/datasets/prime_ministers/craxi/csv_out/20990_craxi_s2t.csv,7.5,0.0,400
craxi,/home/mhetac/Documents/GitHub/crossdem/datasets/prime_ministers/craxi/csv_out/15359_craxi_s2t.csv,0.0,0.0,104
craxi,/home/mhetac/Documents/GitHub/crossdem/datasets/prime_ministers/craxi/csv_out/12769_craxi_s2t.csv,4.156275976724855,0.0,1203
craxi,/home/mhetac/Documents/GitHub/crossdem/datasets/prime_ministers/craxi/csv_out/12232_craxi_s2t.csv,0.0,0.0,503
craxi,/home/mhetac/Documents/GitHub/crossdem/datasets/prime_ministers/craxi/csv_out/11618_craxi_s2t.csv,0.0,0.0,1033
craxi,/home/mhetac/Documents/GitHub/crossdem/datasets/prime_ministers/craxi/csv_out/11549_craxi_s2t.csv,2.1459227467811157,0.0,1398
craxi,/home/mhetac/Documents/GitHub/crossdem/datasets/prime_ministers/craxi/csv_out/11378_craxi_s2t.csv,0.22351363433169424,0.0,4474
craxi,/home/mhetac/Documents/GitHub/crossdem/datasets/prime_ministers/craxi/csv_out/11101_craxi_s2t.csv,0.0,0.0,641
craxi,/home/mhetac/Documents/GitHub/crossdem/datasets/prime_ministers/craxi/csv_out/11057_craxi_s2t.csv,0.0,0.0,498
craxi,/home/mhetac/Documents/GitHub/crossdem/datasets/prime_ministers/craxi/csv_out/10520_craxi_s2t.csv,2.14938205265986,0.0,1861
craxi,/home/mhetac/Documents/GitHub/crossdem/datasets/prime_ministers/craxi/csv_out/47426_craxi_s2t.csv,5.216383307573416,0.0,5176
craxi,/home/mhetac/Documents/GitHub/crossdem/datasets/prime_ministers/craxi/csv_out/46099_craxi_s2t.csv,7.299270072992701,0.0,2329
craxi,/home/mhetac/Documents/GitHub/crossdem/datasets/prime_ministers/craxi/csv_out/45291_craxi_s2t.csv,3.005510101853398,4.672897196261682,5989
craxi,/home/mhetac/Documents/GitHub/crossdem/datasets/prime_ministers/craxi/csv_out/45657_craxi_s2t.csv,4.032258064516129,0.0,3968
craxi,/home/mhetac/Documents/GitHub/crossdem/datasets/prime_ministers/craxi/csv_out/44776_craxi_s2t.csv,4.060324825986079,0.0,3448
craxi,/home/mhetac/Documents/GitHub/crossdem/datasets/prime_ministers/craxi/csv_out/43461_craxi_s2t.csv,5.7157703299558325,0.0,3849
craxi,/home/mhetac/Documents/GitHub/crossdem/datasets/prime_ministers/craxi/csv_out/43935_craxi_s2t.csv,1.1273957158962795,0.0,887
craxi,/home/mhetac/Documents/GitHub/crossdem/datasets/prime_ministers/craxi/csv_out/41436_craxi_s2t.csv,3.416856492027335,0.0,2634
craxi,/home/mhetac/Documents/GitHub/crossdem/datasets/prime_ministers/craxi/csv_out/40482_craxi_s2t.csv,3.841931942919868,0.0,5466
craxi,/home/mhetac/Documents/GitHub/crossdem/datasets/prime_ministers/craxi/csv_out/38760_craxi_s2t.csv,8.456148828219376,0.0,4139
craxi,/home/mhetac/Documents/GitHub/crossdem/datasets/prime_ministers/craxi/csv_out/38395_craxi_s2t.csv,8.309098462816785,0.0,4814
craxi,/home/mhetac/Documents/GitHub/crossdem/datasets/prime_ministers/craxi/csv_out/36218_craxi_s2t.csv,6.397441023590564,0.0,2501
craxi,/home/mhetac/Documents/GitHub/crossdem/datasets/prime_ministers/craxi/csv_out/36505_craxi_s2t.csv,1.834862385321101,0.0,3270
craxi,/home/mhetac/Documents/GitHub/crossdem/datasets/prime_ministers/craxi/csv_out/35607_craxi_s2t.csv,0.0,0.0,320
craxi,/home/mhetac/Documents/GitHub/crossdem/datasets/prime_ministers/craxi/csv_out/33531_craxi_s2t.csv,2.033438770899232,0.0,4426
craxi,/home/mhetac/Documents/GitHub/crossdem/datasets/prime_ministers/craxi/csv_out/33361_craxi_s2t.csv,0.6743088334457181,0.0,2966
craxi,/home/mhetac/Documents/GitHub/crossdem/datasets/prime_ministers/craxi/csv_out/32248_craxi_s2t.csv,4.416635995583364,0.0,2717
craxi,/home/mhetac/Documents/GitHub/crossdem/datasets/prime_ministers/craxi/csv_out/32204_craxi_s2t.csv,3.194888178913738,0.0,2817
craxi,/home/mhetac/Documents/GitHub/crossdem/datasets/prime_ministers/craxi/csv_out/31445_craxi_s2t.csv,2.1606757022196033,12.345679012345679,5091
craxi,/home/mhetac/Documents/GitHub/crossdem/datasets/prime_ministers/craxi/csv_out/27336_craxi_s2t.csv,2.867383512544803,0.0,2790
craxi,/home/mhetac/Documents/GitHub/crossdem/datasets/prime_ministers/craxi/csv_out/21850_craxi_s2t.csv,3.4466911764705883,0.0,4352
craxi,/home/mhetac/Documents/GitHub/crossdem/datasets/prime_ministers/craxi/csv_out/21453_craxi_s2t.csv,2.3666484616785,0.0,5493
craxi,/home/mhetac/Documents/GitHub/crossdem/datasets/prime_ministers/craxi/csv_out/9944_craxi_s2t.csv,0.42016806722689076,0.0,2380
craxi,/home/mhetac/Documents/GitHub/crossdem/datasets/prime_ministers/craxi/csv_out/58496_craxi_s2t.csv,1.2610340479192939,0.0,793
craxi,/home/mhetac/Documents/GitHub/crossdem/datasets/prime_ministers/craxi/csv_out/60511_craxi_s2t.csv,0.9637006103437199,0.0,3113
craxi,/home/mhetac/Documents/GitHub/crossdem/datasets/prime_ministers/craxi/csv_out/45827_craxi_s2t.csv,1.8704699555763387,0.0,4277
craxi,/home/mhetac/Documents/GitHub/crossdem/datasets/prime_ministers/craxi/csv_out/39292_craxi_s2t.csv,0.0,0.0,50
craxi,/home/mhetac/Documents/GitHub/crossdem/datasets/prime_ministers/craxi/csv_out/36478_craxi_s2t.csv,3.120936280884265,0.0,3845
craxi,/home/mhetac/Documents/GitHub/crossdem/datasets/prime_ministers/craxi/csv_out/35582_craxi_s2t.csv,2.9574132492113563,0.0,5072
craxi,/home/mhetac/Documents/GitHub/crossdem/datasets/prime_ministers/craxi/csv_out/33252_craxi_s2t.csv,1.8832391713747645,0.0,2124
craxi,/home/mhetac/Documents/GitHub/crossdem/datasets/prime_ministers/craxi/csv_out/31962_craxi_s2t.csv,2.735978112175103,0.0,731
craxi,/home/mhetac/Documents/GitHub/crossdem/datasets/prime_ministers/craxi/csv_out/29555_craxi_s2t.csv,3.463631865413162,0.0,2021
craxi,/home/mhetac/Documents/GitHub/crossdem/datasets/prime_ministers/craxi/csv_out/24143_craxi_s2t.csv,6.334125098970705,0.0,1263
craxi,/home/mhetac/Documents/GitHub/crossdem/datasets/prime_ministers/craxi/csv_out/21319_craxi_s2t.csv,0.0,0.0,3207
craxi,/home/mhetac/Documents/GitHub/crossdem/datasets/prime_ministers/craxi/csv_out/20297_craxi_s2t.csv,0.0,0.0,150
craxi,/home/mhetac/Documents/GitHub/crossdem/datasets/prime_ministers/craxi/csv_out/19920_craxi_s2t.csv,1.3147515119642388,0.0,3803
craxi,/home/mhetac/Documents/GitHub/crossdem/datasets/prime_ministers/craxi/csv_out/45064_craxi_s2t.csv,0.0,0.0,290
craxi,/home/mhetac/Documents/GitHub/crossdem/datasets/prime_ministers/craxi/csv_out/44699_craxi_s2t.csv,1.960015680125441,0.0,2551
craxi,/home/mhetac/Documents/GitHub/crossdem/datasets/prime_ministers/craxi/csv_out/44907_craxi_s2t.csv,2.7472527472527473,0.0,1820
craxi,/home/mhetac/Documents/GitHub/crossdem/datasets/prime_ministers/craxi/csv_out/42589_craxi_s2t.csv,2.2615906520919715,0.0,2653
craxi,/home/mhetac/Documents/GitHub/crossdem/datasets/prime_ministers/craxi/csv_out/38089_craxi_s2t.csv,0.24582104228121926,0.0,4068
craxi,/home/mhetac/Documents/GitHub/crossdem/datasets/prime_ministers/craxi/csv_out/38027_craxi_s2t.csv,1.2831479897348161,0.0,2338
craxi,/home/mhetac/Documents/GitHub/crossdem/datasets/prime_ministers/craxi/csv_out/37615_craxi_s2t.csv,3.427366200896388,0.0,3793
craxi,/home/mhetac/Documents/GitHub/crossdem/datasets/prime_ministers/craxi/csv_out/37268_craxi_s2t.csv,6.246876561719141,0.0,4002
craxi,/home/mhetac/Documents/GitHub/crossdem/datasets/prime_ministers/craxi/csv_out/35238_craxi_s2t.csv,2.375296912114014,0.0,4631
craxi,/home/mhetac/Documents/GitHub/crossdem/datasets/prime_ministers/craxi/csv_out/33439_craxi_s2t.csv,2.9953917050691246,0.0,4340
craxi,/home/mhetac/Documents/GitHub/crossdem/datasets/prime_ministers/craxi/csv_out/27765_craxi_s2t.csv,0.3274394237066143,0.0,3054
craxi,/home/mhetac/Documents/GitHub/crossdem/datasets/prime_ministers/craxi/csv_out/26671_craxi_s2t.csv,4.7649301143583225,0.0,3148
craxi,/home/mhetac/Documents/GitHub/crossdem/datasets/prime_ministers/craxi/csv_out/102746_craxi_s2t.csv,5.686433793663688,0.0,3693
craxi,/home/mhetac/Documents/GitHub/crossdem/datasets/prime_ministers/craxi/csv_out/41941_craxi_s2t.csv,0.0,0.0,340
craxi,/home/mhetac/Documents/GitHub/crossdem/datasets/prime_ministers/craxi/csv_out/24493_craxi_s2t.csv,4.15202810603641,0.0,3131
craxi,/home/mhetac/Documents/GitHub/crossdem/datasets/prime_ministers/craxi/csv_out/60774_craxi_s2t.csv,0.9164222873900293,0.0,5456
craxi,/home/mhetac/Documents/GitHub/crossdem/datasets/prime_ministers/craxi/csv_out/29685_craxi_s2t.csv,0.0,0.0,1575
goria,/home/mhetac/Documents/GitHub/crossdem/datasets/prime_ministers/goria/csv_out/54397_goria_s2t.csv,0.0,0.0,1254
goria,/home/mhetac/Documents/GitHub/crossdem/datasets/prime_ministers/goria/csv_out/48912_goria_s2t.csv,0.0,0.0,3249
goria,/home/mhetac/Documents/GitHub/crossdem/datasets/prime_ministers/goria/csv_out/49604_goria_s2t.csv,1.7189514396218306,0.0,2327
goria,/home/mhetac/Documents/GitHub/crossdem/datasets/prime_ministers/goria/csv_out/46077_goria_s2t.csv,0.0,0.0,1631
goria,/home/mhetac/Documents/GitHub/crossdem/datasets/prime_ministers/goria/csv_out/45048_goria_s2t.csv,1.8744142455482662,0.0,1067
goria,/home/mhetac/Documents/GitHub/crossdem/datasets/prime_ministers/goria/csv_out/95883_goria_s2t.csv,0.3225806451612903,0.0,3100
goria,/home/mhetac/Documents/GitHub/crossdem/datasets/prime_ministers/goria/csv_out/43012_goria_s2t.csv,3.5017508754377187,0.0,1999
goria,/home/mhetac/Documents/GitHub/crossdem/datasets/prime_ministers/goria/csv_out/87830_goria_s2t.csv,0.5047955577990914,0.0,1981
goria,/home/mhetac/Documents/GitHub/crossdem/datasets/prime_ministers/goria/csv_out/41808_goria_s2t.csv,2.295332823259373,0.0,2614
goria,/home/mhetac/Documents/GitHub/crossdem/datasets/prime_ministers/goria/csv_out/58815_goria_s2t.csv,3.7313432835820897,0.0,2412
goria,/home/mhetac/Documents/GitHub/crossdem/datasets/prime_ministers/goria/csv_out/40699_goria_s2t.csv,3.192621496984746,0.0,2819
goria,/home/mhetac/Documents/GitHub/crossdem/datasets/prime_ministers/goria/csv_out/38164_goria_s2t.csv,0.7846214201647705,0.0,2549
goria,/home/mhetac/Documents/GitHub/crossdem/datasets/prime_ministers/goria/csv_out/37375_goria_s2t.csv,0.9389671361502347,0.0,3195
goria,/home/mhetac/Documents/GitHub/crossdem/datasets/prime_ministers/goria/csv_out/37367_goria_s2t.csv,2.504696305572949,0.0,3194
goria,/home/mhetac/Documents/GitHub/crossdem/datasets/prime_ministers/goria/csv_out/37247_goria_s2t.csv,0.9893153937475268,0.0,5054
goria,/home/mhetac/Documents/GitHub/crossdem/datasets/prime_ministers/goria/csv_out/36437_goria_s2t.csv,1.8305439330543933,0.0,3824
goria,/home/mhetac/Documents/GitHub/crossdem/datasets/prime_ministers/goria/csv_out/76591_goria_s2t.csv,3.5353535353535355,0.0,1980
goria,/home/mhetac/Documents/GitHub/crossdem/datasets/prime_ministers/goria/csv_out/35074_goria_s2t.csv,0.43821209465381245,0.0,6846
goria,/home/mhetac/Documents/GitHub/crossdem/datasets/prime_ministers/goria/csv_out/33835_goria_s2t.csv,0.5691519635742743,0.0,1757
goria,/home/mhetac/Documents/GitHub/crossdem/datasets/prime_ministers/goria/csv_out/58782_goria_s2t.csv,7.088009450679268,0.0,3386
goria,/home/mhetac/Documents/GitHub/crossdem/datasets/prime_ministers/goria/csv_out/31053_goria_s2t.csv,0.6195786864931846,0.0,3228
goria,/home/mhetac/Documents/GitHub/crossdem/datasets/prime_ministers/goria/csv_out/58762_goria_s2t.csv,0.36927621861152143,0.0,2708
goria,/home/mhetac/Documents/GitHub/crossdem/datasets/prime_ministers/goria/csv_out/27762_goria_s2t.csv,0.0,0.0,1904
goria,/home/mhetac/Documents/GitHub/crossdem/datasets/prime_ministers/goria/csv_out/26395_goria_s2t.csv,1.485222040695084,0.0,6733
goria,/home/mhetac/Documents/GitHub/crossdem/datasets/prime_ministers/goria/csv_out/58750_goria_s2t.csv,2.570694087403599,0.0,1945
goria,/home/mhetac/Documents/GitHub/crossdem/datasets/prime_ministers/goria/csv_out/58734_goria_s2t.csv,0.0,0.0,316
goria,/home/mhetac/Documents/GitHub/crossdem/datasets/prime_ministers/goria/csv_out/37091_goria_s2t.csv,3.115264797507788,0.0,642
goria,/home/mhetac/Documents/GitHub/crossdem/datasets/prime_ministers/goria/csv_out/33508_goria_s2t.csv,0.0,0.0,1215
goria,/home/mhetac/Documents/GitHub/crossdem/datasets/prime_ministers/goria/csv_out/25821_goria_s2t.csv,0.0,0.0,100
goria,/home/mhetac/Documents/GitHub/crossdem/datasets/prime_ministers/goria/csv_out/24774_goria_s2t.csv,8.403361344537815,0.0,119
goria,/home/mhetac/Documents/GitHub/crossdem/datasets/prime_ministers/goria/csv_out/24170_goria_s2t.csv,0.0,0.0,92
goria,/home/mhetac/Documents/GitHub/crossdem/datasets/prime_ministers/goria/csv_out/23225_goria_s2t.csv,0.0,0.0,437
goria,/home/mhetac/Documents/GitHub/crossdem/datasets/prime_ministers/goria/csv_out/22501_goria_s2t.csv,0.0,0.0,674
goria,/home/mhetac/Documents/GitHub/crossdem/datasets/prime_ministers/goria/csv_out/22467_goria_s2t.csv,0.0,0.0,170
goria,/home/mhetac/Documents/GitHub/crossdem/datasets/prime_ministers/goria/csv_out/22665_goria_s2t.csv,0.0,0.0,115
goria,/home/mhetac/Documents/GitHub/crossdem/datasets/prime_ministers/goria/csv_out/39004_goria_s2t.csv,0.0,0.0,150
goria,/home/mhetac/Documents/GitHub/crossdem/datasets/prime_ministers/goria/csv_out/30892_goria_s2t.csv,0.711490572749911,0.0,2811
goria,/home/mhetac/Documents/GitHub/crossdem/datasets/prime_ministers/goria/csv_out/46412_goria_s2t.csv,0.0,0.0,1516
goria,/home/mhetac/Documents/GitHub/crossdem/datasets/prime_ministers/goria/csv_out/37312_goria_s2t.csv,1.052262364082778,0.0,2851
goria,/home/mhetac/Documents/GitHub/crossdem/datasets/prime_ministers/goria/csv_out/33928_goria_s2t.csv,0.9619084263178146,0.0,5198
goria,/home/mhetac/Documents/GitHub/crossdem/datasets/prime_ministers/goria/csv_out/25629_goria_s2t.csv,1.6329196603527107,0.0,3062
goria,/home/mhetac/Documents/GitHub/crossdem/datasets/prime_ministers/goria/csv_out/24563_goria_s2t.csv,1.1273957158962795,0.0,2661
de mita,/home/mhetac/Documents/GitHub/crossdem/datasets/prime_ministers/de mita/csv_out/422194_demita_s2t.csv,1.9588638589618022,0.0,3063
de mita,/home/mhetac/Documents/GitHub/crossdem/datasets/prime_ministers/de mita/csv_out/420715_demita_s2t.csv,3.0170968823332216,0.0,5966
de mita,/home/mhetac/Documents/GitHub/crossdem/datasets/prime_ministers/de mita/csv_out/412568_demita_s2t.csv,0.574052812858783,0.0,3484
de mita,/home/mhetac/Documents/GitHub/crossdem/datasets/prime_ministers/de mita/csv_out/386034_demita_s2t.csv,2.786809103576405,0.0,4306
de mita,/home/mhetac/Documents/GitHub/crossdem/datasets/prime_ministers/de mita/csv_out/320158_demita_s2t.csv,3.7581141100102493,0.0,2927
de mita,/home/mhetac/Documents/GitHub/crossdem/datasets/prime_ministers/de mita/csv_out/319680_demita_s2t.csv,0.7374631268436578,0.0,4068
de mita,/home/mhetac/Documents/GitHub/crossdem/datasets/prime_ministers/de mita/csv_out/314833_demita_s2t.csv,1.9815059445178336,0.0,1514
de mita,/home/mhetac/Documents/GitHub/crossdem/datasets/prime_ministers/de mita/csv_out/303954_demita_s2t.csv,2.19941348973607,0.0,6820
de mita,/home/mhetac/Documents/GitHub/crossdem/datasets/prime_ministers/de mita/csv_out/288514_demita_s2t.csv,2.8107432854465957,0.0,3202
de mita,/home/mhetac/Documents/GitHub/crossdem/datasets/prime_ministers/de mita/csv_out/286720_demita_s2t.csv,1.941747572815534,0.0,5150
de mita,/home/mhetac/Documents/GitHub/crossdem/datasets/prime_ministers/de mita/csv_out/286370_demita_s2t.csv,2.4621878297572986,0.0,2843
de mita,/home/mhetac/Documents/GitHub/crossdem/datasets/prime_ministers/de mita/csv_out/284374_demita_s2t.csv,1.8176310209027566,0.0,3301
de mita,/home/mhetac/Documents/GitHub/crossdem/datasets/prime_ministers/de mita/csv_out/276323_demita_s2t.csv,1.5003750937734435,0.0,3999
de mita,/home/mhetac/Documents/GitHub/crossdem/datasets/prime_ministers/de mita/csv_out/273235_demita_s2t.csv,1.5515903801396431,0.0,5156
de mita,/home/mhetac/Documents/GitHub/crossdem/datasets/prime_ministers/de mita/csv_out/246770_demita_s2t.csv,2.6972353337828725,0.0,4449
de mita,/home/mhetac/Documents/GitHub/crossdem/datasets/prime_ministers/de mita/csv_out/244504_demita_s2t.csv,1.9811788013868252,0.0,2019
de mita,/home/mhetac/Documents/GitHub/crossdem/datasets/prime_ministers/de mita/csv_out/234229_demita_s2t.csv,3.9863325740318905,0.0,3512
de mita,/home/mhetac/Documents/GitHub/crossdem/datasets/prime_ministers/de mita/csv_out/229552_demita_s2t.csv,1.050558108995404,0.0,7615
de mita,/home/mhetac/Documents/GitHub/crossdem/datasets/prime_ministers/de mita/csv_out/228940_demita_s2t.csv,0.0,0.0,2124
de mita,/home/mhetac/Documents/GitHub/crossdem/datasets/prime_ministers/de mita/csv_out/228474_demita_s2t.csv,3.1397174254317113,0.0,3822
de mita,/home/mhetac/Documents/GitHub/crossdem/datasets/prime_ministers/de mita/csv_out/227803_demita_s2t.csv,1.0745755426606491,11.363636363636363,4653
de mita,/home/mhetac/Documents/GitHub/crossdem/datasets/prime_ministers/de mita/csv_out/226750_demita_s2t.csv,2.8453999367688905,0.0,3163
de mita,/home/mhetac/Documents/GitHub/crossdem/datasets/prime_ministers/de mita/csv_out/226152_demita_s2t.csv,3.278688524590164,0.0,4575
de mita,/home/mhetac/Documents/GitHub/crossdem/datasets/prime_ministers/de mita/csv_out/222968_demita_s2t.csv,1.1922503725782414,0.0,3355
de mita,/home/mhetac/Documents/GitHub/crossdem/datasets/prime_ministers/de mita/csv_out/221218_demita_s2t.csv,1.4577259475218658,0.0,4802
de mita,/home/mhetac/Documents/GitHub/crossdem/datasets/prime_ministers/de mita/csv_out/217243_demita_s2t.csv,3.2437442075996294,0.0,2158
de mita,/home/mhetac/Documents/GitHub/crossdem/datasets/prime_ministers/de mita/csv_out/208587_demita_s2t.csv,1.0767160161507403,0.0,3715
de mita,/home/mhetac/Documents/GitHub/crossdem/datasets/prime_ministers/de mita/csv_out/208071_demita_s2t.csv,0.0,0.0,1891
de mita,/home/mhetac/Documents/GitHub/crossdem/datasets/prime_ministers/de mita/csv_out/207755_demita_s2t.csv,0.6443298969072165,0.0,6208
de mita,/home/mhetac/Documents/GitHub/crossdem/datasets/prime_ministers/de mita/csv_out/207321_demita_s2t.csv,1.0390689941812137,0.0,4812
de mita,/home/mhetac/Documents/GitHub/crossdem/datasets/prime_ministers/de mita/csv_out/206911_demita_s2t.csv,0.4357298474945534,0.0,4590
de mita,/home/mhetac/Documents/GitHub/crossdem/datasets/prime_ministers/de mita/csv_out/206910_demita_s2t.csv,1.8478595626732368,0.0,6494
de mita,/home/mhetac/Documents/GitHub/crossdem/datasets/prime_ministers/de mita/csv_out/204471_demita_s2t.csv,0.23255813953488372,0.0,4300
de mita,/home/mhetac/Documents/GitHub/crossdem/datasets/prime_ministers/de mita/csv_out/203094_demita_s2t.csv,0.5904349537492619,0.0,5081
de mita,/home/mhetac/Documents/GitHub/crossdem/datasets/prime_ministers/de mita/csv_out/200168_demita_s2t.csv,0.5058168942842691,0.0,1977
de mita,/home/mhetac/Documents/GitHub/crossdem/datasets/prime_ministers/de mita/csv_out/246871_demita_s2t.csv,0.9689922480620154,0.0,3096
de mita,/home/mhetac/Documents/GitHub/crossdem/datasets/prime_ministers/de mita/csv_out/240633_demita_s2t.csv,1.8416206261510129,0.0,1086
de mita,/home/mhetac/Documents/GitHub/crossdem/datasets/prime_ministers/de mita/csv_out/229999_demita_s2t.csv,1.2277470841006752,0.0,1629
de mita,/home/mhetac/Documents/GitHub/crossdem/datasets/prime_ministers/de mita/csv_out/162985_demita_s2t.csv,0.3892565200467108,0.0,2569
de mita,/home/mhetac/Documents/GitHub/crossdem/datasets/prime_ministers/de mita/csv_out/214070_demita_s2t.csv,3.2220943613348676,0.0,4345
de mita,/home/mhetac/Documents/GitHub/crossdem/datasets/prime_ministers/de mita/csv_out/160359_demita_s2t.csv,0.4830917874396135,0.0,2070
de mita,/home/mhetac/Documents/GitHub/crossdem/datasets/prime_ministers/de mita/csv_out/159603_demita_s2t.csv,2.3322569070685324,0.0,5574
de mita,/home/mhetac/Documents/GitHub/crossdem/datasets/prime_ministers/de mita/csv_out/156387_demita_s2t.csv,3.225806451612903,0.0,930
de mita,/home/mhetac/Documents/GitHub/crossdem/datasets/prime_ministers/de mita/csv_out/153017_demita_s2t.csv,0.8240626287597858,0.0,2427
de mita,/home/mhetac/Documents/GitHub/crossdem/datasets/prime_ministers/de mita/csv_out/162992_demita_s2t.csv,0.9230769230769231,0.0,3250
de mita,/home/mhetac/Documents/GitHub/crossdem/datasets/prime_ministers/de mita/csv_out/151391_demita_s2t.csv,0.5341880341880342,0.0,1872
de mita,/home/mhetac/Documents/GitHub/crossdem/datasets/prime_ministers/de mita/csv_out/152541_demita_s2t.csv,0.5211047420531527,0.0,3838
de mita,/home/mhetac/Documents/GitHub/crossdem/datasets/prime_ministers/de mita/csv_out/147104_demita_s2t.csv,0.44923629829290207,0.0,2226
de mita,/home/mhetac/Documents/GitHub/crossdem/datasets/prime_ministers/de mita/csv_out/146684_demita_s2t.csv,0.678195998643608,0.0,5898
de mita,/home/mhetac/Documents/GitHub/crossdem/datasets/prime_ministers/de mita/csv_out/138916_demita_s2t.csv,2.1150592216582065,0.0,2364
de mita,/home/mhetac/Documents/GitHub/crossdem/datasets/prime_ministers/de mita/csv_out/143430_demita_s2t.csv,1.5878056525881232,0.0,3149
de mita,/home/mhetac/Documents/GitHub/crossdem/datasets/prime_ministers/de mita/csv_out/135166_demita_s2t.csv,0.419639110365086,0.0,2383
de mita,/home/mhetac/Documents/GitHub/crossdem/datasets/prime_ministers/de mita/csv_out/132111_demita_s2t.csv,2.818886539816772,0.0,1419
de mita,/home/mhetac/Documents/GitHub/crossdem/datasets/prime_ministers/de mita/csv_out/129195_demita_s2t.csv,2.1621621621621623,0.0,1850
de mita,/home/mhetac/Documents/GitHub/crossdem/datasets/prime_ministers/de mita/csv_out/137110_demita_s2t.csv,0.573394495412844,0.0,3488
de mita,/home/mhetac/Documents/GitHub/crossdem/datasets/prime_ministers/de mita/csv_out/136400_demita_s2t.csv,2.982848620432513,0.0,5364
de mita,/home/mhetac/Documents/GitHub/crossdem/datasets/prime_ministers/de mita/csv_out/133512_demita_s2t.csv,0.0,0.0,5075
de mita,/home/mhetac/Documents/GitHub/crossdem/datasets/prime_ministers/de mita/csv_out/132964_demita_s2t.csv,1.0810810810810811,0.0,2775
de mita,/home/mhetac/Documents/GitHub/crossdem/datasets/prime_ministers/de mita/csv_out/132445_demita_s2t.csv,1.358695652173913,0.0,2944
de mita,/home/mhetac/Documents/GitHub/crossdem/datasets/prime_ministers/de mita/csv_out/123723_demita_s2t.csv,0.8798944126704795,6.8493150684931505,9092
de mita,/home/mhetac/Documents/GitHub/crossdem/datasets/prime_ministers/de mita/csv_out/130989_demita_s2t.csv,1.721170395869191,0.0,2324
de mita,/home/mhetac/Documents/GitHub/crossdem/datasets/prime_ministers/de mita/csv_out/130693_demita_s2t.csv,0.35688793718772305,0.0,2802
de mita,/home/mhetac/Documents/GitHub/crossdem/datasets/prime_ministers/de mita/csv_out/128504_demita_s2t.csv,1.0121457489878543,0.0,7904
de mita,/home/mhetac/Documents/GitHub/crossdem/datasets/prime_ministers/de mita/csv_out/126723_demita_s2t.csv,0.3785727806170736,0.0,5283
de mita,/home/mhetac/Documents/GitHub/crossdem/datasets/prime_ministers/de mita/csv_out/125546_demita_s2t.csv,0.7847240387130526,0.0,3823
de mita,/home/mhetac/Documents/GitHub/crossdem/datasets/prime_ministers/de mita/csv_out/117174_demita_s2t.csv,0.0,0.0,195
de mita,/home/mhetac/Documents/GitHub/crossdem/datasets/prime_ministers/de mita/csv_out/109827_demita_s2t.csv,2.5832376578645238,0.0,3484
de mita,/home/mhetac/Documents/GitHub/crossdem/datasets/prime_ministers/de mita/csv_out/114989_demita_s2t.csv,0.6374840628984275,0.0,4706
de mita,/home/mhetac/Documents/GitHub/crossdem/datasets/prime_ministers/de mita/csv_out/107431_demita_s2t.csv,3.292181069958848,0.0,1215
de mita,/home/mhetac/Documents/GitHub/crossdem/datasets/prime_ministers/de mita/csv_out/113384_demita_s2t.csv,0.27137042062415195,0.0,3685
de mita,/home/mhetac/Documents/GitHub/crossdem/datasets/prime_ministers/de mita/csv_out/106117_demita_s2t.csv,0.8285004142502072,0.0,3621
de mita,/home/mhetac/Documents/GitHub/crossdem/datasets/prime_ministers/de mita/csv_out/114089_demita_s2t.csv,1.607952053793305,0.0,6841
de mita,/home/mhetac/Documents/GitHub/crossdem/datasets/prime_ministers/de mita/csv_out/98435_demita_s2t.csv,1.9707207207207207,0.0,3552
de mita,/home/mhetac/Documents/GitHub/crossdem/datasets/prime_ministers/de mita/csv_out/96544_demita_s2t.csv,3.257992262268377,0.0,4911
de mita,/home/mhetac/Documents/GitHub/crossdem/datasets/prime_ministers/de mita/csv_out/104387_demita_s2t.csv,1.218026796589525,0.0,4926
de mita,/home/mhetac/Documents/GitHub/crossdem/datasets/prime_ministers/de mita/csv_out/96844_demita_s2t.csv,1.239771881973717,0.0,4033
de mita,/home/mhetac/Documents/GitHub/crossdem/datasets/prime_ministers/de mita/csv_out/92953_demita_s2t.csv,0.0,0.0,2293
de mita,/home/mhetac/Documents/GitHub/crossdem/datasets/prime_ministers/de mita/csv_out/89361_demita_s2t.csv,0.6207324643078833,0.0,3222
de mita,/home/mhetac/Documents/GitHub/crossdem/datasets/prime_ministers/de mita/csv_out/89368_demita_s2t.csv,6.216006216006216,0.0,1287
de mita,/home/mhetac/Documents/GitHub/crossdem/datasets/prime_ministers/de mita/csv_out/87181_demita_s2t.csv,2.0689655172413794,0.0,2900
de mita,/home/mhetac/Documents/GitHub/crossdem/datasets/prime_ministers/de mita/csv_out/85203_demita_s2t.csv,0.0,0.0,4426
de mita,/home/mhetac/Documents/GitHub/crossdem/datasets/prime_ministers/de mita/csv_out/84580_demita_s2t.csv,1.648653599560359,0.0,5459
de mita,/home/mhetac/Documents/GitHub/crossdem/datasets/prime_ministers/de mita/csv_out/83375_demita_s2t.csv,1.5533310321021747,0.0,5794
de mita,/home/mhetac/Documents/GitHub/crossdem/datasets/prime_ministers/de mita/csv_out/83746_demita_s2t.csv,1.1806375442739079,0.0,847
de mita,/home/mhetac/Documents/GitHub/crossdem/datasets/prime_ministers/de mita/csv_out/83113_demita_s2t.csv,2.032176121930567,0.0,5905
de mita,/home/mhetac/Documents/GitHub/crossdem/datasets/prime_ministers/de mita/csv_out/79044_demita_s2t.csv,1.7381228273464657,0.0,1726
de mita,/home/mhetac/Documents/GitHub/crossdem/datasets/prime_ministers/de mita/csv_out/61969_demita_s2t.csv,2.699784017278618,0.0,1852
de mita,/home/mhetac/Documents/GitHub/crossdem/datasets/prime_ministers/de mita/csv_out/57419_demita_s2t.csv,2.2287226633235826,0.0,7179
de mita,/home/mhetac/Documents/GitHub/crossdem/datasets/prime_ministers/de mita/csv_out/55885_demita_s2t.csv,3.5022180714452484,0.0,4283
de mita,/home/mhetac/Documents/GitHub/crossdem/datasets/prime_ministers/de mita/csv_out/51362_demita_s2t.csv,3.9049788480312397,0.0,3073
de mita,/home/mhetac/Documents/GitHub/crossdem/datasets/prime_ministers/de mita/csv_out/49344_demita_s2t.csv,0.0,0.0,1101
de mita,/home/mhetac/Documents/GitHub/crossdem/datasets/prime_ministers/de mita/csv_out/49016_demita_s2t.csv,0.8840430234271401,0.0,6787
de mita,/home/mhetac/Documents/GitHub/crossdem/datasets/prime_ministers/de mita/csv_out/49086_demita_s2t.csv,0.0,0.0,1519
de mita,/home/mhetac/Documents/GitHub/crossdem/datasets/prime_ministers/de mita/csv_out/49087_demita_s2t.csv,9.2680608365019,0.0,4208
de mita,/home/mhetac/Documents/GitHub/crossdem/datasets/prime_ministers/de mita/csv_out/48626_demita_s2t.csv,8.386277001270647,0.0,3935
de mita,/home/mhetac/Documents/GitHub/crossdem/datasets/prime_ministers/de mita/csv_out/48270_demita_s2t.csv,4.801920768307323,0.0,833
de mita,/home/mhetac/Documents/GitHub/crossdem/datasets/prime_ministers/de mita/csv_out/46078_demita_s2t.csv,3.4748451427708114,0.0,6619
de mita,/home/mhetac/Documents/GitHub/crossdem/datasets/prime_ministers/de mita/csv_out/46077_demita_s2t.csv,0.0,0.0,524
de mita,/home/mhetac/Documents/GitHub/crossdem/datasets/prime_ministers/de mita/csv_out/45818_demita_s2t.csv,0.0,0.0,1433
de mita,/home/mhetac/Documents/GitHub/crossdem/datasets/prime_ministers/de mita/csv_out/45335_demita_s2t.csv,2.194586686174104,0.0,2734
de mita,/home/mhetac/Documents/GitHub/crossdem/datasets/prime_ministers/de mita/csv_out/43013_demita_s2t.csv,3.278688524590164,0.0,305
de mita,/home/mhetac/Documents/GitHub/crossdem/datasets/prime_ministers/de mita/csv_out/43012_demita_s2t.csv,8.333333333333334,0.0,120
de mita,/home/mhetac/Documents/GitHub/crossdem/datasets/prime_ministers/de mita/csv_out/44967_demita_s2t.csv,3.3933698773166276,0.0,3831
de mita,/home/mhetac/Documents/GitHub/crossdem/datasets/prime_ministers/de mita/csv_out/43905_demita_s2t.csv,3.0372057706909645,0.0,2634
de mita,/home/mhetac/Documents/GitHub/crossdem/datasets/prime_ministers/de mita/csv_out/42127_demita_s2t.csv,0.779423226812159,0.0,1283
de mita,/home/mhetac/Documents/GitHub/crossdem/datasets/prime_ministers/de mita/csv_out/40827_demita_s2t.csv,4.661280298321939,0.0,3218
de mita,/home/mhetac/Documents/GitHub/crossdem/datasets/prime_ministers/de mita/csv_out/40824_demita_s2t.csv,4.350812915044653,0.0,4367
de mita,/home/mhetac/Documents/GitHub/crossdem/datasets/prime_ministers/de mita/csv_out/38960_demita_s2t.csv,1.0214504596527068,0.0,979
de mita,/home/mhetac/Documents/GitHub/crossdem/datasets/prime_ministers/de mita/csv_out/38990_demita_s2t.csv,2.293982706899594,0.0,5667
de mita,/home/mhetac/Documents/GitHub/crossdem/datasets/prime_ministers/de mita/csv_out/37515_demita_s2t.csv,2.8308563340410475,0.0,2826
de mita,/home/mhetac/Documents/GitHub/crossdem/datasets/prime_ministers/de mita/csv_out/58799_demita_s2t.csv,2.613065326633166,0.0,4975
de mita,/home/mhetac/Documents/GitHub/crossdem/datasets/prime_ministers/de mita/csv_out/36289_demita_s2t.csv,4.394726328405913,0.0,5006
de mita,/home/mhetac/Documents/GitHub/crossdem/datasets/prime_ministers/de mita/csv_out/76591_demita_s2t.csv,2.576074706166479,0.0,6211
de mita,/home/mhetac/Documents/GitHub/crossdem/datasets/prime_ministers/de mita/csv_out/33835_demita_s2t.csv,1.6611295681063123,0.0,602
de mita,/home/mhetac/Documents/GitHub/crossdem/datasets/prime_ministers/de mita/csv_out/42111_demita_s2t.csv,1.0337698139214335,0.0,2902
de mita,/home/mhetac/Documents/GitHub/crossdem/datasets/prime_ministers/de mita/csv_out/62699_demita_s2t.csv,0.0,0.0,1481
de mita,/home/mhetac/Documents/GitHub/crossdem/datasets/prime_ministers/de mita/csv_out/29053_demita_s2t.csv,1.3888888888888888,0.0,2160
de mita,/home/mhetac/Documents/GitHub/crossdem/datasets/prime_ministers/de mita/csv_out/27179_demita_s2t.csv,0.8108655990269613,0.0,4933
de mita,/home/mhetac/Documents/GitHub/crossdem/datasets/prime_ministers/de mita/csv_out/21366_demita_s2t.csv,4.576659038901602,0.0,437
de mita,/home/mhetac/Documents/GitHub/crossdem/datasets/prime_ministers/de mita/csv_out/16549_demita_s2t.csv,1.5910898965791567,0.0,5028
de mita,/home/mhetac/Documents/GitHub/crossdem/datasets/prime_ministers/de mita/csv_out/15813_demita_s2t.csv,0.0,0.0,153
de mita,/home/mhetac/Documents/GitHub/crossdem/datasets/prime_ministers/de mita/csv_out/58736_demita_s2t.csv,1.6560509554140128,0.0,7850
de mita,/home/mhetac/Documents/GitHub/crossdem/datasets/prime_ministers/de mita/csv_out/14343_demita_s2t.csv,3.3333333333333335,0.0,300
de mita,/home/mhetac/Documents/GitHub/crossdem/datasets/prime_ministers/de mita/csv_out/521228_demita_s2t.csv,0.0,0.0,521
de mita,/home/mhetac/Documents/GitHub/crossdem/datasets/prime_ministers/de mita/csv_out/443339_demita_s2t.csv,1.2339966065093322,0.0,6483
de mita,/home/mhetac/Documents/GitHub/crossdem/datasets/prime_ministers/de mita/csv_out/432281_demita_s2t.csv,0.388651379712398,0.0,2573
de mita,/home/mhetac/Documents/GitHub/crossdem/datasets/prime_ministers/de mita/csv_out/193454_demita_s2t.csv,0.0,0.0,224
de mita,/home/mhetac/Documents/GitHub/crossdem/datasets/prime_ministers/de mita/csv_out/141490_demita_s2t.csv,0.0,0.0,62
de mita,/home/mhetac/Documents/GitHub/crossdem/datasets/prime_ministers/de mita/csv_out/109199_demita_s2t.csv,0.0,0.0,366
de mita,/home/mhetac/Documents/GitHub/crossdem/datasets/prime_ministers/de mita/csv_out/100467_demita_s2t.csv,1.8867924528301887,0.0,530
de mita,/home/mhetac/Documents/GitHub/crossdem/datasets/prime_ministers/de mita/csv_out/37834_demita_s2t.csv,4.444444444444445,0.0,1125
de mita,/home/mhetac/Documents/GitHub/crossdem/datasets/prime_ministers/de mita/csv_out/30119_demita_s2t.csv,0.0,0.0,27
de mita,/home/mhetac/Documents/GitHub/crossdem/datasets/prime_ministers/de mita/csv_out/27173_demita_s2t.csv,0.0,0.0,255
de mita,/home/mhetac/Documents/GitHub/crossdem/datasets/prime_ministers/de mita/csv_out/25851_demita_s2t.csv,0.0,0.0,154
de mita,/home/mhetac/Documents/GitHub/crossdem/datasets/prime_ministers/de mita/csv_out/24774_demita_s2t.csv,3.952569169960474,0.0,253
de mita,/home/mhetac/Documents/GitHub/crossdem/datasets/prime_ministers/de mita/csv_out/22446_demita_s2t.csv,11.363636363636363,0.0,264
de mita,/home/mhetac/Documents/GitHub/crossdem/datasets/prime_ministers/de mita/csv_out/22403_demita_s2t.csv,0.0,0.0,198
de mita,/home/mhetac/Documents/GitHub/crossdem/datasets/prime_ministers/de mita/csv_out/20538_demita_s2t.csv,1.5822784810126582,0.0,632
de mita,/home/mhetac/Documents/GitHub/crossdem/datasets/prime_ministers/de mita/csv_out/16934_demita_s2t.csv,4.651162790697675,0.0,430
de mita,/home/mhetac/Documents/GitHub/crossdem/datasets/prime_ministers/de mita/csv_out/12214_demita_s2t.csv,11.712214166201896,0.0,1793
de mita,/home/mhetac/Documents/GitHub/crossdem/datasets/prime_ministers/de mita/csv_out/11613_demita_s2t.csv,3.204443494979705,0.0,4681
de mita,/home/mhetac/Documents/GitHub/crossdem/datasets/prime_ministers/de mita/csv_out/11419_demita_s2t.csv,0.0,0.0,833
de mita,/home/mhetac/Documents/GitHub/crossdem/datasets/prime_ministers/de mita/csv_out/250432_demita_s2t.csv,3.438395415472779,0.0,1745
de mita,/home/mhetac/Documents/GitHub/crossdem/datasets/prime_ministers/de mita/csv_out/207324_demita_s2t.csv,1.2334258402713536,0.0,3243
de mita,/home/mhetac/Documents/GitHub/crossdem/datasets/prime_ministers/de mita/csv_out/199468_demita_s2t.csv,0.8185538881309686,0.0,3665
de mita,/home/mhetac/Documents/GitHub/crossdem/datasets/prime_ministers/de mita/csv_out/247929_demita_s2t.csv,0.0,0.0,591
de mita,/home/mhetac/Documents/GitHub/crossdem/datasets/prime_ministers/de mita/csv_out/240644_demita_s2t.csv,1.5402387370042356,0.0,2597
de mita,/home/mhetac/Documents/GitHub/crossdem/datasets/prime_ministers/de mita/csv_out/158738_demita_s2t.csv,2.9154518950437316,0.0,1372
de mita,/home/mhetac/Documents/GitHub/crossdem/datasets/prime_ministers/de mita/csv_out/151560_demita_s2t.csv,3.6101083032490973,0.0,831
de mita,/home/mhetac/Documents/GitHub/crossdem/datasets/prime_ministers/de mita/csv_out/136731_demita_s2t.csv,1.45288501452885,0.0,4818
de mita,/home/mhetac/Documents/GitHub/crossdem/datasets/prime_ministers/de mita/csv_out/64309_demita_s2t.csv,2.2583559168925023,0.0,6642
de mita,/home/mhetac/Documents/GitHub/crossdem/datasets/prime_ministers/de mita/csv_out/57486_demita_s2t.csv,3.4334763948497855,0.0,1165
de mita,/home/mhetac/Documents/GitHub/crossdem/datasets/prime_ministers/de mita/csv_out/46811_demita_s2t.csv,1.3518080432578574,0.0,2959
de mita,/home/mhetac/Documents/GitHub/crossdem/datasets/prime_ministers/de mita/csv_out/76506_demita_s2t.csv,0.0,0.0,2216
de mita,/home/mhetac/Documents/GitHub/crossdem/datasets/prime_ministers/de mita/csv_out/11382_demita_s2t.csv,3.0627871362940278,0.0,1306
de mita,/home/mhetac/Documents/GitHub/crossdem/datasets/prime_ministers/de mita/csv_out/107059_demita_s2t.csv,1.489995742869306,0.0,4698
de mita,/home/mhetac/Documents/GitHub/crossdem/datasets/prime_ministers/de mita/csv_out/21965_demita_s2t.csv,5.244755244755245,0.0,572
de mita,/home/mhetac/Documents/GitHub/crossdem/datasets/prime_ministers/de mita/csv_out/240636_demita_s2t.csv,0.2895193977996526,0.0,3454
de mita,/home/mhetac/Documents/GitHub/crossdem/datasets/prime_ministers/de mita/csv_out/148463_demita_s2t.csv,0.35335689045936397,0.0,5660
de mita,/home/mhetac/Documents/GitHub/crossdem/datasets/prime_ministers/de mita/csv_out/150521_demita_s2t.csv,1.8738288569643973,0.0,6404
de mita,/home/mhetac/Documents/GitHub/crossdem/datasets/prime_ministers/de mita/csv_out/145361_demita_s2t.csv,0.0,0.0,463
de mita,/home/mhetac/Documents/GitHub/crossdem/datasets/prime_ministers/de mita/csv_out/142463_demita_s2t.csv,2.8792513946373943,0.0,5557
de mita,/home/mhetac/Documents/GitHub/crossdem/datasets/prime_ministers/de mita/csv_out/136267_demita_s2t.csv,0.3463803255975061,0.0,2887
de mita,/home/mhetac/Documents/GitHub/crossdem/datasets/prime_ministers/de mita/csv_out/142985_demita_s2t.csv,2.7384755819260613,0.0,4382
de mita,/home/mhetac/Documents/GitHub/crossdem/datasets/prime_ministers/de mita/csv_out/133860_demita_s2t.csv,0.8658008658008658,0.0,3465
de mita,/home/mhetac/Documents/GitHub/crossdem/datasets/prime_ministers/de mita/csv_out/131888_demita_s2t.csv,1.625487646293888,0.0,3076
de mita,/home/mhetac/Documents/GitHub/crossdem/datasets/prime_ministers/de mita/csv_out/119765_demita_s2t.csv,1.1931140276120675,0.0,5867
de mita,/home/mhetac/Documents/GitHub/crossdem/datasets/prime_ministers/de mita/csv_out/122066_demita_s2t.csv,0.9302325581395349,0.0,1075
de mita,/home/mhetac/Documents/GitHub/crossdem/datasets/prime_ministers/de mita/csv_out/117073_demita_s2t.csv,2.042007001166861,0.0,3428
de mita,/home/mhetac/Documents/GitHub/crossdem/datasets/prime_ministers/de mita/csv_out/112162_demita_s2t.csv,0.9595087315294569,0.0,5211
de mita,/home/mhetac/Documents/GitHub/crossdem/datasets/prime_ministers/de mita/csv_out/113754_demita_s2t.csv,0.9272137227630969,0.0,4314
de mita,/home/mhetac/Documents/GitHub/crossdem/datasets/prime_ministers/de mita/csv_out/109150_demita_s2t.csv,1.64778578784758,0.0,4855
de mita,/home/mhetac/Documents/GitHub/crossdem/datasets/prime_ministers/de mita/csv_out/123051_demita_s2t.csv,2.0134228187919465,0.0,7450
de mita,/home/mhetac/Documents/GitHub/crossdem/datasets/prime_ministers/de mita/csv_out/123516_demita_s2t.csv,0.0,0.0,482
de mita,/home/mhetac/Documents/GitHub/crossdem/datasets/prime_ministers/de mita/csv_out/106320_demita_s2t.csv,2.6367831245880025,0.0,3034
de mita,/home/mhetac/Documents/GitHub/crossdem/datasets/prime_ministers/de mita/csv_out/113376_demita_s2t.csv,2.615844544095665,0.0,2676
de mita,/home/mhetac/Documents/GitHub/crossdem/datasets/prime_ministers/de mita/csv_out/104828_demita_s2t.csv,1.7684385727660459,0.0,9613
de mita,/home/mhetac/Documents/GitHub/crossdem/datasets/prime_ministers/de mita/csv_out/101660_demita_s2t.csv,0.0,0.0,1563
de mita,/home/mhetac/Documents/GitHub/crossdem/datasets/prime_ministers/de mita/csv_out/97974_demita_s2t.csv,2.8901734104046244,0.0,6228
de mita,/home/mhetac/Documents/GitHub/crossdem/datasets/prime_ministers/de mita/csv_out/101244_demita_s2t.csv,2.430815258040389,0.0,5348
de mita,/home/mhetac/Documents/GitHub/crossdem/datasets/prime_ministers/de mita/csv_out/93118_demita_s2t.csv,1.5609479211011779,0.0,7047
de mita,/home/mhetac/Documents/GitHub/crossdem/datasets/prime_ministers/de mita/csv_out/88470_demita_s2t.csv,0.6163328197226502,0.0,6490
de mita,/home/mhetac/Documents/GitHub/crossdem/datasets/prime_ministers/de mita/csv_out/78957_demita_s2t.csv,1.027749229188078,0.0,2919
de mita,/home/mhetac/Documents/GitHub/crossdem/datasets/prime_ministers/de mita/csv_out/78848_demita_s2t.csv,1.7779533781114185,0.0,5062
de mita,/home/mhetac/Documents/GitHub/crossdem/datasets/prime_ministers/de mita/csv_out/68036_demita_s2t.csv,2.6550808592807145,47.61904761904762,8286
de mita,/home/mhetac/Documents/GitHub/crossdem/datasets/prime_ministers/de mita/csv_out/52713_demita_s2t.csv,1.7426662794074934,200.0,3443
de mita,/home/mhetac/Documents/GitHub/crossdem/datasets/prime_ministers/de mita/csv_out/48892_demita_s2t.csv,1.3855213023900244,0.0,5774
de mita,/home/mhetac/Documents/GitHub/crossdem/datasets/prime_ministers/de mita/csv_out/45169_demita_s2t.csv,4.557640750670242,0.0,3730
de mita,/home/mhetac/Documents/GitHub/crossdem/datasets/prime_ministers/de mita/csv_out/45058_demita_s2t.csv,1.8161180476730987,0.0,4405
de mita,/home/mhetac/Documents/GitHub/crossdem/datasets/prime_ministers/de mita/csv_out/41887_demita_s2t.csv,2.5712949976624593,23.25581395348837,4278
de mita,/home/mhetac/Documents/GitHub/crossdem/datasets/prime_ministers/de mita/csv_out/41265_demita_s2t.csv,5.370843989769821,0.0,3910
de mita,/home/mhetac/Documents/GitHub/crossdem/datasets/prime_ministers/de mita/csv_out/58820_demita_s2t.csv,1.1049723756906078,0.0,1810
de mita,/home/mhetac/Documents/GitHub/crossdem/datasets/prime_ministers/de mita/csv_out/40701_demita_s2t.csv,2.94811320754717,0.0,1696
de mita,/home/mhetac/Documents/GitHub/crossdem/datasets/prime_ministers/de mita/csv_out/37781_demita_s2t.csv,3.5655512890839276,0.0,3646
de mita,/home/mhetac/Documents/GitHub/crossdem/datasets/prime_ministers/de mita/csv_out/75689_demita_s2t.csv,2.4361948955916475,0.0,8620
de mita,/home/mhetac/Documents/GitHub/crossdem/datasets/prime_ministers/de mita/csv_out/34572_demita_s2t.csv,1.074938574938575,0.0,6512
de mita,/home/mhetac/Documents/GitHub/crossdem/datasets/prime_ministers/de mita/csv_out/31019_demita_s2t.csv,1.9413706076490003,0.0,5151
de mita,/home/mhetac/Documents/GitHub/crossdem/datasets/prime_ministers/de mita/csv_out/24920_demita_s2t.csv,1.2655939251491592,0.0,5531
de mita,/home/mhetac/Documents/GitHub/crossdem/datasets/prime_ministers/de mita/csv_out/16890_demita_s2t.csv,5.698005698005698,0.0,351
de mita,/home/mhetac/Documents/GitHub/crossdem/datasets/prime_ministers/de mita/csv_out/16556_demita_s2t.csv,1.0901162790697674,0.0,5504
de mita,/home/mhetac/Documents/GitHub/crossdem/datasets/prime_ministers/de mita/csv_out/15888_demita_s2t.csv,0.29231218941829873,0.0,3421
de mita,/home/mhetac/Documents/GitHub/crossdem/datasets/prime_ministers/de mita/csv_out/15818_demita_s2t.csv,0.2808199943836001,0.0,3561
de mita,/home/mhetac/Documents/GitHub/crossdem/datasets/prime_ministers/de mita/csv_out/42096_demita_s2t.csv,3.037974683544304,0.0,3950
de mita,/home/mhetac/Documents/GitHub/crossdem/datasets/prime_ministers/de mita/csv_out/151564_demita_s2t.csv,1.6750418760469012,0.0,2985
de mita,/home/mhetac/Documents/GitHub/crossdem/datasets/prime_ministers/de mita/csv_out/58788_demita_s2t.csv,1.600284495021337,0.0,5624
de mita,/home/mhetac/Documents/GitHub/crossdem/datasets/prime_ministers/de mita/csv_out/421875_demita_s2t.csv,0.5594405594405595,0.0,3575
de mita,/home/mhetac/Documents/GitHub/crossdem/datasets/prime_ministers/de mita/csv_out/215229_demita_s2t.csv,10.1010101010101,0.0,99
de mita,/home/mhetac/Documents/GitHub/crossdem/datasets/prime_ministers/de mita/csv_out/21368_demita_s2t.csv,0.0,0.0,107
amato,/home/mhetac/Documents/GitHub/crossdem/datasets/prime_ministers/amato/csv_out/744501_amato_s2t.csv,0.41823504809703055,0.0,2391
amato,/home/mhetac/Documents/GitHub/crossdem/datasets/prime_ministers/amato/csv_out/647310_amato_s2t.csv,0.0,0.0,477
amato,/home/mhetac/Documents/GitHub/crossdem/datasets/prime_ministers/amato/csv_out/626773_amato_s2t.csv,0.0,0.0,2114
amato,/home/mhetac/Documents/GitHub/crossdem/datasets/prime_ministers/amato/csv_out/527068_amato_s2t.csv,2.932551319648094,58.8235294117647,3069
amato,/home/mhetac/Documents/GitHub/crossdem/datasets/prime_ministers/amato/csv_out/524410_amato_s2t.csv,2.1037868162692845,0.0,1426
amato,/home/mhetac/Documents/GitHub/crossdem/datasets/prime_ministers/amato/csv_out/524191_amato_s2t.csv,2.038735983690112,0.0,1962
amato,/home/mhetac/Documents/GitHub/crossdem/datasets/prime_ministers/amato/csv_out/487724_amato_s2t.csv,2.785515320334262,0.0,1795
amato,/home/mhetac/Documents/GitHub/crossdem/datasets/prime_ministers/amato/csv_out/479710_amato_s2t.csv,2.1484052222773093,35.714285714285715,6051
amato,/home/mhetac/Documents/GitHub/crossdem/datasets/prime_ministers/amato/csv_out/476193_amato_s2t.csv,2.506265664160401,0.0,798
amato,/home/mhetac/Documents/GitHub/crossdem/datasets/prime_ministers/amato/csv_out/473500_amato_s2t.csv,2.2148394241417497,0.0,1806
amato,/home/mhetac/Documents/GitHub/crossdem/datasets/prime_ministers/amato/csv_out/465185_amato_s2t.csv,7.457121551081283,0.0,1341
amato,/home/mhetac/Documents/GitHub/crossdem/datasets/prime_ministers/amato/csv_out/461292_amato_s2t.csv,1.7921146953405018,0.0,2232
amato,/home/mhetac/Documents/GitHub/crossdem/datasets/prime_ministers/amato/csv_out/460594_amato_s2t.csv,1.9849146486701073,0.0,2519
amato,/home/mhetac/Documents/GitHub/crossdem/datasets/prime_ministers/amato/csv_out/457811_amato_s2t.csv,0.945179584120983,0.0,3174
amato,/home/mhetac/Documents/GitHub/crossdem/datasets/prime_ministers/amato/csv_out/456686_amato_s2t.csv,6.656426011264721,1000.0,1953
amato,/home/mhetac/Documents/GitHub/crossdem/datasets/prime_ministers/amato/csv_out/456127_amato_s2t.csv,0.0,0.0,35
amato,/home/mhetac/Documents/GitHub/crossdem/datasets/prime_ministers/amato/csv_out/447477_amato_s2t.csv,2.9239766081871346,0.0,2052
amato,/home/mhetac/Documents/GitHub/crossdem/datasets/prime_ministers/amato/csv_out/444934_amato_s2t.csv,0.4526935264825713,0.0,2209
amato,/home/mhetac/Documents/GitHub/crossdem/datasets/prime_ministers/amato/csv_out/442257_amato_s2t.csv,3.8247566063977745,0.0,2876
amato,/home/mhetac/Documents/GitHub/crossdem/datasets/prime_ministers/amato/csv_out/439127_amato_s2t.csv,3.690036900369004,0.0,2168
amato,/home/mhetac/Documents/GitHub/crossdem/datasets/prime_ministers/amato/csv_out/436584_amato_s2t.csv,0.0,0.0,1870
amato,/home/mhetac/Documents/GitHub/crossdem/datasets/prime_ministers/amato/csv_out/433474_amato_s2t.csv,0.0,0.0,2180
amato,/home/mhetac/Documents/GitHub/crossdem/datasets/prime_ministers/amato/csv_out/432764_amato_s2t.csv,6.495263870094723,0.0,7390
amato,/home/mhetac/Documents/GitHub/crossdem/datasets/prime_ministers/amato/csv_out/427325_amato_s2t.csv,1.0055304172951232,0.0,1989
amato,/home/mhetac/Documents/GitHub/crossdem/datasets/prime_ministers/amato/csv_out/423442_amato_s2t.csv,0.0,0.0,1754
amato,/home/mhetac/Documents/GitHub/crossdem/datasets/prime_ministers/amato/csv_out/422797_amato_s2t.csv,1.349527665317139,0.0,1482
amato,/home/mhetac/Documents/GitHub/crossdem/datasets/prime_ministers/amato/csv_out/422176_amato_s2t.csv,1.0593220338983051,0.0,1888
amato,/home/mhetac/Documents/GitHub/crossdem/datasets/prime_ministers/amato/csv_out/420725_amato_s2t.csv,0.9487666034155597,18.51851851851852,2108
amato,/home/mhetac/Documents/GitHub/crossdem/datasets/prime_ministers/amato/csv_out/414879_amato_s2t.csv,0.7722007722007722,0.0,2590
amato,/home/mhetac/Documents/GitHub/crossdem/datasets/prime_ministers/amato/csv_out/413716_amato_s2t.csv,1.021972406745018,0.0,1957
amato,/home/mhetac/Documents/GitHub/crossdem/datasets/prime_ministers/amato/csv_out/411104_amato_s2t.csv,2.1715526601520088,0.0,1842
amato,/home/mhetac/Documents/GitHub/crossdem/datasets/prime_ministers/amato/csv_out/410907_amato_s2t.csv,1.124859392575928,0.0,1778
amato,/home/mhetac/Documents/GitHub/crossdem/datasets/prime_ministers/amato/csv_out/407550_amato_s2t.csv,1.9646365422396856,0.0,2545
amato,/home/mhetac/Documents/GitHub/crossdem/datasets/prime_ministers/amato/csv_out/407130_amato_s2t.csv,0.731528895391368,0.0,2734
amato,/home/mhetac/Documents/GitHub/crossdem/datasets/prime_ministers/amato/csv_out/403872_amato_s2t.csv,3.923278116826504,62.5,2294
amato,/home/mhetac/Documents/GitHub/crossdem/datasets/prime_ministers/amato/csv_out/401147_amato_s2t.csv,1.8796992481203008,0.0,2660
amato,/home/mhetac/Documents/GitHub/crossdem/datasets/prime_ministers/amato/csv_out/398579_amato_s2t.csv,1.9654946494867875,0.0,4579
amato,/home/mhetac/Documents/GitHub/crossdem/datasets/prime_ministers/amato/csv_out/396141_amato_s2t.csv,0.6313131313131313,0.0,3168
amato,/home/mhetac/Documents/GitHub/crossdem/datasets/prime_ministers/amato/csv_out/382524_amato_s2t.csv,0.5704506560182544,0.0,1753
amato,/home/mhetac/Documents/GitHub/crossdem/datasets/prime_ministers/amato/csv_out/381372_amato_s2t.csv,2.493765586034913,0.0,2005
amato,/home/mhetac/Documents/GitHub/crossdem/datasets/prime_ministers/amato/csv_out/380735_amato_s2t.csv,7.161458333333333,0.0,1536
amato,/home/mhetac/Documents/GitHub/crossdem/datasets/prime_ministers/amato/csv_out/374338_amato_s2t.csv,0.468384074941452,0.0,2135
amato,/home/mhetac/Documents/GitHub/crossdem/datasets/prime_ministers/amato/csv_out/371495_amato_s2t.csv,1.7026106696935301,0.0,3524
amato,/home/mhetac/Documents/GitHub/crossdem/datasets/prime_ministers/amato/csv_out/365651_amato_s2t.csv,1.2310217480508823,0.0,2437
amato,/home/mhetac/Documents/GitHub/crossdem/datasets/prime_ministers/amato/csv_out/363713_amato_s2t.csv,3.9973351099267154,0.0,1501
amato,/home/mhetac/Documents/GitHub/crossdem/datasets/prime_ministers/amato/csv_out/364359_amato_s2t.csv,0.6648936170212766,0.0,1504
amato,/home/mhetac/Documents/GitHub/crossdem/datasets/prime_ministers/amato/csv_out/359814_amato_s2t.csv,2.9014759682099154,100.0,7927
amato,/home/mhetac/Documents/GitHub/crossdem/datasets/prime_ministers/amato/csv_out/357607_amato_s2t.csv,0.5524861878453039,0.0,1810
amato,/home/mhetac/Documents/GitHub/crossdem/datasets/prime_ministers/amato/csv_out/356170_amato_s2t.csv,0.5827505827505828,0.0,1716
amato,/home/mhetac/Documents/GitHub/crossdem/datasets/prime_ministers/amato/csv_out/355589_amato_s2t.csv,0.0,0.0,1648
amato,/home/mhetac/Documents/GitHub/crossdem/datasets/prime_ministers/amato/csv_out/354599_amato_s2t.csv,0.4723665564478035,0.0,2117
amato,/home/mhetac/Documents/GitHub/crossdem/datasets/prime_ministers/amato/csv_out/353325_amato_s2t.csv,1.5705631590756115,45.45454545454545,4457
amato,/home/mhetac/Documents/GitHub/crossdem/datasets/prime_ministers/amato/csv_out/352624_amato_s2t.csv,1.82179529645578,20.0,6038
amato,/home/mhetac/Documents/GitHub/crossdem/datasets/prime_ministers/amato/csv_out/350743_amato_s2t.csv,4.152823920265781,0.0,1204
amato,/home/mhetac/Documents/GitHub/crossdem/datasets/prime_ministers/amato/csv_out/350442_amato_s2t.csv,2.788622420524261,500.0,1793
amato,/home/mhetac/Documents/GitHub/crossdem/datasets/prime_ministers/amato/csv_out/350319_amato_s2t.csv,6.72834314550042,0.0,1189
amato,/home/mhetac/Documents/GitHub/crossdem/datasets/prime_ministers/amato/csv_out/346743_amato_s2t.csv,3.8269060936120107,250.0,3397
amato,/home/mhetac/Documents/GitHub/crossdem/datasets/prime_ministers/amato/csv_out/344765_amato_s2t.csv,0.0,0.0,548
amato,/home/mhetac/Documents/GitHub/crossdem/datasets/prime_ministers/amato/csv_out/342201_amato_s2t.csv,1.497566454511419,0.0,2671
amato,/home/mhetac/Documents/GitHub/crossdem/datasets/prime_ministers/amato/csv_out/341918_amato_s2t.csv,0.43802014892685065,0.0,2283
amato,/home/mhetac/Documents/GitHub/crossdem/datasets/prime_ministers/amato/csv_out/340652_amato_s2t.csv,0.3843197540353574,0.0,2602
amato,/home/mhetac/Documents/GitHub/crossdem/datasets/prime_ministers/amato/csv_out/320739_amato_s2t.csv,1.3106159895150722,0.0,3052
amato,/home/mhetac/Documents/GitHub/crossdem/datasets/prime_ministers/amato/csv_out/270986_amato_s2t.csv,11.396011396011396,0.0,351
amato,/home/mhetac/Documents/GitHub/crossdem/datasets/prime_ministers/amato/csv_out/267577_amato_s2t.csv,1.3077593722755012,0.0,2294
amato,/home/mhetac/Documents/GitHub/crossdem/datasets/prime_ministers/amato/csv_out/267200_amato_s2t.csv,0.8745080891998251,0.0,2287
amato,/home/mhetac/Documents/GitHub/crossdem/datasets/prime_ministers/amato/csv_out/267125_amato_s2t.csv,0.0,0.0,1707
amato,/home/mhetac/Documents/GitHub/crossdem/datasets/prime_ministers/amato/csv_out/266543_amato_s2t.csv,4.396482813749,0.0,2502
amato,/home/mhetac/Documents/GitHub/crossdem/datasets/prime_ministers/amato/csv_out/245052_amato_s2t.csv,1.2345679012345678,15.625,3240
amato,/home/mhetac/Documents/GitHub/crossdem/datasets/prime_ministers/amato/csv_out/245413_amato_s2t.csv,0.0,0.0,2037
amato,/home/mhetac/Documents/GitHub/crossdem/datasets/prime_ministers/amato/csv_out/244659_amato_s2t.csv,0.4553734061930783,0.0,2196
amato,/home/mhetac/Documents/GitHub/crossdem/datasets/prime_ministers/amato/csv_out/244604_amato_s2t.csv,0.0,0.0,485
amato,/home/mhetac/Documents/GitHub/crossdem/datasets/prime_ministers/amato/csv_out/244521_amato_s2t.csv,1.2418503570319777,0.0,3221
amato,/home/mhetac/Documents/GitHub/crossdem/datasets/prime_ministers/amato/csv_out/244055_amato_s2t.csv,1.001001001001001,0.0,1998
amato,/home/mhetac/Documents/GitHub/crossdem/datasets/prime_ministers/amato/csv_out/242994_amato_s2t.csv,0.0,0.0,1749
amato,/home/mhetac/Documents/GitHub/crossdem/datasets/prime_ministers/amato/csv_out/242875_amato_s2t.csv,1.148105625717566,0.0,2613
amato,/home/mhetac/Documents/GitHub/crossdem/datasets/prime_ministers/amato/csv_out/242642_amato_s2t.csv,1.1366865586814436,0.0,3519
amato,/home/mhetac/Documents/GitHub/crossdem/datasets/prime_ministers/amato/csv_out/241859_amato_s2t.csv,2.0986358866736623,0.0,2859
amato,/home/mhetac/Documents/GitHub/crossdem/datasets/prime_ministers/amato/csv_out/241494_amato_s2t.csv,0.49603174603174605,0.0,2016
amato,/home/mhetac/Documents/GitHub/crossdem/datasets/prime_ministers/amato/csv_out/241110_amato_s2t.csv,2.9229082937522834,0.0,2737
amato,/home/mhetac/Documents/GitHub/crossdem/datasets/prime_ministers/amato/csv_out/240449_amato_s2t.csv,0.0,0.0,2339
amato,/home/mhetac/Documents/GitHub/crossdem/datasets/prime_ministers/amato/csv_out/240081_amato_s2t.csv,2.4179620034542313,0.0,2895
amato,/home/mhetac/Documents/GitHub/crossdem/datasets/prime_ministers/amato/csv_out/239499_amato_s2t.csv,0.0,0.0,1593
amato,/home/mhetac/Documents/GitHub/crossdem/datasets/prime_ministers/amato/csv_out/238601_amato_s2t.csv,0.24691358024691357,0.0,4050
amato,/home/mhetac/Documents/GitHub/crossdem/datasets/prime_ministers/amato/csv_out/236845_amato_s2t.csv,1.2106537530266344,0.0,3304
amato,/home/mhetac/Documents/GitHub/crossdem/datasets/prime_ministers/amato/csv_out/236715_amato_s2t.csv,0.0,0.0,806
amato,/home/mhetac/Documents/GitHub/crossdem/datasets/prime_ministers/amato/csv_out/235631_amato_s2t.csv,0.0,0.0,1135
amato,/home/mhetac/Documents/GitHub/crossdem/datasets/prime_ministers/amato/csv_out/234899_amato_s2t.csv,4.133784291619691,95.23809523809524,2661
amato,/home/mhetac/Documents/GitHub/crossdem/datasets/prime_ministers/amato/csv_out/234780_amato_s2t.csv,2.7092928745597398,500.0,3691
amato,/home/mhetac/Documents/GitHub/crossdem/datasets/prime_ministers/amato/csv_out/234229_amato_s2t.csv,0.9836065573770492,29.41176470588235,3050
amato,/home/mhetac/Documents/GitHub/crossdem/datasets/prime_ministers/amato/csv_out/233773_amato_s2t.csv,1.696969696969697,95.23809523809524,4125
amato,/home/mhetac/Documents/GitHub/crossdem/datasets/prime_ministers/amato/csv_out/233821_amato_s2t.csv,2.073255010366275,0.0,1447
amato,/home/mhetac/Documents/GitHub/crossdem/datasets/prime_ministers/amato/csv_out/233755_amato_s2t.csv,6.617647058823529,333.3333333333333,1360
amato,/home/mhetac/Documents/GitHub/crossdem/datasets/prime_ministers/amato/csv_out/230980_amato_s2t.csv,0.7590132827324478,0.0,2635
amato,/home/mhetac/Documents/GitHub/crossdem/datasets/prime_ministers/amato/csv_out/230947_amato_s2t.csv,0.7550018875047187,0.0,2649
amato,/home/mhetac/Documents/GitHub/crossdem/datasets/prime_ministers/amato/csv_out/230311_amato_s2t.csv,7.09849157054126,0.0,2254
amato,/home/mhetac/Documents/GitHub/crossdem/datasets/prime_ministers/amato/csv_out/217863_amato_s2t.csv,1.4194464158978,0.0,2818
amato,/home/mhetac/Documents/GitHub/crossdem/datasets/prime_ministers/amato/csv_out/217536_amato_s2t.csv,1.563721657544957,0.0,1279
amato,/home/mhetac/Documents/GitHub/crossdem/datasets/prime_ministers/amato/csv_out/216928_amato_s2t.csv,2.2682166146867027,0.0,3527
amato,/home/mhetac/Documents/GitHub/crossdem/datasets/prime_ministers/amato/csv_out/216773_amato_s2t.csv,1.835704451583295,0.0,2179
amato,/home/mhetac/Documents/GitHub/crossdem/datasets/prime_ministers/amato/csv_out/212752_amato_s2t.csv,1.0642071656615821,71.42857142857143,2819
amato,/home/mhetac/Documents/GitHub/crossdem/datasets/prime_ministers/amato/csv_out/212666_amato_s2t.csv,1.1232799775344005,47.61904761904762,3561
amato,/home/mhetac/Documents/GitHub/crossdem/datasets/prime_ministers/amato/csv_out/212119_amato_s2t.csv,3.2736796158882586,27.77777777777778,4582
amato,/home/mhetac/Documents/GitHub/crossdem/datasets/prime_ministers/amato/csv_out/212242_amato_s2t.csv,0.0,0.0,2362
amato,/home/mhetac/Documents/GitHub/crossdem/datasets/prime_ministers/amato/csv_out/211490_amato_s2t.csv,2.4110910186859553,333.3333333333333,1659
amato,/home/mhetac/Documents/GitHub/crossdem/datasets/prime_ministers/amato/csv_out/208071_amato_s2t.csv,0.4904364884747425,0.0,2039
amato,/home/mhetac/Documents/GitHub/crossdem/datasets/prime_ministers/amato/csv_out/207720_amato_s2t.csv,2.2831050228310503,0.0,876
amato,/home/mhetac/Documents/GitHub/crossdem/datasets/prime_ministers/amato/csv_out/207648_amato_s2t.csv,0.0,0.0,1172
amato,/home/mhetac/Documents/GitHub/crossdem/datasets/prime_ministers/amato/csv_out/207335_amato_s2t.csv,0.29256875365710944,0.0,3418
amato,/home/mhetac/Documents/GitHub/crossdem/datasets/prime_ministers/amato/csv_out/258024_amato_s2t.csv,2.9006526468455403,43.47826086956522,4137
amato,/home/mhetac/Documents/GitHub/crossdem/datasets/prime_ministers/amato/csv_out/206502_amato_s2t.csv,4.497751124437781,666.6666666666666,4669
amato,/home/mhetac/Documents/GitHub/crossdem/datasets/prime_ministers/amato/csv_out/205988_amato_s2t.csv,3.6172311739559357,90.9090909090909,3041
amato,/home/mhetac/Documents/GitHub/crossdem/datasets/prime_ministers/amato/csv_out/206400_amato_s2t.csv,4.514136374435733,26.31578947368421,4209
amato,/home/mhetac/Documents/GitHub/crossdem/datasets/prime_ministers/amato/csv_out/204471_amato_s2t.csv,1.3083296990841693,0.0,2293
amato,/home/mhetac/Documents/GitHub/crossdem/datasets/prime_ministers/amato/csv_out/236742_amato_s2t.csv,0.0,55.55555555555556,3417
amato,/home/mhetac/Documents/GitHub/crossdem/datasets/prime_ministers/amato/csv_out/203146_amato_s2t.csv,0.0,25.641025641025642,3771
amato,/home/mhetac/Documents/GitHub/crossdem/datasets/prime_ministers/amato/csv_out/227567_amato_s2t.csv,0.4357298474945534,0.0,2295
amato,/home/mhetac/Documents/GitHub/crossdem/datasets/prime_ministers/amato/csv_out/201544_amato_s2t.csv,0.0,0.0,1261
amato,/home/mhetac/Documents/GitHub/crossdem/datasets/prime_ministers/amato/csv_out/201415_amato_s2t.csv,0.0,0.0,2497
amato,/home/mhetac/Documents/GitHub/crossdem/datasets/prime_ministers/amato/csv_out/200248_amato_s2t.csv,2.775208140610546,0.0,3243
amato,/home/mhetac/Documents/GitHub/crossdem/datasets/prime_ministers/amato/csv_out/199641_amato_s2t.csv,1.1229646266142617,0.0,3562
amato,/home/mhetac/Documents/GitHub/crossdem/datasets/prime_ministers/amato/csv_out/199243_amato_s2t.csv,1.9230769230769231,0.0,2600
amato,/home/mhetac/Documents/GitHub/crossdem/datasets/prime_ministers/amato/csv_out/198198_amato_s2t.csv,2.935995302407516,0.0,1703
amato,/home/mhetac/Documents/GitHub/crossdem/datasets/prime_ministers/amato/csv_out/197625_amato_s2t.csv,3.9869517941283075,22.22222222222222,2759
amato,/home/mhetac/Documents/GitHub/crossdem/datasets/prime_ministers/amato/csv_out/258023_amato_s2t.csv,0.0,0.0,1551
amato,/home/mhetac/Documents/GitHub/crossdem/datasets/prime_ministers/amato/csv_out/257473_amato_s2t.csv,0.8913980092111128,62.5,6731
amato,/home/mhetac/Documents/GitHub/crossdem/datasets/prime_ministers/amato/csv_out/254202_amato_s2t.csv,0.0,0.0,902
amato,/home/mhetac/Documents/GitHub/crossdem/datasets/prime_ministers/amato/csv_out/257395_amato_s2t.csv,0.7930214115781126,0.0,7566
amato,/home/mhetac/Documents/GitHub/crossdem/datasets/prime_ministers/amato/csv_out/257238_amato_s2t.csv,1.16993272886809,0.0,3419
amato,/home/mhetac/Documents/GitHub/crossdem/datasets/prime_ministers/amato/csv_out/246871_amato_s2t.csv,0.7710100231303006,0.0,2594
amato,/home/mhetac/Documents/GitHub/crossdem/datasets/prime_ministers/amato/csv_out/255974_amato_s2t.csv,0.8542141230068337,0.0,3512
amato,/home/mhetac/Documents/GitHub/crossdem/datasets/prime_ministers/amato/csv_out/223312_amato_s2t.csv,0.0,0.0,2389
amato,/home/mhetac/Documents/GitHub/crossdem/datasets/prime_ministers/amato/csv_out/220654_amato_s2t.csv,0.0,0.0,2076
amato,/home/mhetac/Documents/GitHub/crossdem/datasets/prime_ministers/amato/csv_out/250434_amato_s2t.csv,2.6308097047646886,0.0,3421
amato,/home/mhetac/Documents/GitHub/crossdem/datasets/prime_ministers/amato/csv_out/247446_amato_s2t.csv,0.7083407118824154,0.0,5647
amato,/home/mhetac/Documents/GitHub/crossdem/datasets/prime_ministers/amato/csv_out/247377_amato_s2t.csv,2.157497303128371,0.0,3708
amato,/home/mhetac/Documents/GitHub/crossdem/datasets/prime_ministers/amato/csv_out/216412_amato_s2t.csv,4.1039671682626535,0.0,2193
amato,/home/mhetac/Documents/GitHub/crossdem/datasets/prime_ministers/amato/csv_out/240684_amato_s2t.csv,0.3665017408832692,0.0,5457
amato,/home/mhetac/Documents/GitHub/crossdem/datasets/prime_ministers/amato/csv_out/215668_amato_s2t.csv,2.261874842925358,0.0,3979
amato,/home/mhetac/Documents/GitHub/crossdem/datasets/prime_ministers/amato/csv_out/223418_amato_s2t.csv,4.30416068866571,0.0,2788
amato,/home/mhetac/Documents/GitHub/crossdem/datasets/prime_ministers/amato/csv_out/230068_amato_s2t.csv,1.152073732718894,0.0,3472
amato,/home/mhetac/Documents/GitHub/crossdem/datasets/prime_ministers/amato/csv_out/212712_amato_s2t.csv,0.5980861244019139,0.0,1672
amato,/home/mhetac/Documents/GitHub/crossdem/datasets/prime_ministers/amato/csv_out/223514_amato_s2t.csv,0.0,0.0,852
amato,/home/mhetac/Documents/GitHub/crossdem/datasets/prime_ministers/amato/csv_out/229999_amato_s2t.csv,0.6578947368421053,0.0,1520
amato,/home/mhetac/Documents/GitHub/crossdem/datasets/prime_ministers/amato/csv_out/223256_amato_s2t.csv,0.0,0.0,3147
amato,/home/mhetac/Documents/GitHub/crossdem/datasets/prime_ministers/amato/csv_out/237214_amato_s2t.csv,2.324980625161457,0.0,3871
amato,/home/mhetac/Documents/GitHub/crossdem/datasets/prime_ministers/amato/csv_out/223235_amato_s2t.csv,0.7412898443291327,83.33333333333333,4047
amato,/home/mhetac/Documents/GitHub/crossdem/datasets/prime_ministers/amato/csv_out/221413_amato_s2t.csv,0.0,0.0,2811
amato,/home/mhetac/Documents/GitHub/crossdem/datasets/prime_ministers/amato/csv_out/218927_amato_s2t.csv,0.5819028222286878,333.3333333333333,3437
amato,/home/mhetac/Documents/GitHub/crossdem/datasets/prime_ministers/amato/csv_out/195370_amato_s2t.csv,1.4297969688304262,58.8235294117647,3497
amato,/home/mhetac/Documents/GitHub/crossdem/datasets/prime_ministers/amato/csv_out/218851_amato_s2t.csv,1.1614401858304297,0.0,5166
amato,/home/mhetac/Documents/GitHub/crossdem/datasets/prime_ministers/amato/csv_out/215891_amato_s2t.csv,0.5511160099200881,0.0,3629
amato,/home/mhetac/Documents/GitHub/crossdem/datasets/prime_ministers/amato/csv_out/218752_amato_s2t.csv,0.5836008170411439,76.92307692307692,3427
amato,/home/mhetac/Documents/GitHub/crossdem/datasets/prime_ministers/amato/csv_out/218751_amato_s2t.csv,0.0,0.0,396
amato,/home/mhetac/Documents/GitHub/crossdem/datasets/prime_ministers/amato/csv_out/218733_amato_s2t.csv,1.272264631043257,0.0,3930
amato,/home/mhetac/Documents/GitHub/crossdem/datasets/prime_ministers/amato/csv_out/201536_amato_s2t.csv,0.5339028296849974,0.0,1873
amato,/home/mhetac/Documents/GitHub/crossdem/datasets/prime_ministers/amato/csv_out/204233_amato_s2t.csv,2.258263190309998,0.0,9742
amato,/home/mhetac/Documents/GitHub/crossdem/datasets/prime_ministers/amato/csv_out/160503_amato_s2t.csv,0.0,0.0,362
amato,/home/mhetac/Documents/GitHub/crossdem/datasets/prime_ministers/amato/csv_out/162317_amato_s2t.csv,0.0,0.0,75
amato,/home/mhetac/Documents/GitHub/crossdem/datasets/prime_ministers/amato/csv_out/160115_amato_s2t.csv,2.281021897810219,0.0,2192
amato,/home/mhetac/Documents/GitHub/crossdem/datasets/prime_ministers/amato/csv_out/161379_amato_s2t.csv,0.0,0.0,7549
amato,/home/mhetac/Documents/GitHub/crossdem/datasets/prime_ministers/amato/csv_out/161428_amato_s2t.csv,0.6157635467980296,0.0,3248
amato,/home/mhetac/Documents/GitHub/crossdem/datasets/prime_ministers/amato/csv_out/159261_amato_s2t.csv,1.1936735302894659,0.0,3351
amato,/home/mhetac/Documents/GitHub/crossdem/datasets/prime_ministers/amato/csv_out/159582_amato_s2t.csv,1.8501387604070305,0.0,1081
amato,/home/mhetac/Documents/GitHub/crossdem/datasets/prime_ministers/amato/csv_out/161849_amato_s2t.csv,0.0,0.0,2559
amato,/home/mhetac/Documents/GitHub/crossdem/datasets/prime_ministers/amato/csv_out/159611_amato_s2t.csv,3.5778175313059033,0.0,559
amato,/home/mhetac/Documents/GitHub/crossdem/datasets/prime_ministers/amato/csv_out/161449_amato_s2t.csv,4.948861761794787,0.0,3031
amato,/home/mhetac/Documents/GitHub/crossdem/datasets/prime_ministers/amato/csv_out/159719_amato_s2t.csv,0.0,0.0,124
amato,/home/mhetac/Documents/GitHub/crossdem/datasets/prime_ministers/amato/csv_out/159297_amato_s2t.csv,1.4839241549876339,0.0,6065
amato,/home/mhetac/Documents/GitHub/crossdem/datasets/prime_ministers/amato/csv_out/161366_amato_s2t.csv,2.9141448105805874,10.204081632653061,4461
amato,/home/mhetac/Documents/GitHub/crossdem/datasets/prime_ministers/amato/csv_out/161242_amato_s2t.csv,5.6011949215832715,500.0,2678
amato,/home/mhetac/Documents/GitHub/crossdem/datasets/prime_ministers/amato/csv_out/157409_amato_s2t.csv,0.6605019815059445,0.0,1514
amato,/home/mhetac/Documents/GitHub/crossdem/datasets/prime_ministers/amato/csv_out/161244_amato_s2t.csv,1.016260162601626,0.0,984
amato,/home/mhetac/Documents/GitHub/crossdem/datasets/prime_ministers/amato/csv_out/163634_amato_s2t.csv,0.5415162454873647,0.0,5540
amato,/home/mhetac/Documents/GitHub/crossdem/datasets/prime_ministers/amato/csv_out/159795_amato_s2t.csv,0.0,0.0,3562
amato,/home/mhetac/Documents/GitHub/crossdem/datasets/prime_ministers/amato/csv_out/150378_amato_s2t.csv,0.5336179295624333,0.0,3748
amato,/home/mhetac/Documents/GitHub/crossdem/datasets/prime_ministers/amato/csv_out/146410_amato_s2t.csv,1.6680567139282736,0.0,3597
amato,/home/mhetac/Documents/GitHub/crossdem/datasets/prime_ministers/amato/csv_out/151001_amato_s2t.csv,0.45248868778280543,6.097560975609756,4420
amato,/home/mhetac/Documents/GitHub/crossdem/datasets/prime_ministers/amato/csv_out/151077_amato_s2t.csv,1.3956734124214933,0.0,2866
amato,/home/mhetac/Documents/GitHub/crossdem/datasets/prime_ministers/amato/csv_out/148909_amato_s2t.csv,0.6121824303642486,0.0,3267
amato,/home/mhetac/Documents/GitHub/crossdem/datasets/prime_ministers/amato/csv_out/147856_amato_s2t.csv,1.1773940345368916,0.0,2548
amato,/home/mhetac/Documents/GitHub/crossdem/datasets/prime_ministers/amato/csv_out/145810_amato_s2t.csv,3.7965072133637054,0.0,2634
amato,/home/mhetac/Documents/GitHub/crossdem/datasets/prime_ministers/amato/csv_out/147265_amato_s2t.csv,3.0701754385964914,0.0,4560
amato,/home/mhetac/Documents/GitHub/crossdem/datasets/prime_ministers/amato/csv_out/147267_amato_s2t.csv,0.8789277081960009,0.0,4551
amato,/home/mhetac/Documents/GitHub/crossdem/datasets/prime_ministers/amato/csv_out/147084_amato_s2t.csv,1.3599274705349047,0.0,4412
amato,/home/mhetac/Documents/GitHub/crossdem/datasets/prime_ministers/amato/csv_out/146919_amato_s2t.csv,0.984251968503937,0.0,3048
amato,/home/mhetac/Documents/GitHub/crossdem/datasets/prime_ministers/amato/csv_out/144413_amato_s2t.csv,0.5227391531625719,0.0,3826
amato,/home/mhetac/Documents/GitHub/crossdem/datasets/prime_ministers/amato/csv_out/147827_amato_s2t.csv,0.42381860563678747,0.0,4719
amato,/home/mhetac/Documents/GitHub/crossdem/datasets/prime_ministers/amato/csv_out/144094_amato_s2t.csv,0.5452562704471101,0.0,1834
amato,/home/mhetac/Documents/GitHub/crossdem/datasets/prime_ministers/amato/csv_out/147828_amato_s2t.csv,0.5115089514066496,0.0,3910
amato,/home/mhetac/Documents/GitHub/crossdem/datasets/prime_ministers/amato/csv_out/148841_amato_s2t.csv,0.0,0.0,1960
amato,/home/mhetac/Documents/GitHub/crossdem/datasets/prime_ministers/amato/csv_out/144053_amato_s2t.csv,0.0,0.0,5054
amato,/home/mhetac/Documents/GitHub/crossdem/datasets/prime_ministers/amato/csv_out/148846_amato_s2t.csv,0.0,0.0,2982
amato,/home/mhetac/Documents/GitHub/crossdem/datasets/prime_ministers/amato/csv_out/146559_amato_s2t.csv,1.916320664324497,1000.0,3131
amato,/home/mhetac/Documents/GitHub/crossdem/datasets/prime_ministers/amato/csv_out/142972_amato_s2t.csv,3.5437430786267994,0.0,4515
amato,/home/mhetac/Documents/GitHub/crossdem/datasets/prime_ministers/amato/csv_out/145686_amato_s2t.csv,0.40428542551041036,0.0,4947
amato,/home/mhetac/Documents/GitHub/crossdem/datasets/prime_ministers/amato/csv_out/142188_amato_s2t.csv,1.9813189923577696,0.0,3533
amato,/home/mhetac/Documents/GitHub/crossdem/datasets/prime_ministers/amato/csv_out/147637_amato_s2t.csv,0.0,0.0,2506
amato,/home/mhetac/Documents/GitHub/crossdem/datasets/prime_ministers/amato/csv_out/145271_amato_s2t.csv,1.1428571428571428,0.0,1750
amato,/home/mhetac/Documents/GitHub/crossdem/datasets/prime_ministers/amato/csv_out/142464_amato_s2t.csv,0.0,0.0,401
amato,/home/mhetac/Documents/GitHub/crossdem/datasets/prime_ministers/amato/csv_out/145201_amato_s2t.csv,2.0470829068577276,0.0,5862
amato,/home/mhetac/Documents/GitHub/crossdem/datasets/prime_ministers/amato/csv_out/144653_amato_s2t.csv,0.7163323782234957,76.92307692307692,4188
amato,/home/mhetac/Documents/GitHub/crossdem/datasets/prime_ministers/amato/csv_out/144598_amato_s2t.csv,0.0,0.0,2892
amato,/home/mhetac/Documents/GitHub/crossdem/datasets/prime_ministers/amato/csv_out/144576_amato_s2t.csv,0.5031446540880503,0.0,3975
amato,/home/mhetac/Documents/GitHub/crossdem/datasets/prime_ministers/amato/csv_out/139314_amato_s2t.csv,0.8266740148801323,0.0,3629
amato,/home/mhetac/Documents/GitHub/crossdem/datasets/prime_ministers/amato/csv_out/144051_amato_s2t.csv,2.1203286509408956,0.0,3773
amato,/home/mhetac/Documents/GitHub/crossdem/datasets/prime_ministers/amato/csv_out/146888_amato_s2t.csv,1.8559762435040832,0.0,5388
amato,/home/mhetac/Documents/GitHub/crossdem/datasets/prime_ministers/amato/csv_out/144400_amato_s2t.csv,1.8805829807240244,0.0,4254
amato,/home/mhetac/Documents/GitHub/crossdem/datasets/prime_ministers/amato/csv_out/146884_amato_s2t.csv,1.0735373054213635,0.0,3726
amato,/home/mhetac/Documents/GitHub/crossdem/datasets/prime_ministers/amato/csv_out/140410_amato_s2t.csv,1.3156452143405328,0.0,9121
amato,/home/mhetac/Documents/GitHub/crossdem/datasets/prime_ministers/amato/csv_out/147136_amato_s2t.csv,0.0,0.0,317
amato,/home/mhetac/Documents/GitHub/crossdem/datasets/prime_ministers/amato/csv_out/145428_amato_s2t.csv,1.841959845275373,0.0,5429
amato,/home/mhetac/Documents/GitHub/crossdem/datasets/prime_ministers/amato/csv_out/162470_amato_s2t.csv,0.0,0.0,220
amato,/home/mhetac/Documents/GitHub/crossdem/datasets/prime_ministers/amato/csv_out/144446_amato_s2t.csv,2.5906735751295336,0.0,5018
amato,/home/mhetac/Documents/GitHub/crossdem/datasets/prime_ministers/amato/csv_out/144865_amato_s2t.csv,1.3932427725531173,0.0,2871
amato,/home/mhetac/Documents/GitHub/crossdem/datasets/prime_ministers/amato/csv_out/136749_amato_s2t.csv,2.0268558398783885,0.0,3947
amato,/home/mhetac/Documents/GitHub/crossdem/datasets/prime_ministers/amato/csv_out/137090_amato_s2t.csv,0.0,0.0,299
amato,/home/mhetac/Documents/GitHub/crossdem/datasets/prime_ministers/amato/csv_out/139829_amato_s2t.csv,2.8063610851262863,0.0,3207
amato,/home/mhetac/Documents/GitHub/crossdem/datasets/prime_ministers/amato/csv_out/142592_amato_s2t.csv,2.107234839616015,100.0,4271
amato,/home/mhetac/Documents/GitHub/crossdem/datasets/prime_ministers/amato/csv_out/135952_amato_s2t.csv,1.9951230325870095,0.0,4511
amato,/home/mhetac/Documents/GitHub/crossdem/datasets/prime_ministers/amato/csv_out/142207_amato_s2t.csv,1.0050251256281406,0.0,1990
amato,/home/mhetac/Documents/GitHub/crossdem/datasets/prime_ministers/amato/csv_out/142311_amato_s2t.csv,1.5679442508710801,0.0,5740
amato,/home/mhetac/Documents/GitHub/crossdem/datasets/prime_ministers/amato/csv_out/142135_amato_s2t.csv,0.9577015163607342,43.47826086956522,6265
amato,/home/mhetac/Documents/GitHub/crossdem/datasets/prime_ministers/amato/csv_out/141926_amato_s2t.csv,5.298013245033113,0.0,2265
amato,/home/mhetac/Documents/GitHub/crossdem/datasets/prime_ministers/amato/csv_out/140785_amato_s2t.csv,2.7409776153494745,0.0,6567
amato,/home/mhetac/Documents/GitHub/crossdem/datasets/prime_ministers/amato/csv_out/138820_amato_s2t.csv,0.2547121752419766,0.0,3926
amato,/home/mhetac/Documents/GitHub/crossdem/datasets/prime_ministers/amato/csv_out/140528_amato_s2t.csv,1.663893510815308,0.0,3005
amato,/home/mhetac/Documents/GitHub/crossdem/datasets/prime_ministers/amato/csv_out/140165_amato_s2t.csv,4.504504504504505,0.0,3774
amato,/home/mhetac/Documents/GitHub/crossdem/datasets/prime_ministers/amato/csv_out/133161_amato_s2t.csv,2.0184544405997693,0.0,3468
amato,/home/mhetac/Documents/GitHub/crossdem/datasets/prime_ministers/amato/csv_out/140312_amato_s2t.csv,4.380272550292018,0.0,6164
amato,/home/mhetac/Documents/GitHub/crossdem/datasets/prime_ministers/amato/csv_out/139345_amato_s2t.csv,0.0,0.0,517
amato,/home/mhetac/Documents/GitHub/crossdem/datasets/prime_ministers/amato/csv_out/141567_amato_s2t.csv,5.864283719631388,0.0,3581
amato,/home/mhetac/Documents/GitHub/crossdem/datasets/prime_ministers/amato/csv_out/141507_amato_s2t.csv,13.908205841446453,0.0,1438
amato,/home/mhetac/Documents/GitHub/crossdem/datasets/prime_ministers/amato/csv_out/141514_amato_s2t.csv,1.9874130506790328,0.0,3019
amato,/home/mhetac/Documents/GitHub/crossdem/datasets/prime_ministers/amato/csv_out/133264_amato_s2t.csv,0.6468305304010349,0.0,3092
amato,/home/mhetac/Documents/GitHub/crossdem/datasets/prime_ministers/amato/csv_out/140030_amato_s2t.csv,3.9082412914188613,0.0,5885
amato,/home/mhetac/Documents/GitHub/crossdem/datasets/prime_ministers/amato/csv_out/140031_amato_s2t.csv,1.6539861065167052,0.0,3023
amato,/home/mhetac/Documents/GitHub/crossdem/datasets/prime_ministers/amato/csv_out/139677_amato_s2t.csv,0.9526077637532746,0.0,4199
amato,/home/mhetac/Documents/GitHub/crossdem/datasets/prime_ministers/amato/csv_out/139733_amato_s2t.csv,1.2413108242303872,33.333333333333336,4028
amato,/home/mhetac/Documents/GitHub/crossdem/datasets/prime_ministers/amato/csv_out/139886_amato_s2t.csv,4.184100418410042,0.0,1434
amato,/home/mhetac/Documents/GitHub/crossdem/datasets/prime_ministers/amato/csv_out/139322_amato_s2t.csv,0.0,0.0,1528
amato,/home/mhetac/Documents/GitHub/crossdem/datasets/prime_ministers/amato/csv_out/130754_amato_s2t.csv,1.6350555918901242,0.0,3058
amato,/home/mhetac/Documents/GitHub/crossdem/datasets/prime_ministers/amato/csv_out/139032_amato_s2t.csv,1.5159171298635674,0.0,5937
amato,/home/mhetac/Documents/GitHub/crossdem/datasets/prime_ministers/amato/csv_out/136392_amato_s2t.csv,3.316749585406302,0.0,1809
amato,/home/mhetac/Documents/GitHub/crossdem/datasets/prime_ministers/amato/csv_out/137823_amato_s2t.csv,2.150537634408602,0.0,1395
amato,/home/mhetac/Documents/GitHub/crossdem/datasets/prime_ministers/amato/csv_out/139188_amato_s2t.csv,1.7722640673460346,0.0,2257
amato,/home/mhetac/Documents/GitHub/crossdem/datasets/prime_ministers/amato/csv_out/140180_amato_s2t.csv,0.9044317154054868,0.0,3317
amato,/home/mhetac/Documents/GitHub/crossdem/datasets/prime_ministers/amato/csv_out/140053_amato_s2t.csv,5.710659898477157,0.0,3152
amato,/home/mhetac/Documents/GitHub/crossdem/datasets/prime_ministers/amato/csv_out/139192_amato_s2t.csv,0.2846569883290635,0.0,3513
amato,/home/mhetac/Documents/GitHub/crossdem/datasets/prime_ministers/amato/csv_out/137607_amato_s2t.csv,1.5968772178850248,0.0,5636
amato,/home/mhetac/Documents/GitHub/crossdem/datasets/prime_ministers/amato/csv_out/129022_amato_s2t.csv,1.1578541103820919,0.0,2591
amato,/home/mhetac/Documents/GitHub/crossdem/datasets/prime_ministers/amato/csv_out/127474_amato_s2t.csv,1.7777777777777777,0.0,2250
amato,/home/mhetac/Documents/GitHub/crossdem/datasets/prime_ministers/amato/csv_out/134970_amato_s2t.csv,4.040404040404041,0.0,495
amato,/home/mhetac/Documents/GitHub/crossdem/datasets/prime_ministers/amato/csv_out/137317_amato_s2t.csv,0.0,0.0,2481
amato,/home/mhetac/Documents/GitHub/crossdem/datasets/prime_ministers/amato/csv_out/135294_amato_s2t.csv,2.9781601588352085,0.0,3022
amato,/home/mhetac/Documents/GitHub/crossdem/datasets/prime_ministers/amato/csv_out/129212_amato_s2t.csv,2.6023184291459662,50.0,4227
amato,/home/mhetac/Documents/GitHub/crossdem/datasets/prime_ministers/amato/csv_out/138397_amato_s2t.csv,1.3689253935660506,0.0,1461
amato,/home/mhetac/Documents/GitHub/crossdem/datasets/prime_ministers/amato/csv_out/138558_amato_s2t.csv,0.0,0.0,2752
amato,/home/mhetac/Documents/GitHub/crossdem/datasets/prime_ministers/amato/csv_out/135718_amato_s2t.csv,1.480019733596448,0.0,2027
amato,/home/mhetac/Documents/GitHub/crossdem/datasets/prime_ministers/amato/csv_out/135069_amato_s2t.csv,1.3348164627363737,0.0,4495
amato,/home/mhetac/Documents/GitHub/crossdem/datasets/prime_ministers/amato/csv_out/127272_amato_s2t.csv,0.3146633102580239,0.0,3178
amato,/home/mhetac/Documents/GitHub/crossdem/datasets/prime_ministers/amato/csv_out/136590_amato_s2t.csv,1.2774111134766872,0.0,4697
amato,/home/mhetac/Documents/GitHub/crossdem/datasets/prime_ministers/amato/csv_out/128371_amato_s2t.csv,0.819672131147541,0.0,1220
amato,/home/mhetac/Documents/GitHub/crossdem/datasets/prime_ministers/amato/csv_out/125976_amato_s2t.csv,0.3448275862068966,0.0,2900
amato,/home/mhetac/Documents/GitHub/crossdem/datasets/prime_ministers/amato/csv_out/131156_amato_s2t.csv,0.2369106846718787,0.0,4221
amato,/home/mhetac/Documents/GitHub/crossdem/datasets/prime_ministers/amato/csv_out/134075_amato_s2t.csv,3.745318352059925,0.0,1335
amato,/home/mhetac/Documents/GitHub/crossdem/datasets/prime_ministers/amato/csv_out/127274_amato_s2t.csv,1.227495908346972,0.0,2444
amato,/home/mhetac/Documents/GitHub/crossdem/datasets/prime_ministers/amato/csv_out/133748_amato_s2t.csv,0.0,0.0,3196
amato,/home/mhetac/Documents/GitHub/crossdem/datasets/prime_ministers/amato/csv_out/134582_amato_s2t.csv,3.0494956603330987,0.0,4263
amato,/home/mhetac/Documents/GitHub/crossdem/datasets/prime_ministers/amato/csv_out/134583_amato_s2t.csv,1.5677491601343785,0.0,4465
amato,/home/mhetac/Documents/GitHub/crossdem/datasets/prime_ministers/amato/csv_out/133637_amato_s2t.csv,0.3590664272890485,0.0,2785
amato,/home/mhetac/Documents/GitHub/crossdem/datasets/prime_ministers/amato/csv_out/125042_amato_s2t.csv,0.0,0.0,3141
amato,/home/mhetac/Documents/GitHub/crossdem/datasets/prime_ministers/amato/csv_out/133067_amato_s2t.csv,1.0294420424130122,0.0,4857
amato,/home/mhetac/Documents/GitHub/crossdem/datasets/prime_ministers/amato/csv_out/132280_amato_s2t.csv,0.28042624789680315,0.0,3566
amato,/home/mhetac/Documents/GitHub/crossdem/datasets/prime_ministers/amato/csv_out/126444_amato_s2t.csv,0.7333170373991689,0.0,4091
amato,/home/mhetac/Documents/GitHub/crossdem/datasets/prime_ministers/amato/csv_out/133260_amato_s2t.csv,0.7980845969672785,0.0,5012
amato,/home/mhetac/Documents/GitHub/crossdem/datasets/prime_ministers/amato/csv_out/132844_amato_s2t.csv,0.785751702462022,0.0,3818
amato,/home/mhetac/Documents/GitHub/crossdem/datasets/prime_ministers/amato/csv_out/132683_amato_s2t.csv,0.7843137254901961,0.0,1275
amato,/home/mhetac/Documents/GitHub/crossdem/datasets/prime_ministers/amato/csv_out/122067_amato_s2t.csv,0.0,0.0,2838
amato,/home/mhetac/Documents/GitHub/crossdem/datasets/prime_ministers/amato/csv_out/104733_amato_s2t.csv,2.6217228464419478,0.0,2670
amato,/home/mhetac/Documents/GitHub/crossdem/datasets/prime_ministers/amato/csv_out/91351_amato_s2t.csv,0.27839643652561247,0.0,3592
amato,/home/mhetac/Documents/GitHub/crossdem/datasets/prime_ministers/amato/csv_out/89042_amato_s2t.csv,1.2584948401711553,0.0,3973
amato,/home/mhetac/Documents/GitHub/crossdem/datasets/prime_ministers/amato/csv_out/88397_amato_s2t.csv,1.887188089746278,58.8235294117647,4769
amato,/home/mhetac/Documents/GitHub/crossdem/datasets/prime_ministers/amato/csv_out/93272_amato_s2t.csv,0.0,0.0,1759
amato,/home/mhetac/Documents/GitHub/crossdem/datasets/prime_ministers/amato/csv_out/88050_amato_s2t.csv,2.8125799028381486,0.0,3911
amato,/home/mhetac/Documents/GitHub/crossdem/datasets/prime_ministers/amato/csv_out/86683_amato_s2t.csv,2.2813688212927756,0.0,3945
amato,/home/mhetac/Documents/GitHub/crossdem/datasets/prime_ministers/amato/csv_out/87310_amato_s2t.csv,2.892960462873674,0.0,3111
amato,/home/mhetac/Documents/GitHub/crossdem/datasets/prime_ministers/amato/csv_out/88892_amato_s2t.csv,0.25294043252813964,0.0,7907
amato,/home/mhetac/Documents/GitHub/crossdem/datasets/prime_ministers/amato/csv_out/87047_amato_s2t.csv,1.7075773745997866,0.0,4685
amato,/home/mhetac/Documents/GitHub/crossdem/datasets/prime_ministers/amato/csv_out/85282_amato_s2t.csv,0.718562874251497,0.0,4175
amato,/home/mhetac/Documents/GitHub/crossdem/datasets/prime_ministers/amato/csv_out/85281_amato_s2t.csv,0.0,0.0,1126
amato,/home/mhetac/Documents/GitHub/crossdem/datasets/prime_ministers/amato/csv_out/85849_amato_s2t.csv,0.0,0.0,3918
amato,/home/mhetac/Documents/GitHub/crossdem/datasets/prime_ministers/amato/csv_out/87740_amato_s2t.csv,1.5197568389057752,0.0,3948
amato,/home/mhetac/Documents/GitHub/crossdem/datasets/prime_ministers/amato/csv_out/84033_amato_s2t.csv,2.243409983174425,0.0,1783
amato,/home/mhetac/Documents/GitHub/crossdem/datasets/prime_ministers/amato/csv_out/84020_amato_s2t.csv,0.6983240223463687,0.0,2864
amato,/home/mhetac/Documents/GitHub/crossdem/datasets/prime_ministers/amato/csv_out/84338_amato_s2t.csv,2.824060999717594,0.0,3541
amato,/home/mhetac/Documents/GitHub/crossdem/datasets/prime_ministers/amato/csv_out/83797_amato_s2t.csv,1.201634222542658,0.0,4161
amato,/home/mhetac/Documents/GitHub/crossdem/datasets/prime_ministers/amato/csv_out/83216_amato_s2t.csv,3.8240917782026767,0.0,1569
amato,/home/mhetac/Documents/GitHub/crossdem/datasets/prime_ministers/amato/csv_out/84693_amato_s2t.csv,0.5452562704471101,0.0,3668
amato,/home/mhetac/Documents/GitHub/crossdem/datasets/prime_ministers/amato/csv_out/82860_amato_s2t.csv,0.46696240952603313,0.0,4283
amato,/home/mhetac/Documents/GitHub/crossdem/datasets/prime_ministers/amato/csv_out/83215_amato_s2t.csv,0.0,0.0,3806
amato,/home/mhetac/Documents/GitHub/crossdem/datasets/prime_ministers/amato/csv_out/83328_amato_s2t.csv,2.239283429302623,0.0,3126
amato,/home/mhetac/Documents/GitHub/crossdem/datasets/prime_ministers/amato/csv_out/80924_amato_s2t.csv,0.0,0.0,330
amato,/home/mhetac/Documents/GitHub/crossdem/datasets/prime_ministers/amato/csv_out/78773_amato_s2t.csv,3.561253561253561,0.0,4212
amato,/home/mhetac/Documents/GitHub/crossdem/datasets/prime_ministers/amato/csv_out/79132_amato_s2t.csv,0.0,0.0,2005
amato,/home/mhetac/Documents/GitHub/crossdem/datasets/prime_ministers/amato/csv_out/78279_amato_s2t.csv,0.6035003017501509,0.0,3314
amato,/home/mhetac/Documents/GitHub/crossdem/datasets/prime_ministers/amato/csv_out/77248_amato_s2t.csv,2.685078634445723,0.0,2607
amato,/home/mhetac/Documents/GitHub/crossdem/datasets/prime_ministers/amato/csv_out/78300_amato_s2t.csv,0.0,0.0,4230
amato,/home/mhetac/Documents/GitHub/crossdem/datasets/prime_ministers/amato/csv_out/78849_amato_s2t.csv,2.843846949327818,200.0,3868
amato,/home/mhetac/Documents/GitHub/crossdem/datasets/prime_ministers/amato/csv_out/74486_amato_s2t.csv,0.43393360815795184,0.0,4609
amato,/home/mhetac/Documents/GitHub/crossdem/datasets/prime_ministers/amato/csv_out/75437_amato_s2t.csv,0.8720296490080662,0.0,4587
amato,/home/mhetac/Documents/GitHub/crossdem/datasets/prime_ministers/amato/csv_out/71691_amato_s2t.csv,0.0,0.0,3744
amato,/home/mhetac/Documents/GitHub/crossdem/datasets/prime_ministers/amato/csv_out/71635_amato_s2t.csv,4.940304652120214,0.0,2429
amato,/home/mhetac/Documents/GitHub/crossdem/datasets/prime_ministers/amato/csv_out/71234_amato_s2t.csv,5.527043031977892,200.0,2533
amato,/home/mhetac/Documents/GitHub/crossdem/datasets/prime_ministers/amato/csv_out/72701_amato_s2t.csv,1.9920318725099602,0.0,4016
amato,/home/mhetac/Documents/GitHub/crossdem/datasets/prime_ministers/amato/csv_out/70107_amato_s2t.csv,3.1071983428275507,0.0,1931
amato,/home/mhetac/Documents/GitHub/crossdem/datasets/prime_ministers/amato/csv_out/69986_amato_s2t.csv,0.0,0.0,1612
amato,/home/mhetac/Documents/GitHub/crossdem/datasets/prime_ministers/amato/csv_out/69911_amato_s2t.csv,0.7680491551459293,0.0,5208
amato,/home/mhetac/Documents/GitHub/crossdem/datasets/prime_ministers/amato/csv_out/68350_amato_s2t.csv,1.041124414367517,0.0,1921
amato,/home/mhetac/Documents/GitHub/crossdem/datasets/prime_ministers/amato/csv_out/67697_amato_s2t.csv,0.0,0.0,3752
amato,/home/mhetac/Documents/GitHub/crossdem/datasets/prime_ministers/amato/csv_out/66799_amato_s2t.csv,1.9390581717451523,0.0,3610
amato,/home/mhetac/Documents/GitHub/crossdem/datasets/prime_ministers/amato/csv_out/70418_amato_s2t.csv,2.2164758034724787,0.0,2707
amato,/home/mhetac/Documents/GitHub/crossdem/datasets/prime_ministers/amato/csv_out/64327_amato_s2t.csv,2.4261138067931185,66.66666666666667,4534
amato,/home/mhetac/Documents/GitHub/crossdem/datasets/prime_ministers/amato/csv_out/62216_amato_s2t.csv,1.3458950201884252,0.0,2229
amato,/home/mhetac/Documents/GitHub/crossdem/datasets/prime_ministers/amato/csv_out/70383_amato_s2t.csv,1.4249073810202337,0.0,3509
amato,/home/mhetac/Documents/GitHub/crossdem/datasets/prime_ministers/amato/csv_out/61660_amato_s2t.csv,0.0,0.0,1277
amato,/home/mhetac/Documents/GitHub/crossdem/datasets/prime_ministers/amato/csv_out/61574_amato_s2t.csv,5.533854166666667,13.333333333333334,3072
amato,/home/mhetac/Documents/GitHub/crossdem/datasets/prime_ministers/amato/csv_out/60163_amato_s2t.csv,0.4166666666666667,0.0,2400
amato,/home/mhetac/Documents/GitHub/crossdem/datasets/prime_ministers/amato/csv_out/58421_amato_s2t.csv,0.5259006047856956,0.0,3803
amato,/home/mhetac/Documents/GitHub/crossdem/datasets/prime_ministers/amato/csv_out/55994_amato_s2t.csv,1.0183299389002036,0.0,1964
amato,/home/mhetac/Documents/GitHub/crossdem/datasets/prime_ministers/amato/csv_out/56240_amato_s2t.csv,1.0960906101571064,0.0,2737
amato,/home/mhetac/Documents/GitHub/crossdem/datasets/prime_ministers/amato/csv_out/56203_amato_s2t.csv,0.9752925877763329,0.0,3076
amato,/home/mhetac/Documents/GitHub/crossdem/datasets/prime_ministers/amato/csv_out/54741_amato_s2t.csv,2.112676056338028,0.0,2840
amato,/home/mhetac/Documents/GitHub/crossdem/datasets/prime_ministers/amato/csv_out/54284_amato_s2t.csv,1.2607690691321707,0.0,4759
amato,/home/mhetac/Documents/GitHub/crossdem/datasets/prime_ministers/amato/csv_out/54648_amato_s2t.csv,1.6817321841496742,38.46153846153846,4757
amato,/home/mhetac/Documents/GitHub/crossdem/datasets/prime_ministers/amato/csv_out/54062_amato_s2t.csv,4.182509505703422,0.0,2630
amato,/home/mhetac/Documents/GitHub/crossdem/datasets/prime_ministers/amato/csv_out/54121_amato_s2t.csv,5.213764337851929,0.0,2877
amato,/home/mhetac/Documents/GitHub/crossdem/datasets/prime_ministers/amato/csv_out/53061_amato_s2t.csv,1.8162947586922678,0.0,3854
amato,/home/mhetac/Documents/GitHub/crossdem/datasets/prime_ministers/amato/csv_out/52665_amato_s2t.csv,0.7136485280999108,0.0,5605
amato,/home/mhetac/Documents/GitHub/crossdem/datasets/prime_ministers/amato/csv_out/52641_amato_s2t.csv,1.0330578512396693,0.0,5808
amato,/home/mhetac/Documents/GitHub/crossdem/datasets/prime_ministers/amato/csv_out/51363_amato_s2t.csv,2.849002849002849,0.0,3159
amato,/home/mhetac/Documents/GitHub/crossdem/datasets/prime_ministers/amato/csv_out/50553_amato_s2t.csv,1.3202565069784986,33.333333333333336,5302
amato,/home/mhetac/Documents/GitHub/crossdem/datasets/prime_ministers/amato/csv_out/49631_amato_s2t.csv,0.4692632566870014,0.0,2131
amato,/home/mhetac/Documents/GitHub/crossdem/datasets/prime_ministers/amato/csv_out/45101_amato_s2t.csv,1.3758943313153549,0.0,3634
amato,/home/mhetac/Documents/GitHub/crossdem/datasets/prime_ministers/amato/csv_out/44699_amato_s2t.csv,1.5197568389057752,0.0,658
amato,/home/mhetac/Documents/GitHub/crossdem/datasets/prime_ministers/amato/csv_out/44433_amato_s2t.csv,0.6314460113660282,12.345679012345679,4751
amato,/home/mhetac/Documents/GitHub/crossdem/datasets/prime_ministers/amato/csv_out/44489_amato_s2t.csv,0.0,0.0,150
amato,/home/mhetac/Documents/GitHub/crossdem/datasets/prime_ministers/amato/csv_out/43122_amato_s2t.csv,0.0,0.0,3648
amato,/home/mhetac/Documents/GitHub/crossdem/datasets/prime_ministers/amato/csv_out/41272_amato_s2t.csv,2.2655188038060716,0.0,4414
amato,/home/mhetac/Documents/GitHub/crossdem/datasets/prime_ministers/amato/csv_out/41034_amato_s2t.csv,3.9350713231677323,7.194244604316546,6099
amato,/home/mhetac/Documents/GitHub/crossdem/datasets/prime_ministers/amato/csv_out/47378_amato_s2t.csv,0.0,0.0,3693
amato,/home/mhetac/Documents/GitHub/crossdem/datasets/prime_ministers/amato/csv_out/40511_amato_s2t.csv,1.349527665317139,0.0,741
amato,/home/mhetac/Documents/GitHub/crossdem/datasets/prime_ministers/amato/csv_out/39902_amato_s2t.csv,0.7396449704142012,0.0,1352
amato,/home/mhetac/Documents/GitHub/crossdem/datasets/prime_ministers/amato/csv_out/40163_amato_s2t.csv,0.4434589800443459,0.0,2255
amato,/home/mhetac/Documents/GitHub/crossdem/datasets/prime_ministers/amato/csv_out/41760_amato_s2t.csv,0.4370629370629371,250.0,2288
amato,/home/mhetac/Documents/GitHub/crossdem/datasets/prime_ministers/amato/csv_out/76600_amato_s2t.csv,1.8570102135561746,0.0,2154
amato,/home/mhetac/Documents/GitHub/crossdem/datasets/prime_ministers/amato/csv_out/38391_amato_s2t.csv,0.9970089730807578,0.0,4012
amato,/home/mhetac/Documents/GitHub/crossdem/datasets/prime_ministers/amato/csv_out/37287_amato_s2t.csv,0.4534119247336205,0.0,4411
amato,/home/mhetac/Documents/GitHub/crossdem/datasets/prime_ministers/amato/csv_out/37379_amato_s2t.csv,1.3012361743656473,0.0,4611
amato,/home/mhetac/Documents/GitHub/crossdem/datasets/prime_ministers/amato/csv_out/36579_amato_s2t.csv,0.916590284142988,0.0,2182
amato,/home/mhetac/Documents/GitHub/crossdem/datasets/prime_ministers/amato/csv_out/36457_amato_s2t.csv,0.0,0.0,2009
amato,/home/mhetac/Documents/GitHub/crossdem/datasets/prime_ministers/amato/csv_out/36284_amato_s2t.csv,1.443001443001443,0.0,2772
amato,/home/mhetac/Documents/GitHub/crossdem/datasets/prime_ministers/amato/csv_out/36103_amato_s2t.csv,2.5906735751295336,0.0,3474
amato,/home/mhetac/Documents/GitHub/crossdem/datasets/prime_ministers/amato/csv_out/34843_amato_s2t.csv,0.6277463904582549,0.0,1593
amato,/home/mhetac/Documents/GitHub/crossdem/datasets/prime_ministers/amato/csv_out/32402_amato_s2t.csv,0.6947660954145438,0.0,4318
amato,/home/mhetac/Documents/GitHub/crossdem/datasets/prime_ministers/amato/csv_out/31644_amato_s2t.csv,5.286343612334802,0.0,1135
amato,/home/mhetac/Documents/GitHub/crossdem/datasets/prime_ministers/amato/csv_out/31241_amato_s2t.csv,0.32,0.0,3125
amato,/home/mhetac/Documents/GitHub/crossdem/datasets/prime_ministers/amato/csv_out/30343_amato_s2t.csv,0.0,0.0,3507
amato,/home/mhetac/Documents/GitHub/crossdem/datasets/prime_ministers/amato/csv_out/27248_amato_s2t.csv,2.5498377375985166,14.705882352941176,4314
amato,/home/mhetac/Documents/GitHub/crossdem/datasets/prime_ministers/amato/csv_out/26877_amato_s2t.csv,1.1750881316098707,0.0,4255
amato,/home/mhetac/Documents/GitHub/crossdem/datasets/prime_ministers/amato/csv_out/26482_amato_s2t.csv,2.0914251568568867,0.0,6694
amato,/home/mhetac/Documents/GitHub/crossdem/datasets/prime_ministers/amato/csv_out/25867_amato_s2t.csv,1.8770530267480057,0.0,4262
amato,/home/mhetac/Documents/GitHub/crossdem/datasets/prime_ministers/amato/csv_out/23690_amato_s2t.csv,0.4407227853680035,0.0,6807
amato,/home/mhetac/Documents/GitHub/crossdem/datasets/prime_ministers/amato/csv_out/21313_amato_s2t.csv,1.8948365703458077,14.492753623188406,6333
amato,/home/mhetac/Documents/GitHub/crossdem/datasets/prime_ministers/amato/csv_out/16999_amato_s2t.csv,0.5324813631522897,0.0,3756
amato,/home/mhetac/Documents/GitHub/crossdem/datasets/prime_ministers/amato/csv_out/12991_amato_s2t.csv,0.5984440454817475,0.0,1671
amato,/home/mhetac/Documents/GitHub/crossdem/datasets/prime_ministers/amato/csv_out/12150_amato_s2t.csv,1.3198416190057194,0.0,2273
amato,/home/mhetac/Documents/GitHub/crossdem/datasets/prime_ministers/amato/csv_out/577852_amato_s2t.csv,1.1641443538998837,66.66666666666667,1718
amato,/home/mhetac/Documents/GitHub/crossdem/datasets/prime_ministers/amato/csv_out/560155_amato_s2t.csv,2.7605244996549345,0.0,1449
amato,/home/mhetac/Documents/GitHub/crossdem/datasets/prime_ministers/amato/csv_out/532635_amato_s2t.csv,0.8828073273008166,0.0,4531
amato,/home/mhetac/Documents/GitHub/crossdem/datasets/prime_ministers/amato/csv_out/356386_amato_s2t.csv,2.5980774227071968,6.097560975609756,3849
amato,/home/mhetac/Documents/GitHub/crossdem/datasets/prime_ministers/amato/csv_out/112673_amato_s2t.csv,1.4038371548900328,0.0,2137
amato,/home/mhetac/Documents/GitHub/crossdem/datasets/prime_ministers/amato/csv_out/112145_amato_s2t.csv,0.2658867322520606,0.0,3761
amato,/home/mhetac/Documents/GitHub/crossdem/datasets/prime_ministers/amato/csv_out/111951_amato_s2t.csv,0.3022061045633122,0.0,3309
amato,/home/mhetac/Documents/GitHub/crossdem/datasets/prime_ministers/amato/csv_out/711246_amato_s2t.csv,4.49034575662326,0.0,2227
amato,/home/mhetac/Documents/GitHub/crossdem/datasets/prime_ministers/amato/csv_out/710045_amato_s2t.csv,0.5040322580645161,33.333333333333336,1984
amato,/home/mhetac/Documents/GitHub/crossdem/datasets/prime_ministers/amato/csv_out/708682_amato_s2t.csv,1.402524544179523,0.0,1426
amato,/home/mhetac/Documents/GitHub/crossdem/datasets/prime_ministers/amato/csv_out/707001_amato_s2t.csv,0.0,0.0,1644
amato,/home/mhetac/Documents/GitHub/crossdem/datasets/prime_ministers/amato/csv_out/704682_amato_s2t.csv,1.8206645425580337,0.0,2197
amato,/home/mhetac/Documents/GitHub/crossdem/datasets/prime_ministers/amato/csv_out/703565_amato_s2t.csv,1.1743981209630066,0.0,1703
amato,/home/mhetac/Documents/GitHub/crossdem/datasets/prime_ministers/amato/csv_out/702341_amato_s2t.csv,4.270462633451957,0.0,1405
amato,/home/mhetac/Documents/GitHub/crossdem/datasets/prime_ministers/amato/csv_out/701139_amato_s2t.csv,1.6891891891891893,0.0,2368
amato,/home/mhetac/Documents/GitHub/crossdem/datasets/prime_ministers/amato/csv_out/699945_amato_s2t.csv,1.0565240359218173,0.0,1893
amato,/home/mhetac/Documents/GitHub/crossdem/datasets/prime_ministers/amato/csv_out/698634_amato_s2t.csv,1.8018018018018018,0.0,1665
amato,/home/mhetac/Documents/GitHub/crossdem/datasets/prime_ministers/amato/csv_out/697348_amato_s2t.csv,2.5141420490257698,0.0,1591
amato,/home/mhetac/Documents/GitHub/crossdem/datasets/prime_ministers/amato/csv_out/695500_amato_s2t.csv,5.1107325383304945,0.0,1761
amato,/home/mhetac/Documents/GitHub/crossdem/datasets/prime_ministers/amato/csv_out/694335_amato_s2t.csv,2.808988764044944,32.25806451612903,2136
amato,/home/mhetac/Documents/GitHub/crossdem/datasets/prime_ministers/amato/csv_out/691872_amato_s2t.csv,5.980861244019139,0.0,3344
amato,/home/mhetac/Documents/GitHub/crossdem/datasets/prime_ministers/amato/csv_out/636708_amato_s2t.csv,0.0,0.0,1497
amato,/home/mhetac/Documents/GitHub/crossdem/datasets/prime_ministers/amato/csv_out/605311_amato_s2t.csv,4.75963826749167,0.0,2101
amato,/home/mhetac/Documents/GitHub/crossdem/datasets/prime_ministers/amato/csv_out/480100_amato_s2t.csv,1.1307953260459858,0.0,2653
amato,/home/mhetac/Documents/GitHub/crossdem/datasets/prime_ministers/amato/csv_out/440204_amato_s2t.csv,0.0,0.0,1307
amato,/home/mhetac/Documents/GitHub/crossdem/datasets/prime_ministers/amato/csv_out/382534_amato_s2t.csv,0.0,0.0,1912
amato,/home/mhetac/Documents/GitHub/crossdem/datasets/prime_ministers/amato/csv_out/372106_amato_s2t.csv,1.3321492007104796,0.0,2252
amato,/home/mhetac/Documents/GitHub/crossdem/datasets/prime_ministers/amato/csv_out/367550_amato_s2t.csv,5.1993067590987865,0.0,2308
amato,/home/mhetac/Documents/GitHub/crossdem/datasets/prime_ministers/amato/csv_out/360194_amato_s2t.csv,2.2381378692927485,0.0,2234
amato,/home/mhetac/Documents/GitHub/crossdem/datasets/prime_ministers/amato/csv_out/353415_amato_s2t.csv,1.0667804565820354,0.0,4687
amato,/home/mhetac/Documents/GitHub/crossdem/datasets/prime_ministers/amato/csv_out/352302_amato_s2t.csv,0.5589714924538849,0.0,3578
amato,/home/mhetac/Documents/GitHub/crossdem/datasets/prime_ministers/amato/csv_out/349318_amato_s2t.csv,0.0,0.0,2491
amato,/home/mhetac/Documents/GitHub/crossdem/datasets/prime_ministers/amato/csv_out/342784_amato_s2t.csv,1.7830609212481427,0.0,3365
amato,/home/mhetac/Documents/GitHub/crossdem/datasets/prime_ministers/amato/csv_out/335427_amato_s2t.csv,0.0,0.0,1112
amato,/home/mhetac/Documents/GitHub/crossdem/datasets/prime_ministers/amato/csv_out/329508_amato_s2t.csv,0.970873786407767,0.0,2060
amato,/home/mhetac/Documents/GitHub/crossdem/datasets/prime_ministers/amato/csv_out/317167_amato_s2t.csv,5.533013648100332,0.0,2711
amato,/home/mhetac/Documents/GitHub/crossdem/datasets/prime_ministers/amato/csv_out/314869_amato_s2t.csv,13.029315960912053,0.0,614
amato,/home/mhetac/Documents/GitHub/crossdem/datasets/prime_ministers/amato/csv_out/311922_amato_s2t.csv,5.864091065884788,0.0,2899
amato,/home/mhetac/Documents/GitHub/crossdem/datasets/prime_ministers/amato/csv_out/301841_amato_s2t.csv,1.2836970474967908,0.0,779
amato,/home/mhetac/Documents/GitHub/crossdem/datasets/prime_ministers/amato/csv_out/296238_amato_s2t.csv,0.0,0.0,796
amato,/home/mhetac/Documents/GitHub/crossdem/datasets/prime_ministers/amato/csv_out/291910_amato_s2t.csv,2.560819462227913,0.0,1562
amato,/home/mhetac/Documents/GitHub/crossdem/datasets/prime_ministers/amato/csv_out/288623_amato_s2t.csv,0.0,0.0,1233
amato,/home/mhetac/Documents/GitHub/crossdem/datasets/prime_ministers/amato/csv_out/284773_amato_s2t.csv,7.246376811594203,0.0,1380
amato,/home/mhetac/Documents/GitHub/crossdem/datasets/prime_ministers/amato/csv_out/281155_amato_s2t.csv,3.975014196479273,22.22222222222222,1761
amato,/home/mhetac/Documents/GitHub/crossdem/datasets/prime_ministers/amato/csv_out/278386_amato_s2t.csv,1.5748031496062993,0.0,635
amato,/home/mhetac/Documents/GitHub/crossdem/datasets/prime_ministers/amato/csv_out/278384_amato_s2t.csv,0.9157509157509157,0.0,1092
amato,/home/mhetac/Documents/GitHub/crossdem/datasets/prime_ministers/amato/csv_out/274597_amato_s2t.csv,7.505773672055427,0.0,1732
amato,/home/mhetac/Documents/GitHub/crossdem/datasets/prime_ministers/amato/csv_out/270231_amato_s2t.csv,5.347593582887701,0.0,2244
amato,/home/mhetac/Documents/GitHub/crossdem/datasets/prime_ministers/amato/csv_out/266515_amato_s2t.csv,8.089260808926081,0.0,3585
amato,/home/mhetac/Documents/GitHub/crossdem/datasets/prime_ministers/amato/csv_out/262513_amato_s2t.csv,2.127659574468085,0.0,940
amato,/home/mhetac/Documents/GitHub/crossdem/datasets/prime_ministers/amato/csv_out/258089_amato_s2t.csv,6.286672254819782,0.0,2386
amato,/home/mhetac/Documents/GitHub/crossdem/datasets/prime_ministers/amato/csv_out/252109_amato_s2t.csv,2.42450958783337,0.0,4537
amato,/home/mhetac/Documents/GitHub/crossdem/datasets/prime_ministers/amato/csv_out/237500_amato_s2t.csv,0.0,0.0,795
amato,/home/mhetac/Documents/GitHub/crossdem/datasets/prime_ministers/amato/csv_out/266235_amato_s2t.csv,4.761904761904762,0.0,630
amato,/home/mhetac/Documents/GitHub/crossdem/datasets/prime_ministers/amato/csv_out/216841_amato_s2t.csv,4.969826056088037,0.0,2817
amato,/home/mhetac/Documents/GitHub/crossdem/datasets/prime_ministers/amato/csv_out/222731_amato_s2t.csv,1.9672131147540983,0.0,1525
amato,/home/mhetac/Documents/GitHub/crossdem/datasets/prime_ministers/amato/csv_out/208924_amato_s2t.csv,6.674082313681868,0.0,2697
amato,/home/mhetac/Documents/GitHub/crossdem/datasets/prime_ministers/amato/csv_out/204089_amato_s2t.csv,0.0,0.0,240
amato,/home/mhetac/Documents/GitHub/crossdem/datasets/prime_ministers/amato/csv_out/204170_amato_s2t.csv,0.0,0.0,245
amato,/home/mhetac/Documents/GitHub/crossdem/datasets/prime_ministers/amato/csv_out/242114_amato_s2t.csv,3.4602076124567476,0.0,578
amato,/home/mhetac/Documents/GitHub/crossdem/datasets/prime_ministers/amato/csv_out/197374_amato_s2t.csv,5.429575215586075,0.0,3131
amato,/home/mhetac/Documents/GitHub/crossdem/datasets/prime_ministers/amato/csv_out/196248_amato_s2t.csv,1.7246335153779822,0.0,3479
amato,/home/mhetac/Documents/GitHub/crossdem/datasets/prime_ministers/amato/csv_out/205268_amato_s2t.csv,2.5547445255474455,0.0,2740
amato,/home/mhetac/Documents/GitHub/crossdem/datasets/prime_ministers/amato/csv_out/204639_amato_s2t.csv,2.7538726333907055,0.0,2905
amato,/home/mhetac/Documents/GitHub/crossdem/datasets/prime_ministers/amato/csv_out/204634_amato_s2t.csv,4.810996563573883,20.833333333333332,2910
amato,/home/mhetac/Documents/GitHub/crossdem/datasets/prime_ministers/amato/csv_out/204631_amato_s2t.csv,4.39297124600639,0.0,2504
amato,/home/mhetac/Documents/GitHub/crossdem/datasets/prime_ministers/amato/csv_out/204630_amato_s2t.csv,5.205622071837585,0.0,1921
amato,/home/mhetac/Documents/GitHub/crossdem/datasets/prime_ministers/amato/csv_out/198307_amato_s2t.csv,0.8952551477170994,0.0,1117
amato,/home/mhetac/Documents/GitHub/crossdem/datasets/prime_ministers/amato/csv_out/198308_amato_s2t.csv,0.0,0.0,616
amato,/home/mhetac/Documents/GitHub/crossdem/datasets/prime_ministers/amato/csv_out/204629_amato_s2t.csv,1.454898157129001,1000.0,2062
amato,/home/mhetac/Documents/GitHub/crossdem/datasets/prime_ministers/amato/csv_out/193660_amato_s2t.csv,0.0,0.0,2192
amato,/home/mhetac/Documents/GitHub/crossdem/datasets/prime_ministers/amato/csv_out/193658_amato_s2t.csv,2.786809103576405,90.9090909090909,2153
amato,/home/mhetac/Documents/GitHub/crossdem/datasets/prime_ministers/amato/csv_out/199864_amato_s2t.csv,1.9540791402051783,200.0,2047
amato,/home/mhetac/Documents/GitHub/crossdem/datasets/prime_ministers/amato/csv_out/193656_amato_s2t.csv,7.183908045977011,0.0,696
amato,/home/mhetac/Documents/GitHub/crossdem/datasets/prime_ministers/amato/csv_out/161279_amato_s2t.csv,0.8445945945945946,0.0,2368
amato,/home/mhetac/Documents/GitHub/crossdem/datasets/prime_ministers/amato/csv_out/153676_amato_s2t.csv,0.0,0.0,1346
amato,/home/mhetac/Documents/GitHub/crossdem/datasets/prime_ministers/amato/csv_out/152221_amato_s2t.csv,1.6501650165016502,0.0,606
amato,/home/mhetac/Documents/GitHub/crossdem/datasets/prime_ministers/amato/csv_out/148437_amato_s2t.csv,1.0235414534288638,0.0,1954
amato,/home/mhetac/Documents/GitHub/crossdem/datasets/prime_ministers/amato/csv_out/142867_amato_s2t.csv,0.0,0.0,682
amato,/home/mhetac/Documents/GitHub/crossdem/datasets/prime_ministers/amato/csv_out/144578_amato_s2t.csv,0.5497526113249038,0.0,1819
amato,/home/mhetac/Documents/GitHub/crossdem/datasets/prime_ministers/amato/csv_out/134281_amato_s2t.csv,0.0,0.0,72
amato,/home/mhetac/Documents/GitHub/crossdem/datasets/prime_ministers/amato/csv_out/130485_amato_s2t.csv,0.0,0.0,128
amato,/home/mhetac/Documents/GitHub/crossdem/datasets/prime_ministers/amato/csv_out/131725_amato_s2t.csv,1.4265335235378032,0.0,701
amato,/home/mhetac/Documents/GitHub/crossdem/datasets/prime_ministers/amato/csv_out/130034_amato_s2t.csv,0.0,0.0,345
amato,/home/mhetac/Documents/GitHub/crossdem/datasets/prime_ministers/amato/csv_out/119099_amato_s2t.csv,0.0,0.0,539
amato,/home/mhetac/Documents/GitHub/crossdem/datasets/prime_ministers/amato/csv_out/119101_amato_s2t.csv,1.297016861219196,0.0,771
amato,/home/mhetac/Documents/GitHub/crossdem/datasets/prime_ministers/amato/csv_out/119098_amato_s2t.csv,0.0,0.0,713
amato,/home/mhetac/Documents/GitHub/crossdem/datasets/prime_ministers/amato/csv_out/108152_amato_s2t.csv,0.0,0.0,178
amato,/home/mhetac/Documents/GitHub/crossdem/datasets/prime_ministers/amato/csv_out/106774_amato_s2t.csv,0.0,0.0,191
amato,/home/mhetac/Documents/GitHub/crossdem/datasets/prime_ministers/amato/csv_out/107265_amato_s2t.csv,0.0,0.0,903
amato,/home/mhetac/Documents/GitHub/crossdem/datasets/prime_ministers/amato/csv_out/103374_amato_s2t.csv,0.0,0.0,1307
amato,/home/mhetac/Documents/GitHub/crossdem/datasets/prime_ministers/amato/csv_out/99343_amato_s2t.csv,0.0,0.0,616
amato,/home/mhetac/Documents/GitHub/crossdem/datasets/prime_ministers/amato/csv_out/96488_amato_s2t.csv,0.0,0.0,1104
amato,/home/mhetac/Documents/GitHub/crossdem/datasets/prime_ministers/amato/csv_out/92835_amato_s2t.csv,2.638522427440633,0.0,379
amato,/home/mhetac/Documents/GitHub/crossdem/datasets/prime_ministers/amato/csv_out/66830_amato_s2t.csv,1.0869565217391304,0.0,920
amato,/home/mhetac/Documents/GitHub/crossdem/datasets/prime_ministers/amato/csv_out/61028_amato_s2t.csv,1.8083182640144666,0.0,553
amato,/home/mhetac/Documents/GitHub/crossdem/datasets/prime_ministers/amato/csv_out/51319_amato_s2t.csv,0.0,0.0,3604
amato,/home/mhetac/Documents/GitHub/crossdem/datasets/prime_ministers/amato/csv_out/79604_amato_s2t.csv,0.0,0.0,502
amato,/home/mhetac/Documents/GitHub/crossdem/datasets/prime_ministers/amato/csv_out/79601_amato_s2t.csv,0.0,0.0,50
amato,/home/mhetac/Documents/GitHub/crossdem/datasets/prime_ministers/amato/csv_out/47433_amato_s2t.csv,5.319148936170213,0.0,188
amato,/home/mhetac/Documents/GitHub/crossdem/datasets/prime_ministers/amato/csv_out/27957_amato_s2t.csv,0.0,0.0,4012
amato,/home/mhetac/Documents/GitHub/crossdem/datasets/prime_ministers/amato/csv_out/23688_amato_s2t.csv,1.1614401858304297,0.0,1722
amato,/home/mhetac/Documents/GitHub/crossdem/datasets/prime_ministers/amato/csv_out/23108_amato_s2t.csv,0.0,0.0,963
amato,/home/mhetac/Documents/GitHub/crossdem/datasets/prime_ministers/amato/csv_out/16576_amato_s2t.csv,0.0,0.0,923
amato,/home/mhetac/Documents/GitHub/crossdem/datasets/prime_ministers/amato/csv_out/8532_amato_s2t.csv,2.05761316872428,0.0,486
amato,/home/mhetac/Documents/GitHub/crossdem/datasets/prime_ministers/amato/csv_out/286093_amato_s2t.csv,0.5571030640668524,0.0,1795
amato,/home/mhetac/Documents/GitHub/crossdem/datasets/prime_ministers/amato/csv_out/251612_amato_s2t.csv,3.5832414553472987,0.0,3628
amato,/home/mhetac/Documents/GitHub/crossdem/datasets/prime_ministers/amato/csv_out/243339_amato_s2t.csv,0.0,0.0,763
amato,/home/mhetac/Documents/GitHub/crossdem/datasets/prime_ministers/amato/csv_out/216992_amato_s2t.csv,3.409090909090909,0.0,3520
amato,/home/mhetac/Documents/GitHub/crossdem/datasets/prime_ministers/amato/csv_out/209361_amato_s2t.csv,0.0,0.0,3244
amato,/home/mhetac/Documents/GitHub/crossdem/datasets/prime_ministers/amato/csv_out/200864_amato_s2t.csv,3.156233561283535,0.0,1901
amato,/home/mhetac/Documents/GitHub/crossdem/datasets/prime_ministers/amato/csv_out/257502_amato_s2t.csv,1.406717074028486,1000.0,5687
amato,/home/mhetac/Documents/GitHub/crossdem/datasets/prime_ministers/amato/csv_out/257493_amato_s2t.csv,0.5773672055427251,52.63157894736842,6928
amato,/home/mhetac/Documents/GitHub/crossdem/datasets/prime_ministers/amato/csv_out/250848_amato_s2t.csv,1.5815634884771803,0.0,4426
amato,/home/mhetac/Documents/GitHub/crossdem/datasets/prime_ministers/amato/csv_out/162340_amato_s2t.csv,0.9315323707498836,0.0,2147
amato,/home/mhetac/Documents/GitHub/crossdem/datasets/prime_ministers/amato/csv_out/158387_amato_s2t.csv,1.6123831022250887,0.0,3101
amato,/home/mhetac/Documents/GitHub/crossdem/datasets/prime_ministers/amato/csv_out/149796_amato_s2t.csv,1.4164305949008498,0.0,1412
amato,/home/mhetac/Documents/GitHub/crossdem/datasets/prime_ministers/amato/csv_out/147289_amato_s2t.csv,1.392757660167131,0.0,2872
amato,/home/mhetac/Documents/GitHub/crossdem/datasets/prime_ministers/amato/csv_out/138249_amato_s2t.csv,2.035623409669211,3.7593984962406015,7860
amato,/home/mhetac/Documents/GitHub/crossdem/datasets/prime_ministers/amato/csv_out/138245_amato_s2t.csv,1.1203784389393752,0.0,8033
amato,/home/mhetac/Documents/GitHub/crossdem/datasets/prime_ministers/amato/csv_out/138202_amato_s2t.csv,1.067724222086638,0.0,6556
amato,/home/mhetac/Documents/GitHub/crossdem/datasets/prime_ministers/amato/csv_out/138195_amato_s2t.csv,0.6597756762700682,6.369426751592357,4547
amato,/home/mhetac/Documents/GitHub/crossdem/datasets/prime_ministers/amato/csv_out/137976_amato_s2t.csv,0.589622641509434,0.0,1696
amato,/home/mhetac/Documents/GitHub/crossdem/datasets/prime_ministers/amato/csv_out/137972_amato_s2t.csv,0.4737091425864519,0.0,4222
amato,/home/mhetac/Documents/GitHub/crossdem/datasets/prime_ministers/amato/csv_out/136806_amato_s2t.csv,4.861111111111111,0.0,1440
amato,/home/mhetac/Documents/GitHub/crossdem/datasets/prime_ministers/amato/csv_out/137864_amato_s2t.csv,1.3526570048309179,5.9523809523809526,5175
amato,/home/mhetac/Documents/GitHub/crossdem/datasets/prime_ministers/amato/csv_out/140272_amato_s2t.csv,2.043944813490036,0.0,1957
amato,/home/mhetac/Documents/GitHub/crossdem/datasets/prime_ministers/amato/csv_out/115276_amato_s2t.csv,0.0,0.0,1905
amato,/home/mhetac/Documents/GitHub/crossdem/datasets/prime_ministers/amato/csv_out/117407_amato_s2t.csv,0.0,0.0,473
amato,/home/mhetac/Documents/GitHub/crossdem/datasets/prime_ministers/amato/csv_out/123506_amato_s2t.csv,1.621796951021732,0.0,3083
amato,/home/mhetac/Documents/GitHub/crossdem/datasets/prime_ministers/amato/csv_out/80746_amato_s2t.csv,5.134400483237693,0.0,3311
amato,/home/mhetac/Documents/GitHub/crossdem/datasets/prime_ministers/amato/csv_out/61899_amato_s2t.csv,2.2975301550832854,68.96551724137932,6964
amato,/home/mhetac/Documents/GitHub/crossdem/datasets/prime_ministers/amato/csv_out/50073_amato_s2t.csv,0.0,0.0,738
amato,/home/mhetac/Documents/GitHub/crossdem/datasets/prime_ministers/amato/csv_out/435984_amato_s2t.csv,0.5197505197505198,0.0,1924
amato,/home/mhetac/Documents/GitHub/crossdem/datasets/prime_ministers/amato/csv_out/391084_amato_s2t.csv,0.0,0.0,3362
amato,/home/mhetac/Documents/GitHub/crossdem/datasets/prime_ministers/amato/csv_out/349297_amato_s2t.csv,0.3098853424233034,0.0,9681
amato,/home/mhetac/Documents/GitHub/crossdem/datasets/prime_ministers/amato/csv_out/61827_amato_s2t.csv,0.0,0.0,2025
amato,/home/mhetac/Documents/GitHub/crossdem/datasets/prime_ministers/amato/csv_out/37136_amato_s2t.csv,1.8399264029438822,0.0,1087
amato,/home/mhetac/Documents/GitHub/crossdem/datasets/prime_ministers/amato/csv_out/36265_amato_s2t.csv,5.0,0.0,600
amato,/home/mhetac/Documents/GitHub/crossdem/datasets/prime_ministers/amato/csv_out/31961_amato_s2t.csv,0.7572889057175313,0.0,5282
amato,/home/mhetac/Documents/GitHub/crossdem/datasets/prime_ministers/amato/csv_out/21159_amato_s2t.csv,2.892030848329049,0.0,6224
amato,/home/mhetac/Documents/GitHub/crossdem/datasets/prime_ministers/amato/csv_out/569818_amato_s2t.csv,0.0,0.0,713
amato,/home/mhetac/Documents/GitHub/crossdem/datasets/prime_ministers/amato/csv_out/455868_amato_s2t.csv,0.6844626967830253,0.0,1461
amato,/home/mhetac/Documents/GitHub/crossdem/datasets/prime_ministers/amato/csv_out/425596_amato_s2t.csv,1.5945330296127562,0.0,4390
amato,/home/mhetac/Documents/GitHub/crossdem/datasets/prime_ministers/amato/csv_out/424739_amato_s2t.csv,1.753155680224404,0.0,2852
amato,/home/mhetac/Documents/GitHub/crossdem/datasets/prime_ministers/amato/csv_out/408261_amato_s2t.csv,0.6997900629811057,0.0,1429
amato,/home/mhetac/Documents/GitHub/crossdem/datasets/prime_ministers/amato/csv_out/339594_amato_s2t.csv,0.2047921359819783,0.0,4883
amato,/home/mhetac/Documents/GitHub/crossdem/datasets/prime_ministers/amato/csv_out/338334_amato_s2t.csv,2.288329519450801,0.0,437
amato,/home/mhetac/Documents/GitHub/crossdem/datasets/prime_ministers/amato/csv_out/337656_amato_s2t.csv,1.3434841021047919,0.0,2233
amato,/home/mhetac/Documents/GitHub/crossdem/datasets/prime_ministers/amato/csv_out/337872_amato_s2t.csv,0.0,0.0,995
amato,/home/mhetac/Documents/GitHub/crossdem/datasets/prime_ministers/amato/csv_out/336014_amato_s2t.csv,6.814921090387374,0.0,2788
amato,/home/mhetac/Documents/GitHub/crossdem/datasets/prime_ministers/amato/csv_out/335838_amato_s2t.csv,0.0,0.0,727
amato,/home/mhetac/Documents/GitHub/crossdem/datasets/prime_ministers/amato/csv_out/333830_amato_s2t.csv,2.1775949673360753,71.42857142857143,4133
amato,/home/mhetac/Documents/GitHub/crossdem/datasets/prime_ministers/amato/csv_out/331394_amato_s2t.csv,0.9852216748768473,0.0,1015
amato,/home/mhetac/Documents/GitHub/crossdem/datasets/prime_ministers/amato/csv_out/327997_amato_s2t.csv,0.7776049766718507,0.0,1286
amato,/home/mhetac/Documents/GitHub/crossdem/datasets/prime_ministers/amato/csv_out/326663_amato_s2t.csv,0.0,0.0,4550
amato,/home/mhetac/Documents/GitHub/crossdem/datasets/prime_ministers/amato/csv_out/325348_amato_s2t.csv,0.562429696287964,100.0,7112
amato,/home/mhetac/Documents/GitHub/crossdem/datasets/prime_ministers/amato/csv_out/322514_amato_s2t.csv,1.6884761502743775,0.0,2369
amato,/home/mhetac/Documents/GitHub/crossdem/datasets/prime_ministers/amato/csv_out/319874_amato_s2t.csv,1.7966223499820337,22.988505747126435,2783
amato,/home/mhetac/Documents/GitHub/crossdem/datasets/prime_ministers/amato/csv_out/319434_amato_s2t.csv,0.0,0.0,1032
amato,/home/mhetac/Documents/GitHub/crossdem/datasets/prime_ministers/amato/csv_out/316453_amato_s2t.csv,1.161710037174721,0.0,4304
amato,/home/mhetac/Documents/GitHub/crossdem/datasets/prime_ministers/amato/csv_out/316287_amato_s2t.csv,4.1208791208791204,15.625,2184
amato,/home/mhetac/Documents/GitHub/crossdem/datasets/prime_ministers/amato/csv_out/315249_amato_s2t.csv,0.0,0.0,1274
amato,/home/mhetac/Documents/GitHub/crossdem/datasets/prime_ministers/amato/csv_out/311187_amato_s2t.csv,0.0,0.0,387
amato,/home/mhetac/Documents/GitHub/crossdem/datasets/prime_ministers/amato/csv_out/309891_amato_s2t.csv,0.38284839203675347,0.0,2612
amato,/home/mhetac/Documents/GitHub/crossdem/datasets/prime_ministers/amato/csv_out/307707_amato_s2t.csv,0.723589001447178,0.0,1382
amato,/home/mhetac/Documents/GitHub/crossdem/datasets/prime_ministers/amato/csv_out/306092_amato_s2t.csv,0.8375209380234506,0.0,2388
amato,/home/mhetac/Documents/GitHub/crossdem/datasets/prime_ministers/amato/csv_out/306016_amato_s2t.csv,0.0,0.0,582
amato,/home/mhetac/Documents/GitHub/crossdem/datasets/prime_ministers/amato/csv_out/305940_amato_s2t.csv,2.4390243902439024,0.0,1640
amato,/home/mhetac/Documents/GitHub/crossdem/datasets/prime_ministers/amato/csv_out/305587_amato_s2t.csv,0.2198768689533861,0.0,4548
amato,/home/mhetac/Documents/GitHub/crossdem/datasets/prime_ministers/amato/csv_out/305221_amato_s2t.csv,1.6716817118020728,0.0,2991
amato,/home/mhetac/Documents/GitHub/crossdem/datasets/prime_ministers/amato/csv_out/304788_amato_s2t.csv,2.8076743097800656,33.333333333333336,2137
amato,/home/mhetac/Documents/GitHub/crossdem/datasets/prime_ministers/amato/csv_out/299673_amato_s2t.csv,0.9532888465204957,0.0,2098
amato,/home/mhetac/Documents/GitHub/crossdem/datasets/prime_ministers/amato/csv_out/298497_amato_s2t.csv,0.5102040816326531,0.0,1960
amato,/home/mhetac/Documents/GitHub/crossdem/datasets/prime_ministers/amato/csv_out/295454_amato_s2t.csv,0.0,0.0,1222
amato,/home/mhetac/Documents/GitHub/crossdem/datasets/prime_ministers/amato/csv_out/294903_amato_s2t.csv,0.0,0.0,2241
amato,/home/mhetac/Documents/GitHub/crossdem/datasets/prime_ministers/amato/csv_out/291581_amato_s2t.csv,2.0700362256339484,0.0,5797
amato,/home/mhetac/Documents/GitHub/crossdem/datasets/prime_ministers/amato/csv_out/289854_amato_s2t.csv,0.8833922261484098,0.0,3396
amato,/home/mhetac/Documents/GitHub/crossdem/datasets/prime_ministers/amato/csv_out/288274_amato_s2t.csv,0.3739715781600598,0.0,2674
amato,/home/mhetac/Documents/GitHub/crossdem/datasets/prime_ministers/amato/csv_out/288081_amato_s2t.csv,0.939261114589856,0.0,3194
amato,/home/mhetac/Documents/GitHub/crossdem/datasets/prime_ministers/amato/csv_out/283716_amato_s2t.csv,1.763668430335097,0.0,2268
amato,/home/mhetac/Documents/GitHub/crossdem/datasets/prime_ministers/amato/csv_out/282427_amato_s2t.csv,0.5040322580645161,0.0,1984
amato,/home/mhetac/Documents/GitHub/crossdem/datasets/prime_ministers/amato/csv_out/282018_amato_s2t.csv,3.188775510204082,0.0,3136
amato,/home/mhetac/Documents/GitHub/crossdem/datasets/prime_ministers/amato/csv_out/281480_amato_s2t.csv,0.9560229445506692,0.0,2092
amato,/home/mhetac/Documents/GitHub/crossdem/datasets/prime_ministers/amato/csv_out/281040_amato_s2t.csv,0.8673026886383348,0.0,1153
amato,/home/mhetac/Documents/GitHub/crossdem/datasets/prime_ministers/amato/csv_out/279720_amato_s2t.csv,3.0664395229982966,0.0,2935
amato,/home/mhetac/Documents/GitHub/crossdem/datasets/prime_ministers/amato/csv_out/277960_amato_s2t.csv,1.5319800842589046,0.0,2611
amato,/home/mhetac/Documents/GitHub/crossdem/datasets/prime_ministers/amato/csv_out/277779_amato_s2t.csv,0.8119079837618404,0.0,3695
amato,/home/mhetac/Documents/GitHub/crossdem/datasets/prime_ministers/amato/csv_out/277485_amato_s2t.csv,0.0,0.0,3485
amato,/home/mhetac/Documents/GitHub/crossdem/datasets/prime_ministers/amato/csv_out/276321_amato_s2t.csv,0.0,0.0,3086
amato,/home/mhetac/Documents/GitHub/crossdem/datasets/prime_ministers/amato/csv_out/275584_amato_s2t.csv,4.263180332528066,0.0,7037
amato,/home/mhetac/Documents/GitHub/crossdem/datasets/prime_ministers/amato/csv_out/274406_amato_s2t.csv,2.277255906632508,0.0,3513
amato,/home/mhetac/Documents/GitHub/crossdem/datasets/prime_ministers/amato/csv_out/274321_amato_s2t.csv,0.6868131868131868,0.0,1456
amato,/home/mhetac/Documents/GitHub/crossdem/datasets/prime_ministers/amato/csv_out/273714_amato_s2t.csv,2.696629213483146,0.0,2225
amato,/home/mhetac/Documents/GitHub/crossdem/datasets/prime_ministers/amato/csv_out/273062_amato_s2t.csv,0.0,0.0,2553
amato,/home/mhetac/Documents/GitHub/crossdem/datasets/prime_ministers/amato/csv_out/271989_amato_s2t.csv,0.0,0.0,1452
amato,/home/mhetac/Documents/GitHub/crossdem/datasets/prime_ministers/amato/csv_out/271558_amato_s2t.csv,2.1111893033075297,0.0,1421
amato,/home/mhetac/Documents/GitHub/crossdem/datasets/prime_ministers/amato/csv_out/271361_amato_s2t.csv,0.3244646333549643,0.0,3082
amato,/home/mhetac/Documents/GitHub/crossdem/datasets/prime_ministers/amato/csv_out/270501_amato_s2t.csv,1.050420168067227,0.0,2856
amato,/home/mhetac/Documents/GitHub/crossdem/datasets/prime_ministers/amato/csv_out/266101_amato_s2t.csv,1.10803324099723,0.0,1805
amato,/home/mhetac/Documents/GitHub/crossdem/datasets/prime_ministers/amato/csv_out/265673_amato_s2t.csv,1.4964459408903854,0.0,5346
amato,/home/mhetac/Documents/GitHub/crossdem/datasets/prime_ministers/amato/csv_out/265026_amato_s2t.csv,3.520173300839426,0.0,3693
amato,/home/mhetac/Documents/GitHub/crossdem/datasets/prime_ministers/amato/csv_out/263997_amato_s2t.csv,2.520478890989288,0.0,1587
amato,/home/mhetac/Documents/GitHub/crossdem/datasets/prime_ministers/amato/csv_out/263443_amato_s2t.csv,0.0,0.0,3435
amato,/home/mhetac/Documents/GitHub/crossdem/datasets/prime_ministers/amato/csv_out/262148_amato_s2t.csv,2.268976897689769,500.0,4848
amato,/home/mhetac/Documents/GitHub/crossdem/datasets/prime_ministers/amato/csv_out/261918_amato_s2t.csv,0.0,0.0,3288
amato,/home/mhetac/Documents/GitHub/crossdem/datasets/prime_ministers/amato/csv_out/261657_amato_s2t.csv,2.774532710280374,25.641025641025642,6848
amato,/home/mhetac/Documents/GitHub/crossdem/datasets/prime_ministers/amato/csv_out/261108_amato_s2t.csv,0.7886435331230284,0.0,1268
amato,/home/mhetac/Documents/GitHub/crossdem/datasets/prime_ministers/amato/csv_out/259436_amato_s2t.csv,3.908431044109436,0.0,1791
amato,/home/mhetac/Documents/GitHub/crossdem/datasets/prime_ministers/amato/csv_out/258346_amato_s2t.csv,1.1286681715575622,0.0,1772
amato,/home/mhetac/Documents/GitHub/crossdem/datasets/prime_ministers/amato/csv_out/257455_amato_s2t.csv,0.0,0.0,2230
amato,/home/mhetac/Documents/GitHub/crossdem/datasets/prime_ministers/amato/csv_out/256656_amato_s2t.csv,5.76036866359447,0.0,2604
amato,/home/mhetac/Documents/GitHub/crossdem/datasets/prime_ministers/amato/csv_out/256245_amato_s2t.csv,0.9416195856873822,0.0,2124
amato,/home/mhetac/Documents/GitHub/crossdem/datasets/prime_ministers/amato/csv_out/256039_amato_s2t.csv,1.2091898428053205,0.0,1654
amato,/home/mhetac/Documents/GitHub/crossdem/datasets/prime_ministers/amato/csv_out/255773_amato_s2t.csv,1.9920318725099602,38.46153846153846,2510
amato,/home/mhetac/Documents/GitHub/crossdem/datasets/prime_ministers/amato/csv_out/255122_amato_s2t.csv,0.15487068297971193,0.0,6457
amato,/home/mhetac/Documents/GitHub/crossdem/datasets/prime_ministers/amato/csv_out/254845_amato_s2t.csv,0.7119971520113919,0.0,2809
amato,/home/mhetac/Documents/GitHub/crossdem/datasets/prime_ministers/amato/csv_out/254861_amato_s2t.csv,2.578427159432746,0.0,2327
amato,/home/mhetac/Documents/GitHub/crossdem/datasets/prime_ministers/amato/csv_out/254691_amato_s2t.csv,1.2150668286755772,37.03703703703704,3292
amato,/home/mhetac/Documents/GitHub/crossdem/datasets/prime_ministers/amato/csv_out/253679_amato_s2t.csv,1.2733446519524618,0.0,2356
amato,/home/mhetac/Documents/GitHub/crossdem/datasets/prime_ministers/amato/csv_out/253687_amato_s2t.csv,3.6231884057971016,0.0,276
amato,/home/mhetac/Documents/GitHub/crossdem/datasets/prime_ministers/amato/csv_out/253372_amato_s2t.csv,1.2684989429175475,0.0,2365
amato,/home/mhetac/Documents/GitHub/crossdem/datasets/prime_ministers/amato/csv_out/250621_amato_s2t.csv,1.708914839077186,0.0,3511
amato,/home/mhetac/Documents/GitHub/crossdem/datasets/prime_ministers/amato/csv_out/250513_amato_s2t.csv,0.0,0.0,191
amato,/home/mhetac/Documents/GitHub/crossdem/datasets/prime_ministers/amato/csv_out/250478_amato_s2t.csv,2.418014205833459,0.0,6617
amato,/home/mhetac/Documents/GitHub/crossdem/datasets/prime_ministers/amato/csv_out/248765_amato_s2t.csv,0.0,0.0,1720
amato,/home/mhetac/Documents/GitHub/crossdem/datasets/prime_ministers/amato/csv_out/248792_amato_s2t.csv,0.0,0.0,1956
amato,/home/mhetac/Documents/GitHub/crossdem/datasets/prime_ministers/amato/csv_out/248683_amato_s2t.csv,0.0,0.0,3031
amato,/home/mhetac/Documents/GitHub/crossdem/datasets/prime_ministers/amato/csv_out/248670_amato_s2t.csv,0.8123476848090982,0.0,1231
amato,/home/mhetac/Documents/GitHub/crossdem/datasets/prime_ministers/amato/csv_out/247227_amato_s2t.csv,1.6233766233766234,0.0,3080
amato,/home/mhetac/Documents/GitHub/crossdem/datasets/prime_ministers/amato/csv_out/247082_amato_s2t.csv,4.198152812762385,0.0,1191
amato,/home/mhetac/Documents/GitHub/crossdem/datasets/prime_ministers/amato/csv_out/246619_amato_s2t.csv,0.7326007326007326,0.0,2730
amato,/home/mhetac/Documents/GitHub/crossdem/datasets/prime_ministers/amato/csv_out/246480_amato_s2t.csv,0.3456619426201175,0.0,2893
amato,/home/mhetac/Documents/GitHub/crossdem/datasets/prime_ministers/amato/csv_out/246211_amato_s2t.csv,3.5506778566817303,0.0,3098
amato,/home/mhetac/Documents/GitHub/crossdem/datasets/prime_ministers/amato/csv_out/246107_amato_s2t.csv,1.1961722488038278,0.0,2508
amato,/home/mhetac/Documents/GitHub/crossdem/datasets/prime_ministers/amato/csv_out/245938_amato_s2t.csv,0.48614487117160915,0.0,4114
amato,/home/mhetac/Documents/GitHub/crossdem/datasets/prime_ministers/amato/csv_out/237051_amato_s2t.csv,0.43649061545176776,0.0,2291
amato,/home/mhetac/Documents/GitHub/crossdem/datasets/prime_ministers/amato/csv_out/233768_amato_s2t.csv,2.31099372730274,30.303030303030305,3029
amato,/home/mhetac/Documents/GitHub/crossdem/datasets/prime_ministers/amato/csv_out/228871_amato_s2t.csv,2.930641484858352,83.33333333333333,3071
amato,/home/mhetac/Documents/GitHub/crossdem/datasets/prime_ministers/amato/csv_out/228716_amato_s2t.csv,1.1682242990654206,14.492753623188406,2568
amato,/home/mhetac/Documents/GitHub/crossdem/datasets/prime_ministers/amato/csv_out/228624_amato_s2t.csv,1.1396011396011396,0.0,7020
amato,/home/mhetac/Documents/GitHub/crossdem/datasets/prime_ministers/amato/csv_out/228405_amato_s2t.csv,0.4528985507246377,0.0,2208
amato,/home/mhetac/Documents/GitHub/crossdem/datasets/prime_ministers/amato/csv_out/227881_amato_s2t.csv,1.2746972594008923,0.0,3138
amato,/home/mhetac/Documents/GitHub/crossdem/datasets/prime_ministers/amato/csv_out/227202_amato_s2t.csv,0.8507018290089323,0.0,2351
amato,/home/mhetac/Documents/GitHub/crossdem/datasets/prime_ministers/amato/csv_out/227070_amato_s2t.csv,0.0,0.0,2272
amato,/home/mhetac/Documents/GitHub/crossdem/datasets/prime_ministers/amato/csv_out/226398_amato_s2t.csv,0.0,0.0,303
amato,/home/mhetac/Documents/GitHub/crossdem/datasets/prime_ministers/amato/csv_out/226437_amato_s2t.csv,3.3582493770989057,9.433962264150944,9231
amato,/home/mhetac/Documents/GitHub/crossdem/datasets/prime_ministers/amato/csv_out/226358_amato_s2t.csv,0.5243838489774515,0.0,3814
amato,/home/mhetac/Documents/GitHub/crossdem/datasets/prime_ministers/amato/csv_out/225825_amato_s2t.csv,0.0,0.0,2327
amato,/home/mhetac/Documents/GitHub/crossdem/datasets/prime_ministers/amato/csv_out/225598_amato_s2t.csv,3.4359719836130567,28.571428571428573,7567
amato,/home/mhetac/Documents/GitHub/crossdem/datasets/prime_ministers/amato/csv_out/225305_amato_s2t.csv,2.985074626865672,0.0,3015
amato,/home/mhetac/Documents/GitHub/crossdem/datasets/prime_ministers/amato/csv_out/225037_amato_s2t.csv,0.26961445133459155,0.0,3709
amato,/home/mhetac/Documents/GitHub/crossdem/datasets/prime_ministers/amato/csv_out/224179_amato_s2t.csv,0.3494060097833683,0.0,2862
amato,/home/mhetac/Documents/GitHub/crossdem/datasets/prime_ministers/amato/csv_out/222454_amato_s2t.csv,6.799830004249894,37.03703703703704,2353
amato,/home/mhetac/Documents/GitHub/crossdem/datasets/prime_ministers/amato/csv_out/222164_amato_s2t.csv,1.8996960486322187,0.0,2632
amato,/home/mhetac/Documents/GitHub/crossdem/datasets/prime_ministers/amato/csv_out/221513_amato_s2t.csv,3.2948929159802307,0.0,607
amato,/home/mhetac/Documents/GitHub/crossdem/datasets/prime_ministers/amato/csv_out/221577_amato_s2t.csv,0.4518752824220515,0.0,4426
amato,/home/mhetac/Documents/GitHub/crossdem/datasets/prime_ministers/amato/csv_out/220578_amato_s2t.csv,1.4513788098693758,0.0,2756
amato,/home/mhetac/Documents/GitHub/crossdem/datasets/prime_ministers/amato/csv_out/220249_amato_s2t.csv,1.6835016835016836,0.0,1782
amato,/home/mhetac/Documents/GitHub/crossdem/datasets/prime_ministers/amato/csv_out/220124_amato_s2t.csv,2.9904306220095696,28.571428571428573,5016
amato,/home/mhetac/Documents/GitHub/crossdem/datasets/prime_ministers/amato/csv_out/219574_amato_s2t.csv,0.0,0.0,1464
amato,/home/mhetac/Documents/GitHub/crossdem/datasets/prime_ministers/amato/csv_out/216562_amato_s2t.csv,1.8148820326678765,9.569377990430622,4959
amato,/home/mhetac/Documents/GitHub/crossdem/datasets/prime_ministers/amato/csv_out/215772_amato_s2t.csv,0.0,0.0,1008
amato,/home/mhetac/Documents/GitHub/crossdem/datasets/prime_ministers/amato/csv_out/214699_amato_s2t.csv,0.7984031936127745,0.0,2505
amato,/home/mhetac/Documents/GitHub/crossdem/datasets/prime_ministers/amato/csv_out/213466_amato_s2t.csv,0.0,0.0,1430
amato,/home/mhetac/Documents/GitHub/crossdem/datasets/prime_ministers/amato/csv_out/208907_amato_s2t.csv,0.0,0.0,479
amato,/home/mhetac/Documents/GitHub/crossdem/datasets/prime_ministers/amato/csv_out/200732_amato_s2t.csv,5.283381364073007,0.0,2082
amato,/home/mhetac/Documents/GitHub/crossdem/datasets/prime_ministers/amato/csv_out/243704_amato_s2t.csv,0.6593044338223174,0.0,6067
amato,/home/mhetac/Documents/GitHub/crossdem/datasets/prime_ministers/amato/csv_out/221404_amato_s2t.csv,1.2955465587044535,0.0,6175
amato,/home/mhetac/Documents/GitHub/crossdem/datasets/prime_ministers/amato/csv_out/215834_amato_s2t.csv,1.6618196925633568,0.0,2407
amato,/home/mhetac/Documents/GitHub/crossdem/datasets/prime_ministers/amato/csv_out/196122_amato_s2t.csv,0.7496251874062968,0.0,2668
amato,/home/mhetac/Documents/GitHub/crossdem/datasets/prime_ministers/amato/csv_out/233348_amato_s2t.csv,1.7513134851138354,0.0,2284
amato,/home/mhetac/Documents/GitHub/crossdem/datasets/prime_ministers/amato/csv_out/203834_amato_s2t.csv,1.2990387113535984,0.0,3849
amato,/home/mhetac/Documents/GitHub/crossdem/datasets/prime_ministers/amato/csv_out/194128_amato_s2t.csv,0.7119971520113919,0.0,2809
amato,/home/mhetac/Documents/GitHub/crossdem/datasets/prime_ministers/amato/csv_out/159289_amato_s2t.csv,3.766478342749529,0.0,3186
amato,/home/mhetac/Documents/GitHub/crossdem/datasets/prime_ministers/amato/csv_out/159301_amato_s2t.csv,1.6162549064881089,0.0,4331
amato,/home/mhetac/Documents/GitHub/crossdem/datasets/prime_ministers/amato/csv_out/156798_amato_s2t.csv,1.757469244288225,34.48275862068966,14225
amato,/home/mhetac/Documents/GitHub/crossdem/datasets/prime_ministers/amato/csv_out/159003_amato_s2t.csv,1.8946570670708602,0.0,5278
amato,/home/mhetac/Documents/GitHub/crossdem/datasets/prime_ministers/amato/csv_out/159078_amato_s2t.csv,4.589787722317843,0.0,3486
amato,/home/mhetac/Documents/GitHub/crossdem/datasets/prime_ministers/amato/csv_out/159778_amato_s2t.csv,0.4916420845624385,0.0,2034
amato,/home/mhetac/Documents/GitHub/crossdem/datasets/prime_ministers/amato/csv_out/158388_amato_s2t.csv,0.3913894324853229,0.0,2555
amato,/home/mhetac/Documents/GitHub/crossdem/datasets/prime_ministers/amato/csv_out/160204_amato_s2t.csv,4.256965944272446,0.0,2584
amato,/home/mhetac/Documents/GitHub/crossdem/datasets/prime_ministers/amato/csv_out/158588_amato_s2t.csv,2.656748140276302,0.0,1882
amato,/home/mhetac/Documents/GitHub/crossdem/datasets/prime_ministers/amato/csv_out/158675_amato_s2t.csv,14.946619217081851,0.0,2810
amato,/home/mhetac/Documents/GitHub/crossdem/datasets/prime_ministers/amato/csv_out/158381_amato_s2t.csv,3.952569169960474,0.0,1771
amato,/home/mhetac/Documents/GitHub/crossdem/datasets/prime_ministers/amato/csv_out/158923_amato_s2t.csv,1.1025358324145536,0.0,4535
amato,/home/mhetac/Documents/GitHub/crossdem/datasets/prime_ministers/amato/csv_out/158816_amato_s2t.csv,0.704225352112676,0.0,1420
amato,/home/mhetac/Documents/GitHub/crossdem/datasets/prime_ministers/amato/csv_out/158598_amato_s2t.csv,4.3847629487530835,41.666666666666664,3649
amato,/home/mhetac/Documents/GitHub/crossdem/datasets/prime_ministers/amato/csv_out/158914_amato_s2t.csv,1.1527377521613833,0.0,1735
amato,/home/mhetac/Documents/GitHub/crossdem/datasets/prime_ministers/amato/csv_out/157599_amato_s2t.csv,1.2464942349641632,0.0,3209
amato,/home/mhetac/Documents/GitHub/crossdem/datasets/prime_ministers/amato/csv_out/158027_amato_s2t.csv,0.0,0.0,72
amato,/home/mhetac/Documents/GitHub/crossdem/datasets/prime_ministers/amato/csv_out/154332_amato_s2t.csv,1.3531799729364005,0.0,4434
amato,/home/mhetac/Documents/GitHub/crossdem/datasets/prime_ministers/amato/csv_out/155289_amato_s2t.csv,1.747742499271774,0.0,6866
amato,/home/mhetac/Documents/GitHub/crossdem/datasets/prime_ministers/amato/csv_out/157123_amato_s2t.csv,1.6699137211244086,76.92307692307692,3593
amato,/home/mhetac/Documents/GitHub/crossdem/datasets/prime_ministers/amato/csv_out/157565_amato_s2t.csv,2.0102747375474648,0.0,4477
amato,/home/mhetac/Documents/GitHub/crossdem/datasets/prime_ministers/amato/csv_out/163606_amato_s2t.csv,2.3485204321277595,0.0,2129
amato,/home/mhetac/Documents/GitHub/crossdem/datasets/prime_ministers/amato/csv_out/157534_amato_s2t.csv,0.4357298474945534,0.0,4590
amato,/home/mhetac/Documents/GitHub/crossdem/datasets/prime_ministers/amato/csv_out/156673_amato_s2t.csv,0.3324468085106383,0.0,3008
amato,/home/mhetac/Documents/GitHub/crossdem/datasets/prime_ministers/amato/csv_out/153307_amato_s2t.csv,3.003003003003003,0.0,1998
amato,/home/mhetac/Documents/GitHub/crossdem/datasets/prime_ministers/amato/csv_out/156617_amato_s2t.csv,3.2211882605583395,0.0,2794
amato,/home/mhetac/Documents/GitHub/crossdem/datasets/prime_ministers/amato/csv_out/154566_amato_s2t.csv,0.5659309564233164,0.0,5301
amato,/home/mhetac/Documents/GitHub/crossdem/datasets/prime_ministers/amato/csv_out/155623_amato_s2t.csv,8.531921153280377,0.0,3399
amato,/home/mhetac/Documents/GitHub/crossdem/datasets/prime_ministers/amato/csv_out/155081_amato_s2t.csv,1.1366219595362583,0.0,4399
amato,/home/mhetac/Documents/GitHub/crossdem/datasets/prime_ministers/amato/csv_out/153764_amato_s2t.csv,0.0,15.873015873015873,2478
amato,/home/mhetac/Documents/GitHub/crossdem/datasets/prime_ministers/amato/csv_out/153630_amato_s2t.csv,1.7901897601145722,0.0,2793
amato,/home/mhetac/Documents/GitHub/crossdem/datasets/prime_ministers/amato/csv_out/154130_amato_s2t.csv,1.6643550624133148,0.0,3605
amato,/home/mhetac/Documents/GitHub/crossdem/datasets/prime_ministers/amato/csv_out/154206_amato_s2t.csv,5.00400320256205,0.0,4996
amato,/home/mhetac/Documents/GitHub/crossdem/datasets/prime_ministers/amato/csv_out/153947_amato_s2t.csv,1.0467550593161201,0.0,2866
amato,/home/mhetac/Documents/GitHub/crossdem/datasets/prime_ministers/amato/csv_out/154131_amato_s2t.csv,3.258293838862559,0.0,3376
amato,/home/mhetac/Documents/GitHub/crossdem/datasets/prime_ministers/amato/csv_out/154196_amato_s2t.csv,1.2,0.0,2500
amato,/home/mhetac/Documents/GitHub/crossdem/datasets/prime_ministers/amato/csv_out/154057_amato_s2t.csv,0.4701457451810061,0.0,2127
amato,/home/mhetac/Documents/GitHub/crossdem/datasets/prime_ministers/amato/csv_out/152932_amato_s2t.csv,1.015572105619499,0.0,2954
amato,/home/mhetac/Documents/GitHub/crossdem/datasets/prime_ministers/amato/csv_out/153059_amato_s2t.csv,0.8298755186721992,0.0,1205
amato,/home/mhetac/Documents/GitHub/crossdem/datasets/prime_ministers/amato/csv_out/152925_amato_s2t.csv,1.5885623510722795,0.0,3777
amato,/home/mhetac/Documents/GitHub/crossdem/datasets/prime_ministers/amato/csv_out/151277_amato_s2t.csv,0.27188689505165853,0.0,3678
amato,/home/mhetac/Documents/GitHub/crossdem/datasets/prime_ministers/amato/csv_out/152977_amato_s2t.csv,4.340277777777778,0.0,4608
amato,/home/mhetac/Documents/GitHub/crossdem/datasets/prime_ministers/amato/csv_out/152765_amato_s2t.csv,1.8598884066955983,0.0,3226
amato,/home/mhetac/Documents/GitHub/crossdem/datasets/prime_ministers/amato/csv_out/156425_amato_s2t.csv,0.429000429000429,0.0,2331
amato,/home/mhetac/Documents/GitHub/crossdem/datasets/prime_ministers/amato/csv_out/151287_amato_s2t.csv,1.6083634901487736,0.0,2487
amato,/home/mhetac/Documents/GitHub/crossdem/datasets/prime_ministers/amato/csv_out/152530_amato_s2t.csv,1.6611295681063123,0.0,3612
amato,/home/mhetac/Documents/GitHub/crossdem/datasets/prime_ministers/amato/csv_out/151033_amato_s2t.csv,0.5793742757821553,0.0,3452
amato,/home/mhetac/Documents/GitHub/crossdem/datasets/prime_ministers/amato/csv_out/150996_amato_s2t.csv,1.8207132912070259,36.36363636363637,9337
amato,/home/mhetac/Documents/GitHub/crossdem/datasets/prime_ministers/amato/csv_out/149431_amato_s2t.csv,1.551780463900686,29.41176470588235,12244
amato,/home/mhetac/Documents/GitHub/crossdem/datasets/prime_ministers/amato/csv_out/150872_amato_s2t.csv,1.5958053117519662,83.33333333333333,8773
amato,/home/mhetac/Documents/GitHub/crossdem/datasets/prime_ministers/amato/csv_out/164427_amato_s2t.csv,1.2573344509639564,0.0,2386
amato,/home/mhetac/Documents/GitHub/crossdem/datasets/prime_ministers/amato/csv_out/149432_amato_s2t.csv,1.8651745270450306,0.0,3753
amato,/home/mhetac/Documents/GitHub/crossdem/datasets/prime_ministers/amato/csv_out/151889_amato_s2t.csv,0.0,0.0,4320
amato,/home/mhetac/Documents/GitHub/crossdem/datasets/prime_ministers/amato/csv_out/151502_amato_s2t.csv,1.2925463162429986,0.0,2321
amato,/home/mhetac/Documents/GitHub/crossdem/datasets/prime_ministers/amato/csv_out/152055_amato_s2t.csv,2.6405130139569972,0.0,2651
amato,/home/mhetac/Documents/GitHub/crossdem/datasets/prime_ministers/amato/csv_out/149038_amato_s2t.csv,0.7714065312419646,0.0,3889
amato,/home/mhetac/Documents/GitHub/crossdem/datasets/prime_ministers/amato/csv_out/147596_amato_s2t.csv,3.239740820734341,0.0,926
amato,/home/mhetac/Documents/GitHub/crossdem/datasets/prime_ministers/amato/csv_out/148708_amato_s2t.csv,0.0,0.0,2647
amato,/home/mhetac/Documents/GitHub/crossdem/datasets/prime_ministers/amato/csv_out/149989_amato_s2t.csv,1.6326530612244898,0.0,1225
amato,/home/mhetac/Documents/GitHub/crossdem/datasets/prime_ministers/amato/csv_out/151067_amato_s2t.csv,1.3266998341625207,0.0,3015
amato,/home/mhetac/Documents/GitHub/crossdem/datasets/prime_ministers/amato/csv_out/145875_amato_s2t.csv,5.346841142535529,0.0,7107
amato,/home/mhetac/Documents/GitHub/crossdem/datasets/prime_ministers/amato/csv_out/149568_amato_s2t.csv,0.4850836769342712,0.0,4123
amato,/home/mhetac/Documents/GitHub/crossdem/datasets/prime_ministers/amato/csv_out/145398_amato_s2t.csv,0.5141388174807198,0.0,5835
amato,/home/mhetac/Documents/GitHub/crossdem/datasets/prime_ministers/amato/csv_out/147811_amato_s2t.csv,0.3716781267422412,0.0,5381
amato,/home/mhetac/Documents/GitHub/crossdem/datasets/prime_ministers/amato/csv_out/145188_amato_s2t.csv,0.0,0.0,3661
amato,/home/mhetac/Documents/GitHub/crossdem/datasets/prime_ministers/amato/csv_out/145187_amato_s2t.csv,2.0845177184006065,0.0,5277
amato,/home/mhetac/Documents/GitHub/crossdem/datasets/prime_ministers/amato/csv_out/147197_amato_s2t.csv,2.4004800960192036,200.0,4999
amato,/home/mhetac/Documents/GitHub/crossdem/datasets/prime_ministers/amato/csv_out/146706_amato_s2t.csv,0.0,0.0,1767
amato,/home/mhetac/Documents/GitHub/crossdem/datasets/prime_ministers/amato/csv_out/138890_amato_s2t.csv,1.5594541910331383,0.0,5130
amato,/home/mhetac/Documents/GitHub/crossdem/datasets/prime_ministers/amato/csv_out/144692_amato_s2t.csv,1.4119308153900458,0.0,2833
amato,/home/mhetac/Documents/GitHub/crossdem/datasets/prime_ministers/amato/csv_out/142982_amato_s2t.csv,1.9212295869356388,0.0,4164
amato,/home/mhetac/Documents/GitHub/crossdem/datasets/prime_ministers/amato/csv_out/142505_amato_s2t.csv,1.041847542976211,55.55555555555556,5759
amato,/home/mhetac/Documents/GitHub/crossdem/datasets/prime_ministers/amato/csv_out/143247_amato_s2t.csv,0.0,0.0,5867
amato,/home/mhetac/Documents/GitHub/crossdem/datasets/prime_ministers/amato/csv_out/136384_amato_s2t.csv,0.2987750224081267,0.0,3347
amato,/home/mhetac/Documents/GitHub/crossdem/datasets/prime_ministers/amato/csv_out/135710_amato_s2t.csv,5.274261603375527,0.0,3792
amato,/home/mhetac/Documents/GitHub/crossdem/datasets/prime_ministers/amato/csv_out/136796_amato_s2t.csv,2.7908973808501503,0.0,4658
amato,/home/mhetac/Documents/GitHub/crossdem/datasets/prime_ministers/amato/csv_out/131643_amato_s2t.csv,1.1485451761102603,0.0,2612
amato,/home/mhetac/Documents/GitHub/crossdem/datasets/prime_ministers/amato/csv_out/139267_amato_s2t.csv,2.5210084033613445,5.9523809523809526,5950
amato,/home/mhetac/Documents/GitHub/crossdem/datasets/prime_ministers/amato/csv_out/131003_amato_s2t.csv,1.3282732447817838,0.0,5270
amato,/home/mhetac/Documents/GitHub/crossdem/datasets/prime_ministers/amato/csv_out/141532_amato_s2t.csv,0.9710309111506716,0.0,6179
amato,/home/mhetac/Documents/GitHub/crossdem/datasets/prime_ministers/amato/csv_out/138990_amato_s2t.csv,0.9419152276295133,0.0,3185
amato,/home/mhetac/Documents/GitHub/crossdem/datasets/prime_ministers/amato/csv_out/138945_amato_s2t.csv,1.1174968071519795,0.0,6264
amato,/home/mhetac/Documents/GitHub/crossdem/datasets/prime_ministers/amato/csv_out/139037_amato_s2t.csv,0.36258158085569253,0.0,5516
amato,/home/mhetac/Documents/GitHub/crossdem/datasets/prime_ministers/amato/csv_out/137857_amato_s2t.csv,1.1947431302270013,0.0,4185
amato,/home/mhetac/Documents/GitHub/crossdem/datasets/prime_ministers/amato/csv_out/137542_amato_s2t.csv,7.134156951452932,1000.0,5747
amato,/home/mhetac/Documents/GitHub/crossdem/datasets/prime_ministers/amato/csv_out/127349_amato_s2t.csv,5.053057099545224,0.0,1979
amato,/home/mhetac/Documents/GitHub/crossdem/datasets/prime_ministers/amato/csv_out/129321_amato_s2t.csv,2.6546865427812945,0.0,4897
amato,/home/mhetac/Documents/GitHub/crossdem/datasets/prime_ministers/amato/csv_out/129763_amato_s2t.csv,1.4732362088721558,6.578947368421052,6109
amato,/home/mhetac/Documents/GitHub/crossdem/datasets/prime_ministers/amato/csv_out/129378_amato_s2t.csv,0.5456281544127677,5.291005291005291,7331
amato,/home/mhetac/Documents/GitHub/crossdem/datasets/prime_ministers/amato/csv_out/135416_amato_s2t.csv,0.6784260515603799,0.0,2948
amato,/home/mhetac/Documents/GitHub/crossdem/datasets/prime_ministers/amato/csv_out/149651_amato_s2t.csv,2.8948214860083628,0.0,3109
amato,/home/mhetac/Documents/GitHub/crossdem/datasets/prime_ministers/amato/csv_out/124328_amato_s2t.csv,0.0,0.0,2356
amato,/home/mhetac/Documents/GitHub/crossdem/datasets/prime_ministers/amato/csv_out/132657_amato_s2t.csv,0.0,0.0,771
amato,/home/mhetac/Documents/GitHub/crossdem/datasets/prime_ministers/amato/csv_out/132483_amato_s2t.csv,2.7818254073387205,0.0,7549
amato,/home/mhetac/Documents/GitHub/crossdem/datasets/prime_ministers/amato/csv_out/136189_amato_s2t.csv,2.8602073650339648,1000.0,2797
amato,/home/mhetac/Documents/GitHub/crossdem/datasets/prime_ministers/amato/csv_out/136132_amato_s2t.csv,1.147842056932966,8.547008547008547,8712
amato,/home/mhetac/Documents/GitHub/crossdem/datasets/prime_ministers/amato/csv_out/128422_amato_s2t.csv,2.328469419434958,0.0,6442
amato,/home/mhetac/Documents/GitHub/crossdem/datasets/prime_ministers/amato/csv_out/122619_amato_s2t.csv,0.39447731755424065,0.0,5070
amato,/home/mhetac/Documents/GitHub/crossdem/datasets/prime_ministers/amato/csv_out/123085_amato_s2t.csv,1.2113870381586918,0.0,3302
amato,/home/mhetac/Documents/GitHub/crossdem/datasets/prime_ministers/amato/csv_out/122785_amato_s2t.csv,3.058103975535168,0.0,654
amato,/home/mhetac/Documents/GitHub/crossdem/datasets/prime_ministers/amato/csv_out/121751_amato_s2t.csv,2.214170692431562,10.92896174863388,4968
amato,/home/mhetac/Documents/GitHub/crossdem/datasets/prime_ministers/amato/csv_out/122469_amato_s2t.csv,0.5149330587023687,0.0,3884
amato,/home/mhetac/Documents/GitHub/crossdem/datasets/prime_ministers/amato/csv_out/122465_amato_s2t.csv,0.3776435045317221,0.0,2648
amato,/home/mhetac/Documents/GitHub/crossdem/datasets/prime_ministers/amato/csv_out/122876_amato_s2t.csv,0.9664948453608248,0.0,3104
amato,/home/mhetac/Documents/GitHub/crossdem/datasets/prime_ministers/amato/csv_out/121691_amato_s2t.csv,1.497967044725016,55.55555555555556,4673
amato,/home/mhetac/Documents/GitHub/crossdem/datasets/prime_ministers/amato/csv_out/131090_amato_s2t.csv,0.0,0.0,2095
amato,/home/mhetac/Documents/GitHub/crossdem/datasets/prime_ministers/amato/csv_out/130998_amato_s2t.csv,0.683526999316473,0.0,2926
amato,/home/mhetac/Documents/GitHub/crossdem/datasets/prime_ministers/amato/csv_out/121825_amato_s2t.csv,3.648424543946932,0.0,3015
amato,/home/mhetac/Documents/GitHub/crossdem/datasets/prime_ministers/amato/csv_out/130824_amato_s2t.csv,0.8880994671403197,0.0,3378
amato,/home/mhetac/Documents/GitHub/crossdem/datasets/prime_ministers/amato/csv_out/120920_amato_s2t.csv,0.21190930281839374,0.0,4719
amato,/home/mhetac/Documents/GitHub/crossdem/datasets/prime_ministers/amato/csv_out/129050_amato_s2t.csv,0.5277044854881267,0.0,3790
amato,/home/mhetac/Documents/GitHub/crossdem/datasets/prime_ministers/amato/csv_out/130558_amato_s2t.csv,0.6466214031684449,0.0,3093
amato,/home/mhetac/Documents/GitHub/crossdem/datasets/prime_ministers/amato/csv_out/129623_amato_s2t.csv,2.1986075485525833,0.0,10916
amato,/home/mhetac/Documents/GitHub/crossdem/datasets/prime_ministers/amato/csv_out/130629_amato_s2t.csv,5.138746145940391,34.48275862068966,1946
amato,/home/mhetac/Documents/GitHub/crossdem/datasets/prime_ministers/amato/csv_out/129420_amato_s2t.csv,1.583949313621964,0.0,3788
amato,/home/mhetac/Documents/GitHub/crossdem/datasets/prime_ministers/amato/csv_out/129138_amato_s2t.csv,4.16036308623298,0.0,2644
amato,/home/mhetac/Documents/GitHub/crossdem/datasets/prime_ministers/amato/csv_out/130532_amato_s2t.csv,1.5357051446122345,4.464285714285714,11721
amato,/home/mhetac/Documents/GitHub/crossdem/datasets/prime_ministers/amato/csv_out/128790_amato_s2t.csv,1.135718341851221,0.0,3522
amato,/home/mhetac/Documents/GitHub/crossdem/datasets/prime_ministers/amato/csv_out/129726_amato_s2t.csv,1.0668563300142246,0.0,2812
amato,/home/mhetac/Documents/GitHub/crossdem/datasets/prime_ministers/amato/csv_out/128789_amato_s2t.csv,9.695290858725762,15.625,3610
amato,/home/mhetac/Documents/GitHub/crossdem/datasets/prime_ministers/amato/csv_out/122149_amato_s2t.csv,0.8338892595063375,0.0,5996
amato,/home/mhetac/Documents/GitHub/crossdem/datasets/prime_ministers/amato/csv_out/128110_amato_s2t.csv,0.3749531308586427,0.0,2667
amato,/home/mhetac/Documents/GitHub/crossdem/datasets/prime_ministers/amato/csv_out/129275_amato_s2t.csv,0.9062075215224287,0.0,2207
amato,/home/mhetac/Documents/GitHub/crossdem/datasets/prime_ministers/amato/csv_out/127662_amato_s2t.csv,0.37650602409638556,0.0,2656
amato,/home/mhetac/Documents/GitHub/crossdem/datasets/prime_ministers/amato/csv_out/118559_amato_s2t.csv,4.686035613870666,0.0,3201
amato,/home/mhetac/Documents/GitHub/crossdem/datasets/prime_ministers/amato/csv_out/134873_amato_s2t.csv,0.0,0.0,2903
amato,/home/mhetac/Documents/GitHub/crossdem/datasets/prime_ministers/amato/csv_out/127781_amato_s2t.csv,0.3395585738539898,0.0,2945
amato,/home/mhetac/Documents/GitHub/crossdem/datasets/prime_ministers/amato/csv_out/119751_amato_s2t.csv,1.0618529333687283,58.8235294117647,3767
amato,/home/mhetac/Documents/GitHub/crossdem/datasets/prime_ministers/amato/csv_out/121298_amato_s2t.csv,1.3271400132714002,0.0,3014
amato,/home/mhetac/Documents/GitHub/crossdem/datasets/prime_ministers/amato/csv_out/127756_amato_s2t.csv,0.5260389268805892,0.0,3802
amato,/home/mhetac/Documents/GitHub/crossdem/datasets/prime_ministers/amato/csv_out/122301_amato_s2t.csv,2.4,0.0,2500
amato,/home/mhetac/Documents/GitHub/crossdem/datasets/prime_ministers/amato/csv_out/116869_amato_s2t.csv,3.2306698255438295,125.0,4643
amato,/home/mhetac/Documents/GitHub/crossdem/datasets/prime_ministers/amato/csv_out/118305_amato_s2t.csv,0.5770340450086555,0.0,1733
amato,/home/mhetac/Documents/GitHub/crossdem/datasets/prime_ministers/amato/csv_out/116269_amato_s2t.csv,0.0,0.0,3252
amato,/home/mhetac/Documents/GitHub/crossdem/datasets/prime_ministers/amato/csv_out/116741_amato_s2t.csv,0.0,0.0,3569
amato,/home/mhetac/Documents/GitHub/crossdem/datasets/prime_ministers/amato/csv_out/119774_amato_s2t.csv,0.6178560395427866,0.0,6474
amato,/home/mhetac/Documents/GitHub/crossdem/datasets/prime_ministers/amato/csv_out/115436_amato_s2t.csv,8.213552361396303,0.0,1461
amato,/home/mhetac/Documents/GitHub/crossdem/datasets/prime_ministers/amato/csv_out/115435_amato_s2t.csv,1.24595066035385,0.0,4013
amato,/home/mhetac/Documents/GitHub/crossdem/datasets/prime_ministers/amato/csv_out/115551_amato_s2t.csv,2.3117569352708056,0.0,3028
amato,/home/mhetac/Documents/GitHub/crossdem/datasets/prime_ministers/amato/csv_out/125834_amato_s2t.csv,0.8394543546694648,0.0,4765
amato,/home/mhetac/Documents/GitHub/crossdem/datasets/prime_ministers/amato/csv_out/114628_amato_s2t.csv,2.144388849177984,0.0,4197
amato,/home/mhetac/Documents/GitHub/crossdem/datasets/prime_ministers/amato/csv_out/120115_amato_s2t.csv,0.0,0.0,185
amato,/home/mhetac/Documents/GitHub/crossdem/datasets/prime_ministers/amato/csv_out/115195_amato_s2t.csv,1.2820512820512822,0.0,2340
amato,/home/mhetac/Documents/GitHub/crossdem/datasets/prime_ministers/amato/csv_out/115447_amato_s2t.csv,0.9350163627863488,0.0,4278
amato,/home/mhetac/Documents/GitHub/crossdem/datasets/prime_ministers/amato/csv_out/132884_amato_s2t.csv,1.1108025548458762,40.0,3601
amato,/home/mhetac/Documents/GitHub/crossdem/datasets/prime_ministers/amato/csv_out/116900_amato_s2t.csv,1.8933417481855475,0.0,3169
amato,/home/mhetac/Documents/GitHub/crossdem/datasets/prime_ministers/amato/csv_out/113561_amato_s2t.csv,2.347417840375587,0.0,426
amato,/home/mhetac/Documents/GitHub/crossdem/datasets/prime_ministers/amato/csv_out/112791_amato_s2t.csv,0.4835589941972921,0.0,2068
amato,/home/mhetac/Documents/GitHub/crossdem/datasets/prime_ministers/amato/csv_out/113434_amato_s2t.csv,0.31026993484331367,0.0,3223
amato,/home/mhetac/Documents/GitHub/crossdem/datasets/prime_ministers/amato/csv_out/113407_amato_s2t.csv,4.484304932735426,0.0,1338
amato,/home/mhetac/Documents/GitHub/crossdem/datasets/prime_ministers/amato/csv_out/113249_amato_s2t.csv,3.7958667229017293,0.0,2371
amato,/home/mhetac/Documents/GitHub/crossdem/datasets/prime_ministers/amato/csv_out/110450_amato_s2t.csv,1.4577259475218658,0.0,3430
amato,/home/mhetac/Documents/GitHub/crossdem/datasets/prime_ministers/amato/csv_out/110449_amato_s2t.csv,1.590246488205672,0.0,3773
amato,/home/mhetac/Documents/GitHub/crossdem/datasets/prime_ministers/amato/csv_out/124307_amato_s2t.csv,0.29394473838918284,0.0,3402
amato,/home/mhetac/Documents/GitHub/crossdem/datasets/prime_ministers/amato/csv_out/124231_amato_s2t.csv,0.8591065292096219,0.0,2328
amato,/home/mhetac/Documents/GitHub/crossdem/datasets/prime_ministers/amato/csv_out/113105_amato_s2t.csv,0.7977662544874352,0.0,2507
amato,/home/mhetac/Documents/GitHub/crossdem/datasets/prime_ministers/amato/csv_out/110327_amato_s2t.csv,0.8424599831508003,0.0,2374
amato,/home/mhetac/Documents/GitHub/crossdem/datasets/prime_ministers/amato/csv_out/111426_amato_s2t.csv,0.4162330905306972,0.0,4805
amato,/home/mhetac/Documents/GitHub/crossdem/datasets/prime_ministers/amato/csv_out/109973_amato_s2t.csv,0.8891523414344991,0.0,3374
amato,/home/mhetac/Documents/GitHub/crossdem/datasets/prime_ministers/amato/csv_out/124142_amato_s2t.csv,1.9402405898331394,0.0,2577
amato,/home/mhetac/Documents/GitHub/crossdem/datasets/prime_ministers/amato/csv_out/109148_amato_s2t.csv,1.2903225806451613,0.0,3100
amato,/home/mhetac/Documents/GitHub/crossdem/datasets/prime_ministers/amato/csv_out/123167_amato_s2t.csv,1.4534883720930232,400.0,4128
amato,/home/mhetac/Documents/GitHub/crossdem/datasets/prime_ministers/amato/csv_out/123133_amato_s2t.csv,0.30012004801920766,0.0,3332
amato,/home/mhetac/Documents/GitHub/crossdem/datasets/prime_ministers/amato/csv_out/112999_amato_s2t.csv,0.4122861265718409,0.0,4851
amato,/home/mhetac/Documents/GitHub/crossdem/datasets/prime_ministers/amato/csv_out/109056_amato_s2t.csv,1.8115942028985508,0.0,1656
amato,/home/mhetac/Documents/GitHub/crossdem/datasets/prime_ministers/amato/csv_out/123946_amato_s2t.csv,0.5819028222286878,0.0,3437
amato,/home/mhetac/Documents/GitHub/crossdem/datasets/prime_ministers/amato/csv_out/111961_amato_s2t.csv,2.4829298572315333,0.0,3222
amato,/home/mhetac/Documents/GitHub/crossdem/datasets/prime_ministers/amato/csv_out/107431_amato_s2t.csv,0.6777363605557438,0.0,2951
amato,/home/mhetac/Documents/GitHub/crossdem/datasets/prime_ministers/amato/csv_out/106947_amato_s2t.csv,1.5766653527788728,0.0,2537
amato,/home/mhetac/Documents/GitHub/crossdem/datasets/prime_ministers/amato/csv_out/110988_amato_s2t.csv,0.8643721515008643,0.0,12726
amato,/home/mhetac/Documents/GitHub/crossdem/datasets/prime_ministers/amato/csv_out/107169_amato_s2t.csv,1.6485328058028355,0.0,3033
amato,/home/mhetac/Documents/GitHub/crossdem/datasets/prime_ministers/amato/csv_out/107189_amato_s2t.csv,0.3739715781600598,0.0,2674
amato,/home/mhetac/Documents/GitHub/crossdem/datasets/prime_ministers/amato/csv_out/116073_amato_s2t.csv,2.834467120181406,0.0,3528
amato,/home/mhetac/Documents/GitHub/crossdem/datasets/prime_ministers/amato/csv_out/107001_amato_s2t.csv,0.0,0.0,2055
amato,/home/mhetac/Documents/GitHub/crossdem/datasets/prime_ministers/amato/csv_out/108271_amato_s2t.csv,0.3423485107839781,0.0,2921
amato,/home/mhetac/Documents/GitHub/crossdem/datasets/prime_ministers/amato/csv_out/108821_amato_s2t.csv,4.904966278356836,29.41176470588235,4893
amato,/home/mhetac/Documents/GitHub/crossdem/datasets/prime_ministers/amato/csv_out/113445_amato_s2t.csv,3.1662269129287597,0.0,3790
amato,/home/mhetac/Documents/GitHub/crossdem/datasets/prime_ministers/amato/csv_out/107723_amato_s2t.csv,3.6463081130355515,0.0,3291
amato,/home/mhetac/Documents/GitHub/crossdem/datasets/prime_ministers/amato/csv_out/114593_amato_s2t.csv,0.13280212483399734,0.0,7530
amato,/home/mhetac/Documents/GitHub/crossdem/datasets/prime_ministers/amato/csv_out/106399_amato_s2t.csv,1.2925463162429986,0.0,2321
amato,/home/mhetac/Documents/GitHub/crossdem/datasets/prime_ministers/amato/csv_out/106383_amato_s2t.csv,1.5566625155666252,0.0,3212
amato,/home/mhetac/Documents/GitHub/crossdem/datasets/prime_ministers/amato/csv_out/103605_amato_s2t.csv,0.254323499491353,0.0,3932
amato,/home/mhetac/Documents/GitHub/crossdem/datasets/prime_ministers/amato/csv_out/28067_amato_s2t.csv,0.0,0.0,2816
amato,/home/mhetac/Documents/GitHub/crossdem/datasets/prime_ministers/amato/csv_out/27324_amato_s2t.csv,0.0,0.0,5124
amato,/home/mhetac/Documents/GitHub/crossdem/datasets/prime_ministers/amato/csv_out/22561_amato_s2t.csv,2.989040185984723,0.0,3011
amato,/home/mhetac/Documents/GitHub/crossdem/datasets/prime_ministers/amato/csv_out/16956_amato_s2t.csv,6.405124099279424,0.0,3747
amato,/home/mhetac/Documents/GitHub/crossdem/datasets/prime_ministers/amato/csv_out/15884_amato_s2t.csv,0.0,0.0,370
amato,/home/mhetac/Documents/GitHub/crossdem/datasets/prime_ministers/amato/csv_out/235862_amato_s2t.csv,0.0,0.0,110
amato,/home/mhetac/Documents/GitHub/crossdem/datasets/prime_ministers/amato/csv_out/212930_amato_s2t.csv,4.166666666666667,0.0,1200
amato,/home/mhetac/Documents/GitHub/crossdem/datasets/prime_ministers/amato/csv_out/142205_amato_s2t.csv,2.3878560463926317,0.0,5863
amato,/home/mhetac/Documents/GitHub/crossdem/datasets/prime_ministers/amato/csv_out/138255_amato_s2t.csv,0.5580357142857143,9.70873786407767,5376
amato,/home/mhetac/Documents/GitHub/crossdem/datasets/prime_ministers/amato/csv_out/139281_amato_s2t.csv,0.0,0.0,135
amato,/home/mhetac/Documents/GitHub/crossdem/datasets/prime_ministers/amato/csv_out/138253_amato_s2t.csv,0.2352387673488591,0.0,4251
amato,/home/mhetac/Documents/GitHub/crossdem/datasets/prime_ministers/amato/csv_out/138252_amato_s2t.csv,2.1390374331550803,0.0,3740
amato,/home/mhetac/Documents/GitHub/crossdem/datasets/prime_ministers/amato/csv_out/138247_amato_s2t.csv,1.5835312747426762,0.0,6315
amato,/home/mhetac/Documents/GitHub/crossdem/datasets/prime_ministers/amato/csv_out/137974_amato_s2t.csv,1.289134438305709,24.390243902439025,5430
amato,/home/mhetac/Documents/GitHub/crossdem/datasets/prime_ministers/amato/csv_out/123048_amato_s2t.csv,0.0,0.0,1144
amato,/home/mhetac/Documents/GitHub/crossdem/datasets/prime_ministers/amato/csv_out/408918_amato_s2t.csv,1.526359046612657,0.0,8517
amato,/home/mhetac/Documents/GitHub/crossdem/datasets/prime_ministers/amato/csv_out/39930_amato_s2t.csv,1.3440860215053763,0.0,4464
amato,/home/mhetac/Documents/GitHub/crossdem/datasets/prime_ministers/amato/csv_out/103505_amato_s2t.csv,2.1993127147766325,0.0,7275
amato,/home/mhetac/Documents/GitHub/crossdem/datasets/prime_ministers/amato/csv_out/104788_amato_s2t.csv,2.8323749034417647,0.0,11651
amato,/home/mhetac/Documents/GitHub/crossdem/datasets/prime_ministers/amato/csv_out/101917_amato_s2t.csv,0.5053057099545225,0.0,3958
amato,/home/mhetac/Documents/GitHub/crossdem/datasets/prime_ministers/amato/csv_out/101912_amato_s2t.csv,3.9867109634551494,0.0,4515
amato,/home/mhetac/Documents/GitHub/crossdem/datasets/prime_ministers/amato/csv_out/101955_amato_s2t.csv,0.0,0.0,2050
amato,/home/mhetac/Documents/GitHub/crossdem/datasets/prime_ministers/amato/csv_out/101928_amato_s2t.csv,1.2589928057553956,6.451612903225806,5560
amato,/home/mhetac/Documents/GitHub/crossdem/datasets/prime_ministers/amato/csv_out/111452_amato_s2t.csv,0.9366219169528567,0.0,3203
amato,/home/mhetac/Documents/GitHub/crossdem/datasets/prime_ministers/amato/csv_out/101533_amato_s2t.csv,0.19654088050314467,0.0,5088
amato,/home/mhetac/Documents/GitHub/crossdem/datasets/prime_ministers/amato/csv_out/100725_amato_s2t.csv,0.0,0.0,2386
amato,/home/mhetac/Documents/GitHub/crossdem/datasets/prime_ministers/amato/csv_out/101898_amato_s2t.csv,0.31887755102040816,0.0,3136
amato,/home/mhetac/Documents/GitHub/crossdem/datasets/prime_ministers/amato/csv_out/99106_amato_s2t.csv,0.9823182711198428,0.0,2036
amato,/home/mhetac/Documents/GitHub/crossdem/datasets/prime_ministers/amato/csv_out/101076_amato_s2t.csv,0.0,0.0,1380
amato,/home/mhetac/Documents/GitHub/crossdem/datasets/prime_ministers/amato/csv_out/98415_amato_s2t.csv,1.9202048218476637,0.0,4687
amato,/home/mhetac/Documents/GitHub/crossdem/datasets/prime_ministers/amato/csv_out/101553_amato_s2t.csv,2.589834898025251,0.0,3089
amato,/home/mhetac/Documents/GitHub/crossdem/datasets/prime_ministers/amato/csv_out/98435_amato_s2t.csv,3.089019938219601,29.41176470588235,3561
amato,/home/mhetac/Documents/GitHub/crossdem/datasets/prime_ministers/amato/csv_out/98257_amato_s2t.csv,0.9115770282588879,0.0,4388
amato,/home/mhetac/Documents/GitHub/crossdem/datasets/prime_ministers/amato/csv_out/99136_amato_s2t.csv,1.7256255392579811,0.0,2318
amato,/home/mhetac/Documents/GitHub/crossdem/datasets/prime_ministers/amato/csv_out/98487_amato_s2t.csv,0.0,0.0,2943
amato,/home/mhetac/Documents/GitHub/crossdem/datasets/prime_ministers/amato/csv_out/96482_amato_s2t.csv,0.5486968449931413,0.0,3645
amato,/home/mhetac/Documents/GitHub/crossdem/datasets/prime_ministers/amato/csv_out/96481_amato_s2t.csv,4.513746409519902,0.0,2437
amato,/home/mhetac/Documents/GitHub/crossdem/datasets/prime_ministers/amato/csv_out/101716_amato_s2t.csv,0.8200754469411186,0.0,6097
amato,/home/mhetac/Documents/GitHub/crossdem/datasets/prime_ministers/amato/csv_out/98061_amato_s2t.csv,1.5372790161414296,0.0,2602
amato,/home/mhetac/Documents/GitHub/crossdem/datasets/prime_ministers/amato/csv_out/96225_amato_s2t.csv,15.050167224080267,0.0,2392
amato,/home/mhetac/Documents/GitHub/crossdem/datasets/prime_ministers/amato/csv_out/103906_amato_s2t.csv,0.9157509157509157,19.607843137254903,4368
amato,/home/mhetac/Documents/GitHub/crossdem/datasets/prime_ministers/amato/csv_out/98057_amato_s2t.csv,0.1721763085399449,0.0,5808
amato,/home/mhetac/Documents/GitHub/crossdem/datasets/prime_ministers/amato/csv_out/96184_amato_s2t.csv,2.0026702269692924,0.0,2996
amato,/home/mhetac/Documents/GitHub/crossdem/datasets/prime_ministers/amato/csv_out/95184_amato_s2t.csv,0.0,0.0,2052
amato,/home/mhetac/Documents/GitHub/crossdem/datasets/prime_ministers/amato/csv_out/94599_amato_s2t.csv,1.8248175182481752,0.0,4384
amato,/home/mhetac/Documents/GitHub/crossdem/datasets/prime_ministers/amato/csv_out/95853_amato_s2t.csv,6.189650903689032,16.666666666666668,4039
amato,/home/mhetac/Documents/GitHub/crossdem/datasets/prime_ministers/amato/csv_out/94843_amato_s2t.csv,0.8164931618697694,0.0,4899
amato,/home/mhetac/Documents/GitHub/crossdem/datasets/prime_ministers/amato/csv_out/95901_amato_s2t.csv,2.348643006263048,0.0,3832
amato,/home/mhetac/Documents/GitHub/crossdem/datasets/prime_ministers/amato/csv_out/94679_amato_s2t.csv,1.7722640673460346,0.0,4514
amato,/home/mhetac/Documents/GitHub/crossdem/datasets/prime_ministers/amato/csv_out/95898_amato_s2t.csv,1.7929179740026895,0.0,4462
amato,/home/mhetac/Documents/GitHub/crossdem/datasets/prime_ministers/amato/csv_out/79068_amato_s2t.csv,0.4411116012351125,0.0,2267
amato,/home/mhetac/Documents/GitHub/crossdem/datasets/prime_ministers/amato/csv_out/74487_amato_s2t.csv,5.496015388843089,0.0,3639
amato,/home/mhetac/Documents/GitHub/crossdem/datasets/prime_ministers/amato/csv_out/73181_amato_s2t.csv,3.186743148502231,0.0,3138
amato,/home/mhetac/Documents/GitHub/crossdem/datasets/prime_ministers/amato/csv_out/70224_amato_s2t.csv,3.209536909674461,0.0,4362
amato,/home/mhetac/Documents/GitHub/crossdem/datasets/prime_ministers/amato/csv_out/70712_amato_s2t.csv,0.2704164413196322,0.0,3698
amato,/home/mhetac/Documents/GitHub/crossdem/datasets/prime_ministers/amato/csv_out/68961_amato_s2t.csv,0.27502750275027504,11.764705882352942,3636
amato,/home/mhetac/Documents/GitHub/crossdem/datasets/prime_ministers/amato/csv_out/60634_amato_s2t.csv,0.8643042350907519,0.0,3471
amato,/home/mhetac/Documents/GitHub/crossdem/datasets/prime_ministers/amato/csv_out/60313_amato_s2t.csv,1.8618121638394705,0.0,4834
amato,/home/mhetac/Documents/GitHub/crossdem/datasets/prime_ministers/amato/csv_out/50929_amato_s2t.csv,1.0905125408942202,0.0,3668
amato,/home/mhetac/Documents/GitHub/crossdem/datasets/prime_ministers/amato/csv_out/49897_amato_s2t.csv,6.610009442870632,0.0,1059
amato,/home/mhetac/Documents/GitHub/crossdem/datasets/prime_ministers/amato/csv_out/45370_amato_s2t.csv,0.6397952655150352,0.0,3126
amato,/home/mhetac/Documents/GitHub/crossdem/datasets/prime_ministers/amato/csv_out/41696_amato_s2t.csv,1.6556291390728477,0.0,1208
amato,/home/mhetac/Documents/GitHub/crossdem/datasets/prime_ministers/amato/csv_out/65225_amato_s2t.csv,2.256317689530686,0.0,4432
amato,/home/mhetac/Documents/GitHub/crossdem/datasets/prime_ministers/amato/csv_out/39606_amato_s2t.csv,0.8685581933989577,0.0,6908
amato,/home/mhetac/Documents/GitHub/crossdem/datasets/prime_ministers/amato/csv_out/38936_amato_s2t.csv,2.8295213393067673,0.0,4241
amato,/home/mhetac/Documents/GitHub/crossdem/datasets/prime_ministers/amato/csv_out/38631_amato_s2t.csv,7.944150216658643,0.0,4154
amato,/home/mhetac/Documents/GitHub/crossdem/datasets/prime_ministers/amato/csv_out/37716_amato_s2t.csv,3.2467532467532467,71.42857142857143,3696
amato,/home/mhetac/Documents/GitHub/crossdem/datasets/prime_ministers/amato/csv_out/33440_amato_s2t.csv,2.215452783162559,0.0,3611
amato,/home/mhetac/Documents/GitHub/crossdem/datasets/prime_ministers/amato/csv_out/31111_amato_s2t.csv,2.057142857142857,0.0,4375
ciampi,/home/mhetac/Documents/GitHub/crossdem/datasets/prime_ministers/ciampi/csv_out/298060_ciampi_s2t.csv,1.6181229773462784,0.0,618
ciampi,/home/mhetac/Documents/GitHub/crossdem/datasets/prime_ministers/ciampi/csv_out/237682_ciampi_s2t.csv,1.2779552715654952,0.0,1565
ciampi,/home/mhetac/Documents/GitHub/crossdem/datasets/prime_ministers/ciampi/csv_out/224739_ciampi_s2t.csv,0.18889308651303363,0.0,5294
ciampi,/home/mhetac/Documents/GitHub/crossdem/datasets/prime_ministers/ciampi/csv_out/211315_ciampi_s2t.csv,3.408316291751875,0.0,2934
ciampi,/home/mhetac/Documents/GitHub/crossdem/datasets/prime_ministers/ciampi/csv_out/147143_ciampi_s2t.csv,4.029936672423719,0.0,1737
ciampi,/home/mhetac/Documents/GitHub/crossdem/datasets/prime_ministers/ciampi/csv_out/138682_ciampi_s2t.csv,5.259697567389875,0.0,1521
ciampi,/home/mhetac/Documents/GitHub/crossdem/datasets/prime_ministers/ciampi/csv_out/138788_ciampi_s2t.csv,0.5767012687427913,0.0,1734
ciampi,/home/mhetac/Documents/GitHub/crossdem/datasets/prime_ministers/ciampi/csv_out/143172_ciampi_s2t.csv,0.4657661853749418,0.0,2147
ciampi,/home/mhetac/Documents/GitHub/crossdem/datasets/prime_ministers/ciampi/csv_out/142583_ciampi_s2t.csv,0.0,0.0,573
ciampi,/home/mhetac/Documents/GitHub/crossdem/datasets/prime_ministers/ciampi/csv_out/139190_ciampi_s2t.csv,2.0242914979757085,0.0,494
ciampi,/home/mhetac/Documents/GitHub/crossdem/datasets/prime_ministers/ciampi/csv_out/129026_ciampi_s2t.csv,9.523809523809524,0.0,420
ciampi,/home/mhetac/Documents/GitHub/crossdem/datasets/prime_ministers/ciampi/csv_out/150958_ciampi_s2t.csv,0.0,0.0,1012
ciampi,/home/mhetac/Documents/GitHub/crossdem/datasets/prime_ministers/ciampi/csv_out/133744_ciampi_s2t.csv,4.0,0.0,250
ciampi,/home/mhetac/Documents/GitHub/crossdem/datasets/prime_ministers/ciampi/csv_out/119587_ciampi_s2t.csv,0.0,0.0,391
ciampi,/home/mhetac/Documents/GitHub/crossdem/datasets/prime_ministers/ciampi/csv_out/111151_ciampi_s2t.csv,2.3515579071134627,0.0,1701
ciampi,/home/mhetac/Documents/GitHub/crossdem/datasets/prime_ministers/ciampi/csv_out/124351_ciampi_s2t.csv,1.146788990825688,0.0,872
ciampi,/home/mhetac/Documents/GitHub/crossdem/datasets/prime_ministers/ciampi/csv_out/109149_ciampi_s2t.csv,0.4770992366412214,0.0,2096
ciampi,/home/mhetac/Documents/GitHub/crossdem/datasets/prime_ministers/ciampi/csv_out/109172_ciampi_s2t.csv,0.6112469437652812,0.0,1636
ciampi,/home/mhetac/Documents/GitHub/crossdem/datasets/prime_ministers/ciampi/csv_out/123519_ciampi_s2t.csv,1.611957796014068,0.0,6824
ciampi,/home/mhetac/Documents/GitHub/crossdem/datasets/prime_ministers/ciampi/csv_out/107346_ciampi_s2t.csv,1.4609203798392987,0.0,1369
ciampi,/home/mhetac/Documents/GitHub/crossdem/datasets/prime_ministers/ciampi/csv_out/115299_ciampi_s2t.csv,0.8025682182985554,0.0,3738
ciampi,/home/mhetac/Documents/GitHub/crossdem/datasets/prime_ministers/ciampi/csv_out/113539_ciampi_s2t.csv,1.3708019191226868,0.0,4377
ciampi,/home/mhetac/Documents/GitHub/crossdem/datasets/prime_ministers/ciampi/csv_out/106465_ciampi_s2t.csv,4.693917465284569,0.0,5113
ciampi,/home/mhetac/Documents/GitHub/crossdem/datasets/prime_ministers/ciampi/csv_out/104091_ciampi_s2t.csv,0.0,0.0,111
ciampi,/home/mhetac/Documents/GitHub/crossdem/datasets/prime_ministers/ciampi/csv_out/103505_ciampi_s2t.csv,1.7725258493353029,0.0,3385
ciampi,/home/mhetac/Documents/GitHub/crossdem/datasets/prime_ministers/ciampi/csv_out/103591_ciampi_s2t.csv,0.0,0.0,969
ciampi,/home/mhetac/Documents/GitHub/crossdem/datasets/prime_ministers/ciampi/csv_out/103427_ciampi_s2t.csv,6.3113604488078545,0.0,1426
ciampi,/home/mhetac/Documents/GitHub/crossdem/datasets/prime_ministers/ciampi/csv_out/102233_ciampi_s2t.csv,3.5919540229885056,0.0,1392
ciampi,/home/mhetac/Documents/GitHub/crossdem/datasets/prime_ministers/ciampi/csv_out/104533_ciampi_s2t.csv,0.5191209551825575,0.0,5779
ciampi,/home/mhetac/Documents/GitHub/crossdem/datasets/prime_ministers/ciampi/csv_out/105399_ciampi_s2t.csv,0.7429420505200595,0.0,4038
ciampi,/home/mhetac/Documents/GitHub/crossdem/datasets/prime_ministers/ciampi/csv_out/102121_ciampi_s2t.csv,1.7165277096615987,0.0,4078
ciampi,/home/mhetac/Documents/GitHub/crossdem/datasets/prime_ministers/ciampi/csv_out/100724_ciampi_s2t.csv,3.3076074972436604,0.0,2721
ciampi,/home/mhetac/Documents/GitHub/crossdem/datasets/prime_ministers/ciampi/csv_out/104441_ciampi_s2t.csv,0.9694619486185168,0.0,2063
ciampi,/home/mhetac/Documents/GitHub/crossdem/datasets/prime_ministers/ciampi/csv_out/97495_ciampi_s2t.csv,1.1668611435239207,0.0,2571
ciampi,/home/mhetac/Documents/GitHub/crossdem/datasets/prime_ministers/ciampi/csv_out/97493_ciampi_s2t.csv,2.4991074616208495,0.0,2801
ciampi,/home/mhetac/Documents/GitHub/crossdem/datasets/prime_ministers/ciampi/csv_out/83655_ciampi_s2t.csv,0.0,0.0,303
ciampi,/home/mhetac/Documents/GitHub/crossdem/datasets/prime_ministers/ciampi/csv_out/82242_ciampi_s2t.csv,1.243781094527363,0.0,1608
ciampi,/home/mhetac/Documents/GitHub/crossdem/datasets/prime_ministers/ciampi/csv_out/81812_ciampi_s2t.csv,4.459545551072415,0.0,4709
ciampi,/home/mhetac/Documents/GitHub/crossdem/datasets/prime_ministers/ciampi/csv_out/74899_ciampi_s2t.csv,1.0465724751439036,0.0,1911
ciampi,/home/mhetac/Documents/GitHub/crossdem/datasets/prime_ministers/ciampi/csv_out/62101_ciampi_s2t.csv,4.492362982929021,0.0,3339
ciampi,/home/mhetac/Documents/GitHub/crossdem/datasets/prime_ministers/ciampi/csv_out/56726_ciampi_s2t.csv,1.9398642095053347,0.0,1031
ciampi,/home/mhetac/Documents/GitHub/crossdem/datasets/prime_ministers/ciampi/csv_out/54316_ciampi_s2t.csv,2.1691973969631237,0.0,461
ciampi,/home/mhetac/Documents/GitHub/crossdem/datasets/prime_ministers/ciampi/csv_out/54062_ciampi_s2t.csv,6.016042780748663,0.0,2992
ciampi,/home/mhetac/Documents/GitHub/crossdem/datasets/prime_ministers/ciampi/csv_out/40953_ciampi_s2t.csv,0.3284072249589491,0.0,3045
ciampi,/home/mhetac/Documents/GitHub/crossdem/datasets/prime_ministers/ciampi/csv_out/40016_ciampi_s2t.csv,0.0,0.0,1407
ciampi,/home/mhetac/Documents/GitHub/crossdem/datasets/prime_ministers/ciampi/csv_out/36455_ciampi_s2t.csv,0.30998140111593303,0.0,3226
ciampi,/home/mhetac/Documents/GitHub/crossdem/datasets/prime_ministers/ciampi/csv_out/244685_ciampi_s2t.csv,3.4602076124567476,0.0,289
ciampi,/home/mhetac/Documents/GitHub/crossdem/datasets/prime_ministers/ciampi/csv_out/261723_ciampi_s2t.csv,7.957559681697613,0.0,377
ciampi,/home/mhetac/Documents/GitHub/crossdem/datasets/prime_ministers/ciampi/csv_out/159333_ciampi_s2t.csv,0.6420545746388443,0.0,3115
ciampi,/home/mhetac/Documents/GitHub/crossdem/datasets/prime_ministers/ciampi/csv_out/145661_ciampi_s2t.csv,0.0,0.0,205
ciampi,/home/mhetac/Documents/GitHub/crossdem/datasets/prime_ministers/ciampi/csv_out/140347_ciampi_s2t.csv,0.0,0.0,870
ciampi,/home/mhetac/Documents/GitHub/crossdem/datasets/prime_ministers/ciampi/csv_out/129586_ciampi_s2t.csv,0.0,0.0,23
ciampi,/home/mhetac/Documents/GitHub/crossdem/datasets/prime_ministers/ciampi/csv_out/129584_ciampi_s2t.csv,0.0,0.0,25
ciampi,/home/mhetac/Documents/GitHub/crossdem/datasets/prime_ministers/ciampi/csv_out/119102_ciampi_s2t.csv,2.557544757033248,0.0,391
ciampi,/home/mhetac/Documents/GitHub/crossdem/datasets/prime_ministers/ciampi/csv_out/116242_ciampi_s2t.csv,0.0,0.0,5
ciampi,/home/mhetac/Documents/GitHub/crossdem/datasets/prime_ministers/ciampi/csv_out/53462_ciampi_s2t.csv,3.076923076923077,0.0,325
ciampi,/home/mhetac/Documents/GitHub/crossdem/datasets/prime_ministers/ciampi/csv_out/53476_ciampi_s2t.csv,3.8461538461538463,0.0,260
ciampi,/home/mhetac/Documents/GitHub/crossdem/datasets/prime_ministers/ciampi/csv_out/162468_ciampi_s2t.csv,0.0,0.0,729
ciampi,/home/mhetac/Documents/GitHub/crossdem/datasets/prime_ministers/ciampi/csv_out/275383_ciampi_s2t.csv,2.380952380952381,0.0,2520
ciampi,/home/mhetac/Documents/GitHub/crossdem/datasets/prime_ministers/ciampi/csv_out/151380_ciampi_s2t.csv,0.6504065040650406,0.0,3075
ciampi,/home/mhetac/Documents/GitHub/crossdem/datasets/prime_ministers/ciampi/csv_out/139825_ciampi_s2t.csv,0.4444444444444444,0.0,2250
ciampi,/home/mhetac/Documents/GitHub/crossdem/datasets/prime_ministers/ciampi/csv_out/131861_ciampi_s2t.csv,1.8223234624145785,0.0,2195
ciampi,/home/mhetac/Documents/GitHub/crossdem/datasets/prime_ministers/ciampi/csv_out/130747_ciampi_s2t.csv,0.0,0.0,707
ciampi,/home/mhetac/Documents/GitHub/crossdem/datasets/prime_ministers/ciampi/csv_out/126820_ciampi_s2t.csv,0.2646903123345686,0.0,3778
ciampi,/home/mhetac/Documents/GitHub/crossdem/datasets/prime_ministers/ciampi/csv_out/112125_ciampi_s2t.csv,0.0,0.0,271
ciampi,/home/mhetac/Documents/GitHub/crossdem/datasets/prime_ministers/ciampi/csv_out/123944_ciampi_s2t.csv,0.6898454746136865,0.0,7248
ciampi,/home/mhetac/Documents/GitHub/crossdem/datasets/prime_ministers/ciampi/csv_out/106571_ciampi_s2t.csv,0.43103448275862066,0.0,2320
ciampi,/home/mhetac/Documents/GitHub/crossdem/datasets/prime_ministers/ciampi/csv_out/92722_ciampi_s2t.csv,1.6688918558077437,0.0,5992
ciampi,/home/mhetac/Documents/GitHub/crossdem/datasets/prime_ministers/ciampi/csv_out/93272_ciampi_s2t.csv,0.3246753246753247,0.0,3080
ciampi,/home/mhetac/Documents/GitHub/crossdem/datasets/prime_ministers/ciampi/csv_out/87324_ciampi_s2t.csv,0.7507507507507507,0.0,1332
ciampi,/home/mhetac/Documents/GitHub/crossdem/datasets/prime_ministers/ciampi/csv_out/72348_ciampi_s2t.csv,1.289213579716373,0.0,4654
ciampi,/home/mhetac/Documents/GitHub/crossdem/datasets/prime_ministers/ciampi/csv_out/73877_ciampi_s2t.csv,1.615508885298869,0.0,2476
ciampi,/home/mhetac/Documents/GitHub/crossdem/datasets/prime_ministers/ciampi/csv_out/218726_ciampi_s2t.csv,0.0,0.0,5
berlusconi,/home/mhetac/Documents/GitHub/crossdem/datasets/prime_ministers/berlusconi/csv_out/456103_berlusconi_s2t.csv,4.186046511627907,0.0,2150
berlusconi,/home/mhetac/Documents/GitHub/crossdem/datasets/prime_ministers/berlusconi/csv_out/437430_berlusconi_s2t.csv,2.127659574468085,0.0,1410
berlusconi,/home/mhetac/Documents/GitHub/crossdem/datasets/prime_ministers/berlusconi/csv_out/421385_berlusconi_s2t.csv,3.2057326041863097,18.01801801801802,5303
berlusconi,/home/mhetac/Documents/GitHub/crossdem/datasets/prime_ministers/berlusconi/csv_out/409901_berlusconi_s2t.csv,1.2300123001230012,0.0,813
berlusconi,/home/mhetac/Documents/GitHub/crossdem/datasets/prime_ministers/berlusconi/csv_out/340728_berlusconi_s2t.csv,1.1534025374855825,0.0,867
berlusconi,/home/mhetac/Documents/GitHub/crossdem/datasets/prime_ministers/berlusconi/csv_out/339160_berlusconi_s2t.csv,4.417448923246825,0.0,1811
berlusconi,/home/mhetac/Documents/GitHub/crossdem/datasets/prime_ministers/berlusconi/csv_out/319757_berlusconi_s2t.csv,2.6427061310782243,0.0,1892
berlusconi,/home/mhetac/Documents/GitHub/crossdem/datasets/prime_ministers/berlusconi/csv_out/305235_berlusconi_s2t.csv,0.9138679460817912,0.0,4377
berlusconi,/home/mhetac/Documents/GitHub/crossdem/datasets/prime_ministers/berlusconi/csv_out/282374_berlusconi_s2t.csv,1.275103602167676,0.0,3137
berlusconi,/home/mhetac/Documents/GitHub/crossdem/datasets/prime_ministers/berlusconi/csv_out/281163_berlusconi_s2t.csv,2.8011204481792715,0.0,714
berlusconi,/home/mhetac/Documents/GitHub/crossdem/datasets/prime_ministers/berlusconi/csv_out/274710_berlusconi_s2t.csv,4.1356492969396195,0.0,1209
berlusconi,/home/mhetac/Documents/GitHub/crossdem/datasets/prime_ministers/berlusconi/csv_out/272575_berlusconi_s2t.csv,1.951219512195122,0.0,1025
berlusconi,/home/mhetac/Documents/GitHub/crossdem/datasets/prime_ministers/berlusconi/csv_out/270385_berlusconi_s2t.csv,2.4539877300613497,0.0,1630
berlusconi,/home/mhetac/Documents/GitHub/crossdem/datasets/prime_ministers/berlusconi/csv_out/267651_berlusconi_s2t.csv,3.051643192488263,0.0,4260
berlusconi,/home/mhetac/Documents/GitHub/crossdem/datasets/prime_ministers/berlusconi/csv_out/265626_berlusconi_s2t.csv,2.079002079002079,0.0,8658
berlusconi,/home/mhetac/Documents/GitHub/crossdem/datasets/prime_ministers/berlusconi/csv_out/259696_berlusconi_s2t.csv,0.0,0.0,681
berlusconi,/home/mhetac/Documents/GitHub/crossdem/datasets/prime_ministers/berlusconi/csv_out/258642_berlusconi_s2t.csv,1.0405827263267429,0.0,1922
berlusconi,/home/mhetac/Documents/GitHub/crossdem/datasets/prime_ministers/berlusconi/csv_out/256846_berlusconi_s2t.csv,0.8347245409015025,0.0,2396
berlusconi,/home/mhetac/Documents/GitHub/crossdem/datasets/prime_ministers/berlusconi/csv_out/256442_berlusconi_s2t.csv,0.0,0.0,1453
berlusconi,/home/mhetac/Documents/GitHub/crossdem/datasets/prime_ministers/berlusconi/csv_out/255904_berlusconi_s2t.csv,4.2283298097251585,0.0,473
berlusconi,/home/mhetac/Documents/GitHub/crossdem/datasets/prime_ministers/berlusconi/csv_out/255569_berlusconi_s2t.csv,1.1811023622047243,0.0,5080
berlusconi,/home/mhetac/Documents/GitHub/crossdem/datasets/prime_ministers/berlusconi/csv_out/254452_berlusconi_s2t.csv,3.7220843672456576,0.0,806
berlusconi,/home/mhetac/Documents/GitHub/crossdem/datasets/prime_ministers/berlusconi/csv_out/250718_berlusconi_s2t.csv,1.705365341728978,250.0,7623
berlusconi,/home/mhetac/Documents/GitHub/crossdem/datasets/prime_ministers/berlusconi/csv_out/249904_berlusconi_s2t.csv,0.7458512026850643,35.714285714285715,5363
berlusconi,/home/mhetac/Documents/GitHub/crossdem/datasets/prime_ministers/berlusconi/csv_out/249926_berlusconi_s2t.csv,1.896858328393598,10.416666666666666,8435
berlusconi,/home/mhetac/Documents/GitHub/crossdem/datasets/prime_ministers/berlusconi/csv_out/249391_berlusconi_s2t.csv,2.7027027027027026,0.0,1480
berlusconi,/home/mhetac/Documents/GitHub/crossdem/datasets/prime_ministers/berlusconi/csv_out/245544_berlusconi_s2t.csv,2.646002646002646,0.0,5291
berlusconi,/home/mhetac/Documents/GitHub/crossdem/datasets/prime_ministers/berlusconi/csv_out/244253_berlusconi_s2t.csv,0.7757951900698216,0.0,3867
berlusconi,/home/mhetac/Documents/GitHub/crossdem/datasets/prime_ministers/berlusconi/csv_out/243108_berlusconi_s2t.csv,0.0,0.0,2055
berlusconi,/home/mhetac/Documents/GitHub/crossdem/datasets/prime_ministers/berlusconi/csv_out/239608_berlusconi_s2t.csv,1.6046213093709885,0.0,3116
berlusconi,/home/mhetac/Documents/GitHub/crossdem/datasets/prime_ministers/berlusconi/csv_out/238590_berlusconi_s2t.csv,0.6801795674057951,26.31578947368421,7351
berlusconi,/home/mhetac/Documents/GitHub/crossdem/datasets/prime_ministers/berlusconi/csv_out/236079_berlusconi_s2t.csv,1.3048635824436536,10.273972602739725,8430
berlusconi,/home/mhetac/Documents/GitHub/crossdem/datasets/prime_ministers/berlusconi/csv_out/223485_berlusconi_s2t.csv,1.2135922330097086,0.0,824
berlusconi,/home/mhetac/Documents/GitHub/crossdem/datasets/prime_ministers/berlusconi/csv_out/221808_berlusconi_s2t.csv,1.5313935681470139,35.714285714285715,5224
berlusconi,/home/mhetac/Documents/GitHub/crossdem/datasets/prime_ministers/berlusconi/csv_out/221778_berlusconi_s2t.csv,0.0,0.0,954
berlusconi,/home/mhetac/Documents/GitHub/crossdem/datasets/prime_ministers/berlusconi/csv_out/221210_berlusconi_s2t.csv,1.9469026548672566,66.66666666666667,5650
berlusconi,/home/mhetac/Documents/GitHub/crossdem/datasets/prime_ministers/berlusconi/csv_out/219435_berlusconi_s2t.csv,0.6059687926071807,0.0,6601
berlusconi,/home/mhetac/Documents/GitHub/crossdem/datasets/prime_ministers/berlusconi/csv_out/218876_berlusconi_s2t.csv,1.102049812651532,0.0,4537
berlusconi,/home/mhetac/Documents/GitHub/crossdem/datasets/prime_ministers/berlusconi/csv_out/216266_berlusconi_s2t.csv,1.659980633559275,0.0,7229
berlusconi,/home/mhetac/Documents/GitHub/crossdem/datasets/prime_ministers/berlusconi/csv_out/213336_berlusconi_s2t.csv,0.0,0.0,657
berlusconi,/home/mhetac/Documents/GitHub/crossdem/datasets/prime_ministers/berlusconi/csv_out/210704_berlusconi_s2t.csv,0.20072260136491368,0.0,4982
berlusconi,/home/mhetac/Documents/GitHub/crossdem/datasets/prime_ministers/berlusconi/csv_out/209225_berlusconi_s2t.csv,1.0615711252653928,0.0,2826
berlusconi,/home/mhetac/Documents/GitHub/crossdem/datasets/prime_ministers/berlusconi/csv_out/207851_berlusconi_s2t.csv,2.5613660618996796,0.0,4685
berlusconi,/home/mhetac/Documents/GitHub/crossdem/datasets/prime_ministers/berlusconi/csv_out/206993_berlusconi_s2t.csv,0.0,0.0,2840
berlusconi,/home/mhetac/Documents/GitHub/crossdem/datasets/prime_ministers/berlusconi/csv_out/204646_berlusconi_s2t.csv,2.534211860111505,1000.0,7892
berlusconi,/home/mhetac/Documents/GitHub/crossdem/datasets/prime_ministers/berlusconi/csv_out/254202_berlusconi_s2t.csv,3.049625727751594,0.0,3607
berlusconi,/home/mhetac/Documents/GitHub/crossdem/datasets/prime_ministers/berlusconi/csv_out/254217_berlusconi_s2t.csv,2.2635814889336014,0.0,7952
berlusconi,/home/mhetac/Documents/GitHub/crossdem/datasets/prime_ministers/berlusconi/csv_out/249180_berlusconi_s2t.csv,0.0,0.0,915
berlusconi,/home/mhetac/Documents/GitHub/crossdem/datasets/prime_ministers/berlusconi/csv_out/165008_berlusconi_s2t.csv,0.0,0.0,310
berlusconi,/home/mhetac/Documents/GitHub/crossdem/datasets/prime_ministers/berlusconi/csv_out/233484_berlusconi_s2t.csv,1.098901098901099,0.0,910
berlusconi,/home/mhetac/Documents/GitHub/crossdem/datasets/prime_ministers/berlusconi/csv_out/163004_berlusconi_s2t.csv,0.0,0.0,85
berlusconi,/home/mhetac/Documents/GitHub/crossdem/datasets/prime_ministers/berlusconi/csv_out/163003_berlusconi_s2t.csv,0.0,0.0,982
berlusconi,/home/mhetac/Documents/GitHub/crossdem/datasets/prime_ministers/berlusconi/csv_out/161383_berlusconi_s2t.csv,1.5847860538827259,0.0,631
berlusconi,/home/mhetac/Documents/GitHub/crossdem/datasets/prime_ministers/berlusconi/csv_out/229744_berlusconi_s2t.csv,2.1621621621621623,250.0,4625
berlusconi,/home/mhetac/Documents/GitHub/crossdem/datasets/prime_ministers/berlusconi/csv_out/163615_berlusconi_s2t.csv,0.0,0.0,1776
berlusconi,/home/mhetac/Documents/GitHub/crossdem/datasets/prime_ministers/berlusconi/csv_out/159373_berlusconi_s2t.csv,2.1037868162692845,0.0,2852
berlusconi,/home/mhetac/Documents/GitHub/crossdem/datasets/prime_ministers/berlusconi/csv_out/158794_berlusconi_s2t.csv,1.441753171856978,0.0,3468
berlusconi,/home/mhetac/Documents/GitHub/crossdem/datasets/prime_ministers/berlusconi/csv_out/155346_berlusconi_s2t.csv,1.1267605633802817,0.0,1775
berlusconi,/home/mhetac/Documents/GitHub/crossdem/datasets/prime_ministers/berlusconi/csv_out/157077_berlusconi_s2t.csv,2.5493945188017846,0.0,4707
berlusconi,/home/mhetac/Documents/GitHub/crossdem/datasets/prime_ministers/berlusconi/csv_out/153434_berlusconi_s2t.csv,1.4921946740128558,9.174311926605505,8712
berlusconi,/home/mhetac/Documents/GitHub/crossdem/datasets/prime_ministers/berlusconi/csv_out/152789_berlusconi_s2t.csv,4.056795131845842,0.0,986
berlusconi,/home/mhetac/Documents/GitHub/crossdem/datasets/prime_ministers/berlusconi/csv_out/149170_berlusconi_s2t.csv,0.6801178871004308,21.73913043478261,4411
berlusconi,/home/mhetac/Documents/GitHub/crossdem/datasets/prime_ministers/berlusconi/csv_out/149776_berlusconi_s2t.csv,2.158894645941278,0.0,2316
berlusconi,/home/mhetac/Documents/GitHub/crossdem/datasets/prime_ministers/berlusconi/csv_out/147817_berlusconi_s2t.csv,0.4279905842071474,0.0,4673
berlusconi,/home/mhetac/Documents/GitHub/crossdem/datasets/prime_ministers/berlusconi/csv_out/147088_berlusconi_s2t.csv,0.0,0.0,656
berlusconi,/home/mhetac/Documents/GitHub/crossdem/datasets/prime_ministers/berlusconi/csv_out/147235_berlusconi_s2t.csv,0.0,0.0,1834
berlusconi,/home/mhetac/Documents/GitHub/crossdem/datasets/prime_ministers/berlusconi/csv_out/148655_berlusconi_s2t.csv,1.131648434552999,0.0,10604
berlusconi,/home/mhetac/Documents/GitHub/crossdem/datasets/prime_ministers/berlusconi/csv_out/142178_berlusconi_s2t.csv,1.4436958614051973,7.6923076923076925,6234
berlusconi,/home/mhetac/Documents/GitHub/crossdem/datasets/prime_ministers/berlusconi/csv_out/140392_berlusconi_s2t.csv,5.899705014749262,0.0,1356
berlusconi,/home/mhetac/Documents/GitHub/crossdem/datasets/prime_ministers/berlusconi/csv_out/138870_berlusconi_s2t.csv,0.998003992015968,0.0,2004
berlusconi,/home/mhetac/Documents/GitHub/crossdem/datasets/prime_ministers/berlusconi/csv_out/144370_berlusconi_s2t.csv,0.0,0.0,679
berlusconi,/home/mhetac/Documents/GitHub/crossdem/datasets/prime_ministers/berlusconi/csv_out/143425_berlusconi_s2t.csv,1.3703323055841041,0.0,2919
berlusconi,/home/mhetac/Documents/GitHub/crossdem/datasets/prime_ministers/berlusconi/csv_out/143042_berlusconi_s2t.csv,1.509433962264151,0.0,5300
berlusconi,/home/mhetac/Documents/GitHub/crossdem/datasets/prime_ministers/berlusconi/csv_out/143299_berlusconi_s2t.csv,1.6474464579901154,0.0,2428
berlusconi,/home/mhetac/Documents/GitHub/crossdem/datasets/prime_ministers/berlusconi/csv_out/135868_berlusconi_s2t.csv,1.7735737511084837,3.0864197530864197,10149
berlusconi,/home/mhetac/Documents/GitHub/crossdem/datasets/prime_ministers/berlusconi/csv_out/134366_berlusconi_s2t.csv,0.0,0.0,2266
berlusconi,/home/mhetac/Documents/GitHub/crossdem/datasets/prime_ministers/berlusconi/csv_out/141923_berlusconi_s2t.csv,0.7358351729212657,0.0,5436
berlusconi,/home/mhetac/Documents/GitHub/crossdem/datasets/prime_ministers/berlusconi/csv_out/133645_berlusconi_s2t.csv,0.44503782821539833,0.0,2247
berlusconi,/home/mhetac/Documents/GitHub/crossdem/datasets/prime_ministers/berlusconi/csv_out/142064_berlusconi_s2t.csv,1.2634238787113077,10.416666666666666,7915
berlusconi,/home/mhetac/Documents/GitHub/crossdem/datasets/prime_ministers/berlusconi/csv_out/132592_berlusconi_s2t.csv,1.9963702359346642,18.867924528301888,5510
berlusconi,/home/mhetac/Documents/GitHub/crossdem/datasets/prime_ministers/berlusconi/csv_out/140986_berlusconi_s2t.csv,1.5806111696522656,0.0,5694
berlusconi,/home/mhetac/Documents/GitHub/crossdem/datasets/prime_ministers/berlusconi/csv_out/128336_berlusconi_s2t.csv,3.907637655417407,0.0,5630
berlusconi,/home/mhetac/Documents/GitHub/crossdem/datasets/prime_ministers/berlusconi/csv_out/139247_berlusconi_s2t.csv,0.0,0.0,2386
berlusconi,/home/mhetac/Documents/GitHub/crossdem/datasets/prime_ministers/berlusconi/csv_out/129909_berlusconi_s2t.csv,1.2763241863433312,0.0,7835
berlusconi,/home/mhetac/Documents/GitHub/crossdem/datasets/prime_ministers/berlusconi/csv_out/133783_berlusconi_s2t.csv,4.002183008913953,0.0,5497
berlusconi,/home/mhetac/Documents/GitHub/crossdem/datasets/prime_ministers/berlusconi/csv_out/136052_berlusconi_s2t.csv,2.6637069922308547,14.705882352941176,9010
berlusconi,/home/mhetac/Documents/GitHub/crossdem/datasets/prime_ministers/berlusconi/csv_out/130429_berlusconi_s2t.csv,0.3198976327575176,29.41176470588235,6252
berlusconi,/home/mhetac/Documents/GitHub/crossdem/datasets/prime_ministers/berlusconi/csv_out/119823_berlusconi_s2t.csv,1.2108166285483655,7.874015748031496,7433
berlusconi,/home/mhetac/Documents/GitHub/crossdem/datasets/prime_ministers/berlusconi/csv_out/120645_berlusconi_s2t.csv,1.417233560090703,0.0,3528
berlusconi,/home/mhetac/Documents/GitHub/crossdem/datasets/prime_ministers/berlusconi/csv_out/130057_berlusconi_s2t.csv,1.4345732144686956,7.968127490039841,9759
berlusconi,/home/mhetac/Documents/GitHub/crossdem/datasets/prime_ministers/berlusconi/csv_out/129274_berlusconi_s2t.csv,0.7031112673580594,0.0,5689
berlusconi,/home/mhetac/Documents/GitHub/crossdem/datasets/prime_ministers/berlusconi/csv_out/118244_berlusconi_s2t.csv,1.5408320493066257,0.0,649
berlusconi,/home/mhetac/Documents/GitHub/crossdem/datasets/prime_ministers/berlusconi/csv_out/122253_berlusconi_s2t.csv,3.8031851675778463,0.0,4207
berlusconi,/home/mhetac/Documents/GitHub/crossdem/datasets/prime_ministers/berlusconi/csv_out/125995_berlusconi_s2t.csv,3.378801151295207,0.0,7991
berlusconi,/home/mhetac/Documents/GitHub/crossdem/datasets/prime_ministers/berlusconi/csv_out/114887_berlusconi_s2t.csv,4.048582995951417,0.0,4446
berlusconi,/home/mhetac/Documents/GitHub/crossdem/datasets/prime_ministers/berlusconi/csv_out/117078_berlusconi_s2t.csv,2.010406811731315,0.0,8456
berlusconi,/home/mhetac/Documents/GitHub/crossdem/datasets/prime_ministers/berlusconi/csv_out/112213_berlusconi_s2t.csv,1.607717041800643,0.0,3732
berlusconi,/home/mhetac/Documents/GitHub/crossdem/datasets/prime_ministers/berlusconi/csv_out/110175_berlusconi_s2t.csv,2.015621063240111,0.0,3969
berlusconi,/home/mhetac/Documents/GitHub/crossdem/datasets/prime_ministers/berlusconi/csv_out/109148_berlusconi_s2t.csv,3.3829499323410013,0.0,2956
berlusconi,/home/mhetac/Documents/GitHub/crossdem/datasets/prime_ministers/berlusconi/csv_out/123953_berlusconi_s2t.csv,2.2970903522205206,0.0,1306
berlusconi,/home/mhetac/Documents/GitHub/crossdem/datasets/prime_ministers/berlusconi/csv_out/113656_berlusconi_s2t.csv,2.644336712208021,12.5,6807
berlusconi,/home/mhetac/Documents/GitHub/crossdem/datasets/prime_ministers/berlusconi/csv_out/107189_berlusconi_s2t.csv,1.8465670639583682,0.0,5957
berlusconi,/home/mhetac/Documents/GitHub/crossdem/datasets/prime_ministers/berlusconi/csv_out/105851_berlusconi_s2t.csv,1.6433853738701725,0.0,3651
berlusconi,/home/mhetac/Documents/GitHub/crossdem/datasets/prime_ministers/berlusconi/csv_out/105003_berlusconi_s2t.csv,1.0420737267161653,0.0,7677
berlusconi,/home/mhetac/Documents/GitHub/crossdem/datasets/prime_ministers/berlusconi/csv_out/98846_berlusconi_s2t.csv,1.9450207468879668,40.0,7712
berlusconi,/home/mhetac/Documents/GitHub/crossdem/datasets/prime_ministers/berlusconi/csv_out/96661_berlusconi_s2t.csv,1.0196278358399185,0.0,7846
berlusconi,/home/mhetac/Documents/GitHub/crossdem/datasets/prime_ministers/berlusconi/csv_out/95851_berlusconi_s2t.csv,0.0,0.0,1316
berlusconi,/home/mhetac/Documents/GitHub/crossdem/datasets/prime_ministers/berlusconi/csv_out/90219_berlusconi_s2t.csv,0.42625745950554134,0.0,4692
berlusconi,/home/mhetac/Documents/GitHub/crossdem/datasets/prime_ministers/berlusconi/csv_out/88551_berlusconi_s2t.csv,1.3269198872118095,0.0,6029
berlusconi,/home/mhetac/Documents/GitHub/crossdem/datasets/prime_ministers/berlusconi/csv_out/88895_berlusconi_s2t.csv,0.9279307145066502,0.0,3233
berlusconi,/home/mhetac/Documents/GitHub/crossdem/datasets/prime_ministers/berlusconi/csv_out/85660_berlusconi_s2t.csv,1.1392765593847907,0.0,3511
berlusconi,/home/mhetac/Documents/GitHub/crossdem/datasets/prime_ministers/berlusconi/csv_out/97134_berlusconi_s2t.csv,2.109704641350211,0.0,11850
berlusconi,/home/mhetac/Documents/GitHub/crossdem/datasets/prime_ministers/berlusconi/csv_out/84026_berlusconi_s2t.csv,0.48756704046806437,0.0,4102
berlusconi,/home/mhetac/Documents/GitHub/crossdem/datasets/prime_ministers/berlusconi/csv_out/80534_berlusconi_s2t.csv,1.3426423200859292,0.0,3724
berlusconi,/home/mhetac/Documents/GitHub/crossdem/datasets/prime_ministers/berlusconi/csv_out/82551_berlusconi_s2t.csv,6.442861987114276,0.0,2949
berlusconi,/home/mhetac/Documents/GitHub/crossdem/datasets/prime_ministers/berlusconi/csv_out/76575_berlusconi_s2t.csv,1.8034265103697025,0.0,1109
berlusconi,/home/mhetac/Documents/GitHub/crossdem/datasets/prime_ministers/berlusconi/csv_out/75146_berlusconi_s2t.csv,0.0,0.0,50
berlusconi,/home/mhetac/Documents/GitHub/crossdem/datasets/prime_ministers/berlusconi/csv_out/74157_berlusconi_s2t.csv,1.223391240518718,0.0,4087
berlusconi,/home/mhetac/Documents/GitHub/crossdem/datasets/prime_ministers/berlusconi/csv_out/73731_berlusconi_s2t.csv,2.5323579065841306,0.0,3554
berlusconi,/home/mhetac/Documents/GitHub/crossdem/datasets/prime_ministers/berlusconi/csv_out/73480_berlusconi_s2t.csv,1.2820512820512822,0.0,4680
berlusconi,/home/mhetac/Documents/GitHub/crossdem/datasets/prime_ministers/berlusconi/csv_out/72335_berlusconi_s2t.csv,0.0,0.0,3050
berlusconi,/home/mhetac/Documents/GitHub/crossdem/datasets/prime_ministers/berlusconi/csv_out/70967_berlusconi_s2t.csv,2.0052135552436336,0.0,4987
berlusconi,/home/mhetac/Documents/GitHub/crossdem/datasets/prime_ministers/berlusconi/csv_out/70978_berlusconi_s2t.csv,0.7342143906020558,0.0,2724
berlusconi,/home/mhetac/Documents/GitHub/crossdem/datasets/prime_ministers/berlusconi/csv_out/70210_berlusconi_s2t.csv,1.098297638660077,0.0,1821
berlusconi,/home/mhetac/Documents/GitHub/crossdem/datasets/prime_ministers/berlusconi/csv_out/67932_berlusconi_s2t.csv,0.0,0.0,2779
berlusconi,/home/mhetac/Documents/GitHub/crossdem/datasets/prime_ministers/berlusconi/csv_out/72531_berlusconi_s2t.csv,6.4,0.0,1250
berlusconi,/home/mhetac/Documents/GitHub/crossdem/datasets/prime_ministers/berlusconi/csv_out/66282_berlusconi_s2t.csv,1.5122873345935728,0.0,2645
berlusconi,/home/mhetac/Documents/GitHub/crossdem/datasets/prime_ministers/berlusconi/csv_out/77500_berlusconi_s2t.csv,0.7598784194528876,0.0,2632
berlusconi,/home/mhetac/Documents/GitHub/crossdem/datasets/prime_ministers/berlusconi/csv_out/60150_berlusconi_s2t.csv,3.9318479685452163,0.0,5341
berlusconi,/home/mhetac/Documents/GitHub/crossdem/datasets/prime_ministers/berlusconi/csv_out/76639_berlusconi_s2t.csv,2.2836263987211693,26.31578947368421,4379
berlusconi,/home/mhetac/Documents/GitHub/crossdem/datasets/prime_ministers/berlusconi/csv_out/25870_berlusconi_s2t.csv,0.0,0.0,281
berlusconi,/home/mhetac/Documents/GitHub/crossdem/datasets/prime_ministers/berlusconi/csv_out/17074_berlusconi_s2t.csv,0.0,0.0,272
berlusconi,/home/mhetac/Documents/GitHub/crossdem/datasets/prime_ministers/berlusconi/csv_out/75598_berlusconi_s2t.csv,0.36656891495601174,0.0,2728
berlusconi,/home/mhetac/Documents/GitHub/crossdem/datasets/prime_ministers/berlusconi/csv_out/63461_berlusconi_s2t.csv,1.7035775127768313,0.0,2935
berlusconi,/home/mhetac/Documents/GitHub/crossdem/datasets/prime_ministers/berlusconi/csv_out/158248_berlusconi_s2t.csv,7.805325987144169,0.0,2178
berlusconi,/home/mhetac/Documents/GitHub/crossdem/datasets/prime_ministers/berlusconi/csv_out/157192_berlusconi_s2t.csv,0.0,0.0,460
berlusconi,/home/mhetac/Documents/GitHub/crossdem/datasets/prime_ministers/berlusconi/csv_out/128564_berlusconi_s2t.csv,0.675219446320054,0.0,1481
berlusconi,/home/mhetac/Documents/GitHub/crossdem/datasets/prime_ministers/berlusconi/csv_out/81108_berlusconi_s2t.csv,0.0,0.0,424
berlusconi,/home/mhetac/Documents/GitHub/crossdem/datasets/prime_ministers/berlusconi/csv_out/71500_berlusconi_s2t.csv,1.5608740894901145,0.0,3844
berlusconi,/home/mhetac/Documents/GitHub/crossdem/datasets/prime_ministers/berlusconi/csv_out/593118_berlusconi_s2t.csv,2.074688796680498,0.0,964
berlusconi,/home/mhetac/Documents/GitHub/crossdem/datasets/prime_ministers/berlusconi/csv_out/586387_berlusconi_s2t.csv,0.0,0.0,579
berlusconi,/home/mhetac/Documents/GitHub/crossdem/datasets/prime_ministers/berlusconi/csv_out/541814_berlusconi_s2t.csv,0.0,0.0,714
berlusconi,/home/mhetac/Documents/GitHub/crossdem/datasets/prime_ministers/berlusconi/csv_out/539234_berlusconi_s2t.csv,6.006006006006006,0.0,333
berlusconi,/home/mhetac/Documents/GitHub/crossdem/datasets/prime_ministers/berlusconi/csv_out/378847_berlusconi_s2t.csv,0.0,0.0,508
berlusconi,/home/mhetac/Documents/GitHub/crossdem/datasets/prime_ministers/berlusconi/csv_out/343519_berlusconi_s2t.csv,0.0,0.0,378
berlusconi,/home/mhetac/Documents/GitHub/crossdem/datasets/prime_ministers/berlusconi/csv_out/340373_berlusconi_s2t.csv,0.0,0.0,232
berlusconi,/home/mhetac/Documents/GitHub/crossdem/datasets/prime_ministers/berlusconi/csv_out/338828_berlusconi_s2t.csv,0.0,0.0,478
berlusconi,/home/mhetac/Documents/GitHub/crossdem/datasets/prime_ministers/berlusconi/csv_out/338574_berlusconi_s2t.csv,2.0100502512562812,0.0,995
berlusconi,/home/mhetac/Documents/GitHub/crossdem/datasets/prime_ministers/berlusconi/csv_out/335561_berlusconi_s2t.csv,1.358695652173913,0.0,736
berlusconi,/home/mhetac/Documents/GitHub/crossdem/datasets/prime_ministers/berlusconi/csv_out/323298_berlusconi_s2t.csv,1.0351966873706004,0.0,966
berlusconi,/home/mhetac/Documents/GitHub/crossdem/datasets/prime_ministers/berlusconi/csv_out/314448_berlusconi_s2t.csv,3.5767511177347244,0.0,3355
berlusconi,/home/mhetac/Documents/GitHub/crossdem/datasets/prime_ministers/berlusconi/csv_out/311219_berlusconi_s2t.csv,3.717472118959108,0.0,538
berlusconi,/home/mhetac/Documents/GitHub/crossdem/datasets/prime_ministers/berlusconi/csv_out/287272_berlusconi_s2t.csv,0.0,0.0,752
berlusconi,/home/mhetac/Documents/GitHub/crossdem/datasets/prime_ministers/berlusconi/csv_out/284765_berlusconi_s2t.csv,0.0,0.0,116
berlusconi,/home/mhetac/Documents/GitHub/crossdem/datasets/prime_ministers/berlusconi/csv_out/279208_berlusconi_s2t.csv,0.0,0.0,791
berlusconi,/home/mhetac/Documents/GitHub/crossdem/datasets/prime_ministers/berlusconi/csv_out/279107_berlusconi_s2t.csv,0.0,0.0,496
berlusconi,/home/mhetac/Documents/GitHub/crossdem/datasets/prime_ministers/berlusconi/csv_out/275669_berlusconi_s2t.csv,0.0,0.0,363
berlusconi,/home/mhetac/Documents/GitHub/crossdem/datasets/prime_ministers/berlusconi/csv_out/252827_berlusconi_s2t.csv,1.0405827263267429,0.0,961
berlusconi,/home/mhetac/Documents/GitHub/crossdem/datasets/prime_ministers/berlusconi/csv_out/246208_berlusconi_s2t.csv,0.0,0.0,625
berlusconi,/home/mhetac/Documents/GitHub/crossdem/datasets/prime_ministers/berlusconi/csv_out/245868_berlusconi_s2t.csv,0.9363295880149812,0.0,1068
berlusconi,/home/mhetac/Documents/GitHub/crossdem/datasets/prime_ministers/berlusconi/csv_out/245519_berlusconi_s2t.csv,2.484472049689441,0.0,805
berlusconi,/home/mhetac/Documents/GitHub/crossdem/datasets/prime_ministers/berlusconi/csv_out/245204_berlusconi_s2t.csv,1.0300782859497322,0.0,4854
berlusconi,/home/mhetac/Documents/GitHub/crossdem/datasets/prime_ministers/berlusconi/csv_out/239935_berlusconi_s2t.csv,0.0,0.0,805
berlusconi,/home/mhetac/Documents/GitHub/crossdem/datasets/prime_ministers/berlusconi/csv_out/239735_berlusconi_s2t.csv,0.0,0.0,805
berlusconi,/home/mhetac/Documents/GitHub/crossdem/datasets/prime_ministers/berlusconi/csv_out/227467_berlusconi_s2t.csv,0.0,0.0,679
berlusconi,/home/mhetac/Documents/GitHub/crossdem/datasets/prime_ministers/berlusconi/csv_out/294932_berlusconi_s2t.csv,0.0,0.0,1286
berlusconi,/home/mhetac/Documents/GitHub/crossdem/datasets/prime_ministers/berlusconi/csv_out/224339_berlusconi_s2t.csv,0.0,0.0,1247
berlusconi,/home/mhetac/Documents/GitHub/crossdem/datasets/prime_ministers/berlusconi/csv_out/223030_berlusconi_s2t.csv,0.6825938566552902,0.0,1465
berlusconi,/home/mhetac/Documents/GitHub/crossdem/datasets/prime_ministers/berlusconi/csv_out/203972_berlusconi_s2t.csv,0.0,0.0,425
berlusconi,/home/mhetac/Documents/GitHub/crossdem/datasets/prime_ministers/berlusconi/csv_out/211688_berlusconi_s2t.csv,2.86368843069874,0.0,1746
berlusconi,/home/mhetac/Documents/GitHub/crossdem/datasets/prime_ministers/berlusconi/csv_out/204874_berlusconi_s2t.csv,0.0,0.0,194
berlusconi,/home/mhetac/Documents/GitHub/crossdem/datasets/prime_ministers/berlusconi/csv_out/204740_berlusconi_s2t.csv,9.507346585998272,0.0,1157
berlusconi,/home/mhetac/Documents/GitHub/crossdem/datasets/prime_ministers/berlusconi/csv_out/261733_berlusconi_s2t.csv,4.081632653061225,0.0,1225
berlusconi,/home/mhetac/Documents/GitHub/crossdem/datasets/prime_ministers/berlusconi/csv_out/261734_berlusconi_s2t.csv,3.0627871362940278,0.0,1306
berlusconi,/home/mhetac/Documents/GitHub/crossdem/datasets/prime_ministers/berlusconi/csv_out/193546_berlusconi_s2t.csv,0.0,0.0,195
berlusconi,/home/mhetac/Documents/GitHub/crossdem/datasets/prime_ministers/berlusconi/csv_out/193465_berlusconi_s2t.csv,0.0,0.0,490
berlusconi,/home/mhetac/Documents/GitHub/crossdem/datasets/prime_ministers/berlusconi/csv_out/193444_berlusconi_s2t.csv,4.6801872074882995,0.0,641
berlusconi,/home/mhetac/Documents/GitHub/crossdem/datasets/prime_ministers/berlusconi/csv_out/194045_berlusconi_s2t.csv,2.609262883235486,0.0,1533
berlusconi,/home/mhetac/Documents/GitHub/crossdem/datasets/prime_ministers/berlusconi/csv_out/193432_berlusconi_s2t.csv,0.0,0.0,481
berlusconi,/home/mhetac/Documents/GitHub/crossdem/datasets/prime_ministers/berlusconi/csv_out/193422_berlusconi_s2t.csv,0.0,0.0,802
berlusconi,/home/mhetac/Documents/GitHub/crossdem/datasets/prime_ministers/berlusconi/csv_out/261706_berlusconi_s2t.csv,0.0,0.0,204
berlusconi,/home/mhetac/Documents/GitHub/crossdem/datasets/prime_ministers/berlusconi/csv_out/194025_berlusconi_s2t.csv,0.0,0.0,282
berlusconi,/home/mhetac/Documents/GitHub/crossdem/datasets/prime_ministers/berlusconi/csv_out/163315_berlusconi_s2t.csv,6.292006292006292,4.366812227074236,6993
berlusconi,/home/mhetac/Documents/GitHub/crossdem/datasets/prime_ministers/berlusconi/csv_out/163295_berlusconi_s2t.csv,1.1771630370806356,0.0,1699
berlusconi,/home/mhetac/Documents/GitHub/crossdem/datasets/prime_ministers/berlusconi/csv_out/163254_berlusconi_s2t.csv,0.0,0.0,1453
berlusconi,/home/mhetac/Documents/GitHub/crossdem/datasets/prime_ministers/berlusconi/csv_out/162171_berlusconi_s2t.csv,0.0,0.0,243
berlusconi,/home/mhetac/Documents/GitHub/crossdem/datasets/prime_ministers/berlusconi/csv_out/162101_berlusconi_s2t.csv,1.1750881316098707,0.0,851
berlusconi,/home/mhetac/Documents/GitHub/crossdem/datasets/prime_ministers/berlusconi/csv_out/162099_berlusconi_s2t.csv,0.0,0.0,176
berlusconi,/home/mhetac/Documents/GitHub/crossdem/datasets/prime_ministers/berlusconi/csv_out/162100_berlusconi_s2t.csv,0.0,0.0,1971
berlusconi,/home/mhetac/Documents/GitHub/crossdem/datasets/prime_ministers/berlusconi/csv_out/162087_berlusconi_s2t.csv,0.0,0.0,659
berlusconi,/home/mhetac/Documents/GitHub/crossdem/datasets/prime_ministers/berlusconi/csv_out/162125_berlusconi_s2t.csv,3.267003267003267,0.0,3367
berlusconi,/home/mhetac/Documents/GitHub/crossdem/datasets/prime_ministers/berlusconi/csv_out/161304_berlusconi_s2t.csv,0.0,0.0,51
berlusconi,/home/mhetac/Documents/GitHub/crossdem/datasets/prime_ministers/berlusconi/csv_out/157652_berlusconi_s2t.csv,0.0,0.0,520
berlusconi,/home/mhetac/Documents/GitHub/crossdem/datasets/prime_ministers/berlusconi/csv_out/157694_berlusconi_s2t.csv,0.0,0.0,1930
berlusconi,/home/mhetac/Documents/GitHub/crossdem/datasets/prime_ministers/berlusconi/csv_out/155920_berlusconi_s2t.csv,1.5257469802924348,0.0,7865
berlusconi,/home/mhetac/Documents/GitHub/crossdem/datasets/prime_ministers/berlusconi/csv_out/154550_berlusconi_s2t.csv,0.0,0.0,265
berlusconi,/home/mhetac/Documents/GitHub/crossdem/datasets/prime_ministers/berlusconi/csv_out/149912_berlusconi_s2t.csv,0.0,0.0,454
berlusconi,/home/mhetac/Documents/GitHub/crossdem/datasets/prime_ministers/berlusconi/csv_out/149186_berlusconi_s2t.csv,2.935420743639922,0.0,1022
berlusconi,/home/mhetac/Documents/GitHub/crossdem/datasets/prime_ministers/berlusconi/csv_out/144318_berlusconi_s2t.csv,5.46448087431694,0.0,1281
berlusconi,/home/mhetac/Documents/GitHub/crossdem/datasets/prime_ministers/berlusconi/csv_out/143685_berlusconi_s2t.csv,1.976284584980237,0.0,506
berlusconi,/home/mhetac/Documents/GitHub/crossdem/datasets/prime_ministers/berlusconi/csv_out/146613_berlusconi_s2t.csv,1.422475106685633,0.0,703
berlusconi,/home/mhetac/Documents/GitHub/crossdem/datasets/prime_ministers/berlusconi/csv_out/143051_berlusconi_s2t.csv,0.0,0.0,629
berlusconi,/home/mhetac/Documents/GitHub/crossdem/datasets/prime_ministers/berlusconi/csv_out/141255_berlusconi_s2t.csv,0.0,0.0,539
berlusconi,/home/mhetac/Documents/GitHub/crossdem/datasets/prime_ministers/berlusconi/csv_out/145389_berlusconi_s2t.csv,0.0,0.0,1262
berlusconi,/home/mhetac/Documents/GitHub/crossdem/datasets/prime_ministers/berlusconi/csv_out/140484_berlusconi_s2t.csv,0.0,0.0,542
berlusconi,/home/mhetac/Documents/GitHub/crossdem/datasets/prime_ministers/berlusconi/csv_out/141018_berlusconi_s2t.csv,0.0,0.0,149
berlusconi,/home/mhetac/Documents/GitHub/crossdem/datasets/prime_ministers/berlusconi/csv_out/142944_berlusconi_s2t.csv,0.0,0.0,683
berlusconi,/home/mhetac/Documents/GitHub/crossdem/datasets/prime_ministers/berlusconi/csv_out/129642_berlusconi_s2t.csv,3.6306235201262824,0.0,6335
berlusconi,/home/mhetac/Documents/GitHub/crossdem/datasets/prime_ministers/berlusconi/csv_out/129586_berlusconi_s2t.csv,0.0,0.0,595
berlusconi,/home/mhetac/Documents/GitHub/crossdem/datasets/prime_ministers/berlusconi/csv_out/129585_berlusconi_s2t.csv,0.0,0.0,10
berlusconi,/home/mhetac/Documents/GitHub/crossdem/datasets/prime_ministers/berlusconi/csv_out/129463_berlusconi_s2t.csv,0.0,0.0,60
berlusconi,/home/mhetac/Documents/GitHub/crossdem/datasets/prime_ministers/berlusconi/csv_out/127736_berlusconi_s2t.csv,2.242152466367713,0.0,892
berlusconi,/home/mhetac/Documents/GitHub/crossdem/datasets/prime_ministers/berlusconi/csv_out/131089_berlusconi_s2t.csv,4.126547455295736,0.0,1454
berlusconi,/home/mhetac/Documents/GitHub/crossdem/datasets/prime_ministers/berlusconi/csv_out/127306_berlusconi_s2t.csv,4.048582995951417,0.0,247
berlusconi,/home/mhetac/Documents/GitHub/crossdem/datasets/prime_ministers/berlusconi/csv_out/126059_berlusconi_s2t.csv,1.0141987829614605,0.0,986
berlusconi,/home/mhetac/Documents/GitHub/crossdem/datasets/prime_ministers/berlusconi/csv_out/124537_berlusconi_s2t.csv,0.8071025020177562,0.0,1239
berlusconi,/home/mhetac/Documents/GitHub/crossdem/datasets/prime_ministers/berlusconi/csv_out/123646_berlusconi_s2t.csv,1.8639328984156571,0.0,1073
berlusconi,/home/mhetac/Documents/GitHub/crossdem/datasets/prime_ministers/berlusconi/csv_out/117398_berlusconi_s2t.csv,0.0,0.0,629
berlusconi,/home/mhetac/Documents/GitHub/crossdem/datasets/prime_ministers/berlusconi/csv_out/117209_berlusconi_s2t.csv,0.0,0.0,780
berlusconi,/home/mhetac/Documents/GitHub/crossdem/datasets/prime_ministers/berlusconi/csv_out/117069_berlusconi_s2t.csv,0.9254974548819991,0.0,2161
berlusconi,/home/mhetac/Documents/GitHub/crossdem/datasets/prime_ministers/berlusconi/csv_out/117285_berlusconi_s2t.csv,0.9372071227741331,0.0,1067
berlusconi,/home/mhetac/Documents/GitHub/crossdem/datasets/prime_ministers/berlusconi/csv_out/115418_berlusconi_s2t.csv,0.574052812858783,0.0,1742
berlusconi,/home/mhetac/Documents/GitHub/crossdem/datasets/prime_ministers/berlusconi/csv_out/115470_berlusconi_s2t.csv,0.3667033370003667,0.0,2727
berlusconi,/home/mhetac/Documents/GitHub/crossdem/datasets/prime_ministers/berlusconi/csv_out/115234_berlusconi_s2t.csv,1.8552875695732838,0.0,539
berlusconi,/home/mhetac/Documents/GitHub/crossdem/datasets/prime_ministers/berlusconi/csv_out/113957_berlusconi_s2t.csv,1.4895729890764648,0.0,2014
berlusconi,/home/mhetac/Documents/GitHub/crossdem/datasets/prime_ministers/berlusconi/csv_out/112642_berlusconi_s2t.csv,0.0,0.0,40
berlusconi,/home/mhetac/Documents/GitHub/crossdem/datasets/prime_ministers/berlusconi/csv_out/112378_berlusconi_s2t.csv,0.5798782255726298,0.0,3449
berlusconi,/home/mhetac/Documents/GitHub/crossdem/datasets/prime_ministers/berlusconi/csv_out/115452_berlusconi_s2t.csv,4.928536224741252,0.0,2029
berlusconi,/home/mhetac/Documents/GitHub/crossdem/datasets/prime_ministers/berlusconi/csv_out/112439_berlusconi_s2t.csv,0.0,0.0,753
berlusconi,/home/mhetac/Documents/GitHub/crossdem/datasets/prime_ministers/berlusconi/csv_out/112398_berlusconi_s2t.csv,0.7843137254901961,0.0,1275
berlusconi,/home/mhetac/Documents/GitHub/crossdem/datasets/prime_ministers/berlusconi/csv_out/111896_berlusconi_s2t.csv,3.2639738882088944,0.0,2451
berlusconi,/home/mhetac/Documents/GitHub/crossdem/datasets/prime_ministers/berlusconi/csv_out/111034_berlusconi_s2t.csv,2.6881720430107525,0.0,744
berlusconi,/home/mhetac/Documents/GitHub/crossdem/datasets/prime_ministers/berlusconi/csv_out/111002_berlusconi_s2t.csv,0.0,0.0,928
berlusconi,/home/mhetac/Documents/GitHub/crossdem/datasets/prime_ministers/berlusconi/csv_out/109094_berlusconi_s2t.csv,1.3761467889908257,0.0,2180
berlusconi,/home/mhetac/Documents/GitHub/crossdem/datasets/prime_ministers/berlusconi/csv_out/108345_berlusconi_s2t.csv,0.0,0.0,1060
berlusconi,/home/mhetac/Documents/GitHub/crossdem/datasets/prime_ministers/berlusconi/csv_out/108211_berlusconi_s2t.csv,2.2123893805309733,0.0,904
berlusconi,/home/mhetac/Documents/GitHub/crossdem/datasets/prime_ministers/berlusconi/csv_out/107721_berlusconi_s2t.csv,4.979253112033195,0.0,1205
berlusconi,/home/mhetac/Documents/GitHub/crossdem/datasets/prime_ministers/berlusconi/csv_out/107694_berlusconi_s2t.csv,0.0,0.0,351
berlusconi,/home/mhetac/Documents/GitHub/crossdem/datasets/prime_ministers/berlusconi/csv_out/106794_berlusconi_s2t.csv,0.0,0.0,1217
berlusconi,/home/mhetac/Documents/GitHub/crossdem/datasets/prime_ministers/berlusconi/csv_out/105760_berlusconi_s2t.csv,0.9250693802035153,0.0,2162
berlusconi,/home/mhetac/Documents/GitHub/crossdem/datasets/prime_ministers/berlusconi/csv_out/105434_berlusconi_s2t.csv,0.0,0.0,17
berlusconi,/home/mhetac/Documents/GitHub/crossdem/datasets/prime_ministers/berlusconi/csv_out/105433_berlusconi_s2t.csv,0.0,0.0,55
berlusconi,/home/mhetac/Documents/GitHub/crossdem/datasets/prime_ministers/berlusconi/csv_out/104884_berlusconi_s2t.csv,4.233700254022016,0.0,2362
berlusconi,/home/mhetac/Documents/GitHub/crossdem/datasets/prime_ministers/berlusconi/csv_out/104824_berlusconi_s2t.csv,3.171247357293869,0.0,946
berlusconi,/home/mhetac/Documents/GitHub/crossdem/datasets/prime_ministers/berlusconi/csv_out/104668_berlusconi_s2t.csv,1.8001800180018002,0.0,1111
berlusconi,/home/mhetac/Documents/GitHub/crossdem/datasets/prime_ministers/berlusconi/csv_out/115306_berlusconi_s2t.csv,0.0,0.0,70
berlusconi,/home/mhetac/Documents/GitHub/crossdem/datasets/prime_ministers/berlusconi/csv_out/103103_berlusconi_s2t.csv,0.0,0.0,434
berlusconi,/home/mhetac/Documents/GitHub/crossdem/datasets/prime_ministers/berlusconi/csv_out/103125_berlusconi_s2t.csv,3.717472118959108,0.0,538
berlusconi,/home/mhetac/Documents/GitHub/crossdem/datasets/prime_ministers/berlusconi/csv_out/103053_berlusconi_s2t.csv,4.562737642585551,0.0,1315
berlusconi,/home/mhetac/Documents/GitHub/crossdem/datasets/prime_ministers/berlusconi/csv_out/103147_berlusconi_s2t.csv,5.780346820809249,0.0,519
berlusconi,/home/mhetac/Documents/GitHub/crossdem/datasets/prime_ministers/berlusconi/csv_out/102383_berlusconi_s2t.csv,1.9102196752626552,0.0,1047
berlusconi,/home/mhetac/Documents/GitHub/crossdem/datasets/prime_ministers/berlusconi/csv_out/102364_berlusconi_s2t.csv,0.0,0.0,25
berlusconi,/home/mhetac/Documents/GitHub/crossdem/datasets/prime_ministers/berlusconi/csv_out/101994_berlusconi_s2t.csv,3.1746031746031744,0.0,630
berlusconi,/home/mhetac/Documents/GitHub/crossdem/datasets/prime_ministers/berlusconi/csv_out/99655_berlusconi_s2t.csv,1.0565240359218173,0.0,1893
berlusconi,/home/mhetac/Documents/GitHub/crossdem/datasets/prime_ministers/berlusconi/csv_out/98696_berlusconi_s2t.csv,4.37956204379562,0.0,685
berlusconi,/home/mhetac/Documents/GitHub/crossdem/datasets/prime_ministers/berlusconi/csv_out/98557_berlusconi_s2t.csv,0.0,0.0,939
berlusconi,/home/mhetac/Documents/GitHub/crossdem/datasets/prime_ministers/berlusconi/csv_out/122559_berlusconi_s2t.csv,0.0,0.0,208
berlusconi,/home/mhetac/Documents/GitHub/crossdem/datasets/prime_ministers/berlusconi/csv_out/97545_berlusconi_s2t.csv,0.0,0.0,131
berlusconi,/home/mhetac/Documents/GitHub/crossdem/datasets/prime_ministers/berlusconi/csv_out/95230_berlusconi_s2t.csv,0.0,0.0,599
berlusconi,/home/mhetac/Documents/GitHub/crossdem/datasets/prime_ministers/berlusconi/csv_out/95188_berlusconi_s2t.csv,0.0,0.0,233
berlusconi,/home/mhetac/Documents/GitHub/crossdem/datasets/prime_ministers/berlusconi/csv_out/95194_berlusconi_s2t.csv,1.5360983102918586,0.0,651
berlusconi,/home/mhetac/Documents/GitHub/crossdem/datasets/prime_ministers/berlusconi/csv_out/93837_berlusconi_s2t.csv,0.6277463904582549,0.0,1593
berlusconi,/home/mhetac/Documents/GitHub/crossdem/datasets/prime_ministers/berlusconi/csv_out/91549_berlusconi_s2t.csv,0.0,0.0,640
berlusconi,/home/mhetac/Documents/GitHub/crossdem/datasets/prime_ministers/berlusconi/csv_out/91494_berlusconi_s2t.csv,0.0,0.0,617
berlusconi,/home/mhetac/Documents/GitHub/crossdem/datasets/prime_ministers/berlusconi/csv_out/91304_berlusconi_s2t.csv,0.0,0.0,335
berlusconi,/home/mhetac/Documents/GitHub/crossdem/datasets/prime_ministers/berlusconi/csv_out/90960_berlusconi_s2t.csv,0.0,0.0,366
berlusconi,/home/mhetac/Documents/GitHub/crossdem/datasets/prime_ministers/berlusconi/csv_out/90926_berlusconi_s2t.csv,0.0,0.0,418
berlusconi,/home/mhetac/Documents/GitHub/crossdem/datasets/prime_ministers/berlusconi/csv_out/90841_berlusconi_s2t.csv,0.8156606851549756,0.0,1226
berlusconi,/home/mhetac/Documents/GitHub/crossdem/datasets/prime_ministers/berlusconi/csv_out/89424_berlusconi_s2t.csv,3.663003663003663,0.0,273
berlusconi,/home/mhetac/Documents/GitHub/crossdem/datasets/prime_ministers/berlusconi/csv_out/89334_berlusconi_s2t.csv,7.407407407407407,0.0,135
berlusconi,/home/mhetac/Documents/GitHub/crossdem/datasets/prime_ministers/berlusconi/csv_out/88055_berlusconi_s2t.csv,1.9455252918287937,0.0,1028
berlusconi,/home/mhetac/Documents/GitHub/crossdem/datasets/prime_ministers/berlusconi/csv_out/80353_berlusconi_s2t.csv,0.0,0.0,191
berlusconi,/home/mhetac/Documents/GitHub/crossdem/datasets/prime_ministers/berlusconi/csv_out/80395_berlusconi_s2t.csv,0.0,0.0,272
berlusconi,/home/mhetac/Documents/GitHub/crossdem/datasets/prime_ministers/berlusconi/csv_out/78415_berlusconi_s2t.csv,1.644736842105263,0.0,1216
berlusconi,/home/mhetac/Documents/GitHub/crossdem/datasets/prime_ministers/berlusconi/csv_out/78266_berlusconi_s2t.csv,4.705882352941177,0.0,850
berlusconi,/home/mhetac/Documents/GitHub/crossdem/datasets/prime_ministers/berlusconi/csv_out/77932_berlusconi_s2t.csv,0.0,0.0,268
berlusconi,/home/mhetac/Documents/GitHub/crossdem/datasets/prime_ministers/berlusconi/csv_out/71778_berlusconi_s2t.csv,0.0,0.0,132
berlusconi,/home/mhetac/Documents/GitHub/crossdem/datasets/prime_ministers/berlusconi/csv_out/70901_berlusconi_s2t.csv,6.116207951070336,0.0,327
berlusconi,/home/mhetac/Documents/GitHub/crossdem/datasets/prime_ministers/berlusconi/csv_out/79614_berlusconi_s2t.csv,2.638522427440633,0.0,379
berlusconi,/home/mhetac/Documents/GitHub/crossdem/datasets/prime_ministers/berlusconi/csv_out/62407_berlusconi_s2t.csv,0.254841997961264,0.0,3924
berlusconi,/home/mhetac/Documents/GitHub/crossdem/datasets/prime_ministers/berlusconi/csv_out/70068_berlusconi_s2t.csv,0.0,0.0,805
berlusconi,/home/mhetac/Documents/GitHub/crossdem/datasets/prime_ministers/berlusconi/csv_out/26691_berlusconi_s2t.csv,1.4498006524102935,0.0,2759
berlusconi,/home/mhetac/Documents/GitHub/crossdem/datasets/prime_ministers/berlusconi/csv_out/24271_berlusconi_s2t.csv,0.0,0.0,105
berlusconi,/home/mhetac/Documents/GitHub/crossdem/datasets/prime_ministers/berlusconi/csv_out/442936_berlusconi_s2t.csv,3.841015364061456,0.0,5988
berlusconi,/home/mhetac/Documents/GitHub/crossdem/datasets/prime_ministers/berlusconi/csv_out/430454_berlusconi_s2t.csv,8.328375966686496,0.0,1681
berlusconi,/home/mhetac/Documents/GitHub/crossdem/datasets/prime_ministers/berlusconi/csv_out/427514_berlusconi_s2t.csv,1.8018018018018018,31.25,5550
berlusconi,/home/mhetac/Documents/GitHub/crossdem/datasets/prime_ministers/berlusconi/csv_out/413885_berlusconi_s2t.csv,3.5403926617315737,0.0,3107
berlusconi,/home/mhetac/Documents/GitHub/crossdem/datasets/prime_ministers/berlusconi/csv_out/406016_berlusconi_s2t.csv,0.2569373072970195,0.0,3892
berlusconi,/home/mhetac/Documents/GitHub/crossdem/datasets/prime_ministers/berlusconi/csv_out/398756_berlusconi_s2t.csv,1.1280315848843767,0.0,3546
berlusconi,/home/mhetac/Documents/GitHub/crossdem/datasets/prime_ministers/berlusconi/csv_out/381458_berlusconi_s2t.csv,1.4477017734346724,0.0,2763
berlusconi,/home/mhetac/Documents/GitHub/crossdem/datasets/prime_ministers/berlusconi/csv_out/369265_berlusconi_s2t.csv,2.857142857142857,0.0,1750
berlusconi,/home/mhetac/Documents/GitHub/crossdem/datasets/prime_ministers/berlusconi/csv_out/316761_berlusconi_s2t.csv,1.8429782528566163,0.0,2713
berlusconi,/home/mhetac/Documents/GitHub/crossdem/datasets/prime_ministers/berlusconi/csv_out/300084_berlusconi_s2t.csv,1.9411193788417989,0.0,6182
berlusconi,/home/mhetac/Documents/GitHub/crossdem/datasets/prime_ministers/berlusconi/csv_out/293121_berlusconi_s2t.csv,6.058673469387755,0.0,3136
berlusconi,/home/mhetac/Documents/GitHub/crossdem/datasets/prime_ministers/berlusconi/csv_out/280621_berlusconi_s2t.csv,2.2685089709218396,0.0,4849
berlusconi,/home/mhetac/Documents/GitHub/crossdem/datasets/prime_ministers/berlusconi/csv_out/272818_berlusconi_s2t.csv,2.2158911047799936,0.0,3159
berlusconi,/home/mhetac/Documents/GitHub/crossdem/datasets/prime_ministers/berlusconi/csv_out/269631_berlusconi_s2t.csv,0.0,0.0,1205
berlusconi,/home/mhetac/Documents/GitHub/crossdem/datasets/prime_ministers/berlusconi/csv_out/258584_berlusconi_s2t.csv,1.387443635102324,0.0,2883
berlusconi,/home/mhetac/Documents/GitHub/crossdem/datasets/prime_ministers/berlusconi/csv_out/251613_berlusconi_s2t.csv,1.4347202295552368,0.0,697
berlusconi,/home/mhetac/Documents/GitHub/crossdem/datasets/prime_ministers/berlusconi/csv_out/250909_berlusconi_s2t.csv,1.492537313432836,0.0,6700
berlusconi,/home/mhetac/Documents/GitHub/crossdem/datasets/prime_ministers/berlusconi/csv_out/249541_berlusconi_s2t.csv,1.9755037534571316,0.0,2531
berlusconi,/home/mhetac/Documents/GitHub/crossdem/datasets/prime_ministers/berlusconi/csv_out/249295_berlusconi_s2t.csv,0.0,0.0,389
berlusconi,/home/mhetac/Documents/GitHub/crossdem/datasets/prime_ministers/berlusconi/csv_out/249011_berlusconi_s2t.csv,0.9768350544236674,5.780346820809249,7166
berlusconi,/home/mhetac/Documents/GitHub/crossdem/datasets/prime_ministers/berlusconi/csv_out/248578_berlusconi_s2t.csv,0.43449923962633064,10.1010101010101,4603
berlusconi,/home/mhetac/Documents/GitHub/crossdem/datasets/prime_ministers/berlusconi/csv_out/248606_berlusconi_s2t.csv,0.3589375448671931,0.0,2786
berlusconi,/home/mhetac/Documents/GitHub/crossdem/datasets/prime_ministers/berlusconi/csv_out/247988_berlusconi_s2t.csv,0.0,0.0,4127
berlusconi,/home/mhetac/Documents/GitHub/crossdem/datasets/prime_ministers/berlusconi/csv_out/243482_berlusconi_s2t.csv,1.5267175572519085,0.0,655
berlusconi,/home/mhetac/Documents/GitHub/crossdem/datasets/prime_ministers/berlusconi/csv_out/243330_berlusconi_s2t.csv,1.181753722524226,0.0,4231
berlusconi,/home/mhetac/Documents/GitHub/crossdem/datasets/prime_ministers/berlusconi/csv_out/242776_berlusconi_s2t.csv,0.6114338122898196,0.0,3271
berlusconi,/home/mhetac/Documents/GitHub/crossdem/datasets/prime_ministers/berlusconi/csv_out/241700_berlusconi_s2t.csv,3.9840637450199203,0.0,753
berlusconi,/home/mhetac/Documents/GitHub/crossdem/datasets/prime_ministers/berlusconi/csv_out/236827_berlusconi_s2t.csv,2.141744548286604,0.0,5136
berlusconi,/home/mhetac/Documents/GitHub/crossdem/datasets/prime_ministers/berlusconi/csv_out/236174_berlusconi_s2t.csv,0.6702412868632708,0.0,1492
berlusconi,/home/mhetac/Documents/GitHub/crossdem/datasets/prime_ministers/berlusconi/csv_out/230632_berlusconi_s2t.csv,4.436932178322417,90.9090909090909,4733
berlusconi,/home/mhetac/Documents/GitHub/crossdem/datasets/prime_ministers/berlusconi/csv_out/229245_berlusconi_s2t.csv,0.0,0.0,195
berlusconi,/home/mhetac/Documents/GitHub/crossdem/datasets/prime_ministers/berlusconi/csv_out/228170_berlusconi_s2t.csv,2.2831050228310503,1000.0,1314
berlusconi,/home/mhetac/Documents/GitHub/crossdem/datasets/prime_ministers/berlusconi/csv_out/226373_berlusconi_s2t.csv,3.395585738539898,28.571428571428573,5890
berlusconi,/home/mhetac/Documents/GitHub/crossdem/datasets/prime_ministers/berlusconi/csv_out/226131_berlusconi_s2t.csv,0.9103322712790168,0.0,2197
berlusconi,/home/mhetac/Documents/GitHub/crossdem/datasets/prime_ministers/berlusconi/csv_out/224617_berlusconi_s2t.csv,1.1947431302270013,5.555555555555555,5859
berlusconi,/home/mhetac/Documents/GitHub/crossdem/datasets/prime_ministers/berlusconi/csv_out/224626_berlusconi_s2t.csv,0.7499062617172854,0.0,5334
berlusconi,/home/mhetac/Documents/GitHub/crossdem/datasets/prime_ministers/berlusconi/csv_out/221853_berlusconi_s2t.csv,2.8692237994563574,0.0,6622
berlusconi,/home/mhetac/Documents/GitHub/crossdem/datasets/prime_ministers/berlusconi/csv_out/217229_berlusconi_s2t.csv,1.3610997686130393,0.0,7347
berlusconi,/home/mhetac/Documents/GitHub/crossdem/datasets/prime_ministers/berlusconi/csv_out/215959_berlusconi_s2t.csv,1.4885382554331645,35.714285714285715,6718
berlusconi,/home/mhetac/Documents/GitHub/crossdem/datasets/prime_ministers/berlusconi/csv_out/212509_berlusconi_s2t.csv,1.7730496453900708,0.0,2820
berlusconi,/home/mhetac/Documents/GitHub/crossdem/datasets/prime_ministers/berlusconi/csv_out/209206_berlusconi_s2t.csv,3.8138825324180017,0.0,1311
berlusconi,/home/mhetac/Documents/GitHub/crossdem/datasets/prime_ministers/berlusconi/csv_out/208641_berlusconi_s2t.csv,2.6558073654390935,0.0,5648
berlusconi,/home/mhetac/Documents/GitHub/crossdem/datasets/prime_ministers/berlusconi/csv_out/207565_berlusconi_s2t.csv,0.0,0.0,446
berlusconi,/home/mhetac/Documents/GitHub/crossdem/datasets/prime_ministers/berlusconi/csv_out/207340_berlusconi_s2t.csv,0.9852216748768473,111.11111111111111,6090
berlusconi,/home/mhetac/Documents/GitHub/crossdem/datasets/prime_ministers/berlusconi/csv_out/200250_berlusconi_s2t.csv,0.4452359750667854,0.0,2246
berlusconi,/home/mhetac/Documents/GitHub/crossdem/datasets/prime_ministers/berlusconi/csv_out/199461_berlusconi_s2t.csv,0.0,0.0,1514
berlusconi,/home/mhetac/Documents/GitHub/crossdem/datasets/prime_ministers/berlusconi/csv_out/199460_berlusconi_s2t.csv,0.974342318934719,0.0,3079
berlusconi,/home/mhetac/Documents/GitHub/crossdem/datasets/prime_ministers/berlusconi/csv_out/198698_berlusconi_s2t.csv,1.266624445851805,45.45454545454545,1579
berlusconi,/home/mhetac/Documents/GitHub/crossdem/datasets/prime_ministers/berlusconi/csv_out/198519_berlusconi_s2t.csv,1.4844136566056407,0.0,2021
berlusconi,/home/mhetac/Documents/GitHub/crossdem/datasets/prime_ministers/berlusconi/csv_out/198579_berlusconi_s2t.csv,0.0,0.0,942
berlusconi,/home/mhetac/Documents/GitHub/crossdem/datasets/prime_ministers/berlusconi/csv_out/198466_berlusconi_s2t.csv,1.3394565633371605,15.228426395939087,5226
berlusconi,/home/mhetac/Documents/GitHub/crossdem/datasets/prime_ministers/berlusconi/csv_out/197342_berlusconi_s2t.csv,1.7843487127198572,0.0,3923
berlusconi,/home/mhetac/Documents/GitHub/crossdem/datasets/prime_ministers/berlusconi/csv_out/197239_berlusconi_s2t.csv,1.9383259911894273,500.0,5675
berlusconi,/home/mhetac/Documents/GitHub/crossdem/datasets/prime_ministers/berlusconi/csv_out/246794_berlusconi_s2t.csv,0.8684324793747286,0.0,2303
berlusconi,/home/mhetac/Documents/GitHub/crossdem/datasets/prime_ministers/berlusconi/csv_out/247357_berlusconi_s2t.csv,1.3818027210884354,66.66666666666667,9408
berlusconi,/home/mhetac/Documents/GitHub/crossdem/datasets/prime_ministers/berlusconi/csv_out/245936_berlusconi_s2t.csv,1.0940919037199124,0.0,1828
berlusconi,/home/mhetac/Documents/GitHub/crossdem/datasets/prime_ministers/berlusconi/csv_out/233443_berlusconi_s2t.csv,1.6041065126724414,0.0,3117
berlusconi,/home/mhetac/Documents/GitHub/crossdem/datasets/prime_ministers/berlusconi/csv_out/213580_berlusconi_s2t.csv,2.233389168062535,0.0,1791
berlusconi,/home/mhetac/Documents/GitHub/crossdem/datasets/prime_ministers/berlusconi/csv_out/213159_berlusconi_s2t.csv,0.47337278106508873,0.0,4225
berlusconi,/home/mhetac/Documents/GitHub/crossdem/datasets/prime_ministers/berlusconi/csv_out/233354_berlusconi_s2t.csv,0.0,0.0,294
berlusconi,/home/mhetac/Documents/GitHub/crossdem/datasets/prime_ministers/berlusconi/csv_out/198166_berlusconi_s2t.csv,0.6087662337662337,0.0,4928
berlusconi,/home/mhetac/Documents/GitHub/crossdem/datasets/prime_ministers/berlusconi/csv_out/198159_berlusconi_s2t.csv,0.6718172657037286,0.0,2977
berlusconi,/home/mhetac/Documents/GitHub/crossdem/datasets/prime_ministers/berlusconi/csv_out/194127_berlusconi_s2t.csv,0.0,0.0,669
berlusconi,/home/mhetac/Documents/GitHub/crossdem/datasets/prime_ministers/berlusconi/csv_out/156749_berlusconi_s2t.csv,2.7716186252771617,0.0,3608
berlusconi,/home/mhetac/Documents/GitHub/crossdem/datasets/prime_ministers/berlusconi/csv_out/153291_berlusconi_s2t.csv,3.1330630298562476,0.0,5426
berlusconi,/home/mhetac/Documents/GitHub/crossdem/datasets/prime_ministers/berlusconi/csv_out/150630_berlusconi_s2t.csv,0.5025125628140703,0.0,1990
berlusconi,/home/mhetac/Documents/GitHub/crossdem/datasets/prime_ministers/berlusconi/csv_out/144371_berlusconi_s2t.csv,2.0037570444583594,0.0,7985
berlusconi,/home/mhetac/Documents/GitHub/crossdem/datasets/prime_ministers/berlusconi/csv_out/140867_berlusconi_s2t.csv,0.6230529595015576,0.0,1605
berlusconi,/home/mhetac/Documents/GitHub/crossdem/datasets/prime_ministers/berlusconi/csv_out/140769_berlusconi_s2t.csv,1.5325670498084292,0.0,2610
berlusconi,/home/mhetac/Documents/GitHub/crossdem/datasets/prime_ministers/berlusconi/csv_out/138506_berlusconi_s2t.csv,1.6358962374386539,7.194244604316546,4279
berlusconi,/home/mhetac/Documents/GitHub/crossdem/datasets/prime_ministers/berlusconi/csv_out/140270_berlusconi_s2t.csv,0.6934812760055479,0.0,1442
berlusconi,/home/mhetac/Documents/GitHub/crossdem/datasets/prime_ministers/berlusconi/csv_out/129735_berlusconi_s2t.csv,1.3836726625815379,83.33333333333333,5059
berlusconi,/home/mhetac/Documents/GitHub/crossdem/datasets/prime_ministers/berlusconi/csv_out/130023_berlusconi_s2t.csv,3.0132583366813983,16.949152542372882,4978
berlusconi,/home/mhetac/Documents/GitHub/crossdem/datasets/prime_ministers/berlusconi/csv_out/119631_berlusconi_s2t.csv,0.3258390355164549,0.0,3069
berlusconi,/home/mhetac/Documents/GitHub/crossdem/datasets/prime_ministers/berlusconi/csv_out/130117_berlusconi_s2t.csv,0.9881422924901185,14.925373134328359,3036
berlusconi,/home/mhetac/Documents/GitHub/crossdem/datasets/prime_ministers/berlusconi/csv_out/130239_berlusconi_s2t.csv,2.2675736961451247,0.0,441
berlusconi,/home/mhetac/Documents/GitHub/crossdem/datasets/prime_ministers/berlusconi/csv_out/128587_berlusconi_s2t.csv,4.976671850699844,0.0,3215
berlusconi,/home/mhetac/Documents/GitHub/crossdem/datasets/prime_ministers/berlusconi/csv_out/117922_berlusconi_s2t.csv,3.6407766990291264,0.0,1648
berlusconi,/home/mhetac/Documents/GitHub/crossdem/datasets/prime_ministers/berlusconi/csv_out/116955_berlusconi_s2t.csv,1.0025062656641603,0.0,1995
berlusconi,/home/mhetac/Documents/GitHub/crossdem/datasets/prime_ministers/berlusconi/csv_out/115554_berlusconi_s2t.csv,4.451639012545528,0.0,2471
berlusconi,/home/mhetac/Documents/GitHub/crossdem/datasets/prime_ministers/berlusconi/csv_out/113282_berlusconi_s2t.csv,3.6231884057971016,0.0,552
berlusconi,/home/mhetac/Documents/GitHub/crossdem/datasets/prime_ministers/berlusconi/csv_out/107005_berlusconi_s2t.csv,0.0,0.0,1156
berlusconi,/home/mhetac/Documents/GitHub/crossdem/datasets/prime_ministers/berlusconi/csv_out/112912_berlusconi_s2t.csv,1.5321756894790604,0.0,3916
berlusconi,/home/mhetac/Documents/GitHub/crossdem/datasets/prime_ministers/berlusconi/csv_out/110522_berlusconi_s2t.csv,1.6526194017517766,0.0,6051
berlusconi,/home/mhetac/Documents/GitHub/crossdem/datasets/prime_ministers/berlusconi/csv_out/105751_berlusconi_s2t.csv,0.4537205081669691,0.0,2204
berlusconi,/home/mhetac/Documents/GitHub/crossdem/datasets/prime_ministers/berlusconi/csv_out/113987_berlusconi_s2t.csv,0.7818608287724785,0.0,1279
berlusconi,/home/mhetac/Documents/GitHub/crossdem/datasets/prime_ministers/berlusconi/csv_out/102799_berlusconi_s2t.csv,1.4528386231560124,0.0,8948
berlusconi,/home/mhetac/Documents/GitHub/crossdem/datasets/prime_ministers/berlusconi/csv_out/104932_berlusconi_s2t.csv,4.22654268808115,200.0,2366
berlusconi,/home/mhetac/Documents/GitHub/crossdem/datasets/prime_ministers/berlusconi/csv_out/102363_berlusconi_s2t.csv,1.3960481099656357,23.80952380952381,9312
berlusconi,/home/mhetac/Documents/GitHub/crossdem/datasets/prime_ministers/berlusconi/csv_out/105825_berlusconi_s2t.csv,1.4628794343532854,0.0,8203
berlusconi,/home/mhetac/Documents/GitHub/crossdem/datasets/prime_ministers/berlusconi/csv_out/116208_berlusconi_s2t.csv,0.9034783918084626,0.0,6641
berlusconi,/home/mhetac/Documents/GitHub/crossdem/datasets/prime_ministers/berlusconi/csv_out/101193_berlusconi_s2t.csv,2.0504408447816282,0.0,4877
berlusconi,/home/mhetac/Documents/GitHub/crossdem/datasets/prime_ministers/berlusconi/csv_out/104076_berlusconi_s2t.csv,1.7455814968361336,0.0,4583
berlusconi,/home/mhetac/Documents/GitHub/crossdem/datasets/prime_ministers/berlusconi/csv_out/95748_berlusconi_s2t.csv,1.0148849797023005,0.0,2956
berlusconi,/home/mhetac/Documents/GitHub/crossdem/datasets/prime_ministers/berlusconi/csv_out/96191_berlusconi_s2t.csv,2.8901734104046244,0.0,1730
berlusconi,/home/mhetac/Documents/GitHub/crossdem/datasets/prime_ministers/berlusconi/csv_out/97836_berlusconi_s2t.csv,2.681992337164751,0.0,2610
berlusconi,/home/mhetac/Documents/GitHub/crossdem/datasets/prime_ministers/berlusconi/csv_out/94360_berlusconi_s2t.csv,2.704326923076923,0.0,3328
berlusconi,/home/mhetac/Documents/GitHub/crossdem/datasets/prime_ministers/berlusconi/csv_out/94226_berlusconi_s2t.csv,0.5104645227156712,0.0,1959
berlusconi,/home/mhetac/Documents/GitHub/crossdem/datasets/prime_ministers/berlusconi/csv_out/94172_berlusconi_s2t.csv,1.5566625155666252,0.0,6424
berlusconi,/home/mhetac/Documents/GitHub/crossdem/datasets/prime_ministers/berlusconi/csv_out/94167_berlusconi_s2t.csv,2.3856858846918487,0.0,2515
berlusconi,/home/mhetac/Documents/GitHub/crossdem/datasets/prime_ministers/berlusconi/csv_out/90918_berlusconi_s2t.csv,0.6191950464396285,0.0,1615
berlusconi,/home/mhetac/Documents/GitHub/crossdem/datasets/prime_ministers/berlusconi/csv_out/88556_berlusconi_s2t.csv,1.543550165380375,0.0,4535
berlusconi,/home/mhetac/Documents/GitHub/crossdem/datasets/prime_ministers/berlusconi/csv_out/88816_berlusconi_s2t.csv,1.1824324324324325,0.0,5920
berlusconi,/home/mhetac/Documents/GitHub/crossdem/datasets/prime_ministers/berlusconi/csv_out/86112_berlusconi_s2t.csv,1.5519917227108122,0.0,1933
berlusconi,/home/mhetac/Documents/GitHub/crossdem/datasets/prime_ministers/berlusconi/csv_out/84269_berlusconi_s2t.csv,0.0,0.0,219
berlusconi,/home/mhetac/Documents/GitHub/crossdem/datasets/prime_ministers/berlusconi/csv_out/84875_berlusconi_s2t.csv,1.8854584020740042,0.0,4243
berlusconi,/home/mhetac/Documents/GitHub/crossdem/datasets/prime_ministers/berlusconi/csv_out/84458_berlusconi_s2t.csv,1.5388561169530648,0.0,7798
berlusconi,/home/mhetac/Documents/GitHub/crossdem/datasets/prime_ministers/berlusconi/csv_out/86959_berlusconi_s2t.csv,1.517194875252866,0.0,5932
berlusconi,/home/mhetac/Documents/GitHub/crossdem/datasets/prime_ministers/berlusconi/csv_out/81806_berlusconi_s2t.csv,0.0,0.0,436
berlusconi,/home/mhetac/Documents/GitHub/crossdem/datasets/prime_ministers/berlusconi/csv_out/81190_berlusconi_s2t.csv,0.0,0.0,1847
berlusconi,/home/mhetac/Documents/GitHub/crossdem/datasets/prime_ministers/berlusconi/csv_out/81030_berlusconi_s2t.csv,2.1639166892074657,35.714285714285715,7394
berlusconi,/home/mhetac/Documents/GitHub/crossdem/datasets/prime_ministers/berlusconi/csv_out/81147_berlusconi_s2t.csv,2.2851116189136933,83.33333333333333,5689
berlusconi,/home/mhetac/Documents/GitHub/crossdem/datasets/prime_ministers/berlusconi/csv_out/81807_berlusconi_s2t.csv,1.7889087656529516,0.0,7267
berlusconi,/home/mhetac/Documents/GitHub/crossdem/datasets/prime_ministers/berlusconi/csv_out/81374_berlusconi_s2t.csv,1.485001485001485,0.0,3367
berlusconi,/home/mhetac/Documents/GitHub/crossdem/datasets/prime_ministers/berlusconi/csv_out/80428_berlusconi_s2t.csv,0.0,0.0,4287
berlusconi,/home/mhetac/Documents/GitHub/crossdem/datasets/prime_ministers/berlusconi/csv_out/81957_berlusconi_s2t.csv,2.159403219473891,0.0,5094
berlusconi,/home/mhetac/Documents/GitHub/crossdem/datasets/prime_ministers/berlusconi/csv_out/78862_berlusconi_s2t.csv,1.5887426236949613,0.0,4406
berlusconi,/home/mhetac/Documents/GitHub/crossdem/datasets/prime_ministers/berlusconi/csv_out/73278_berlusconi_s2t.csv,1.1488593467914,7.633587786259542,6093
berlusconi,/home/mhetac/Documents/GitHub/crossdem/datasets/prime_ministers/berlusconi/csv_out/72757_berlusconi_s2t.csv,2.8145229383619474,0.0,7106
berlusconi,/home/mhetac/Documents/GitHub/crossdem/datasets/prime_ministers/berlusconi/csv_out/72442_berlusconi_s2t.csv,3.1683168316831685,0.0,2525
berlusconi,/home/mhetac/Documents/GitHub/crossdem/datasets/prime_ministers/berlusconi/csv_out/74561_berlusconi_s2t.csv,1.9584802193497846,111.11111111111111,7659
berlusconi,/home/mhetac/Documents/GitHub/crossdem/datasets/prime_ministers/berlusconi/csv_out/71235_berlusconi_s2t.csv,3.538928210313448,0.0,3956
berlusconi,/home/mhetac/Documents/GitHub/crossdem/datasets/prime_ministers/berlusconi/csv_out/72003_berlusconi_s2t.csv,4.008980115458628,0.0,6236
berlusconi,/home/mhetac/Documents/GitHub/crossdem/datasets/prime_ministers/berlusconi/csv_out/69992_berlusconi_s2t.csv,1.4749262536873156,0.0,678
berlusconi,/home/mhetac/Documents/GitHub/crossdem/datasets/prime_ministers/berlusconi/csv_out/76166_berlusconi_s2t.csv,9.683098591549296,0.0,1136
berlusconi,/home/mhetac/Documents/GitHub/crossdem/datasets/prime_ministers/berlusconi/csv_out/374087_berlusconi_s2t.csv,0.0,0.0,1905
berlusconi,/home/mhetac/Documents/GitHub/crossdem/datasets/prime_ministers/berlusconi/csv_out/363329_berlusconi_s2t.csv,0.8195041999590248,0.0,4881
berlusconi,/home/mhetac/Documents/GitHub/crossdem/datasets/prime_ministers/berlusconi/csv_out/288680_berlusconi_s2t.csv,0.4161464835622139,0.0,4806
berlusconi,/home/mhetac/Documents/GitHub/crossdem/datasets/prime_ministers/berlusconi/csv_out/255990_berlusconi_s2t.csv,0.3155071777882947,0.0,6339
berlusconi,/home/mhetac/Documents/GitHub/crossdem/datasets/prime_ministers/berlusconi/csv_out/58021_berlusconi_s2t.csv,0.333000333000333,0.0,3003
berlusconi,/home/mhetac/Documents/GitHub/crossdem/datasets/prime_ministers/berlusconi/csv_out/414344_berlusconi_s2t.csv,0.9458948164964056,0.0,5286
berlusconi,/home/mhetac/Documents/GitHub/crossdem/datasets/prime_ministers/berlusconi/csv_out/410635_berlusconi_s2t.csv,2.506748939452372,0.0,5186
berlusconi,/home/mhetac/Documents/GitHub/crossdem/datasets/prime_ministers/berlusconi/csv_out/390627_berlusconi_s2t.csv,0.0,0.0,155
berlusconi,/home/mhetac/Documents/GitHub/crossdem/datasets/prime_ministers/berlusconi/csv_out/371864_berlusconi_s2t.csv,1.4752889107450209,0.0,4067
berlusconi,/home/mhetac/Documents/GitHub/crossdem/datasets/prime_ministers/berlusconi/csv_out/364131_berlusconi_s2t.csv,1.8700327255726976,0.0,8556
berlusconi,/home/mhetac/Documents/GitHub/crossdem/datasets/prime_ministers/berlusconi/csv_out/299926_berlusconi_s2t.csv,0.7504690431519699,0.0,5330
berlusconi,/home/mhetac/Documents/GitHub/crossdem/datasets/prime_ministers/berlusconi/csv_out/280554_berlusconi_s2t.csv,2.011397921555481,15.384615384615385,5966
berlusconi,/home/mhetac/Documents/GitHub/crossdem/datasets/prime_ministers/berlusconi/csv_out/248503_berlusconi_s2t.csv,2.133946158896914,5.154639175257732,6092
berlusconi,/home/mhetac/Documents/GitHub/crossdem/datasets/prime_ministers/berlusconi/csv_out/248059_berlusconi_s2t.csv,1.5438054805094559,0.0,2591
berlusconi,/home/mhetac/Documents/GitHub/crossdem/datasets/prime_ministers/berlusconi/csv_out/241660_berlusconi_s2t.csv,1.6020506247997437,0.0,3121
berlusconi,/home/mhetac/Documents/GitHub/crossdem/datasets/prime_ministers/berlusconi/csv_out/240410_berlusconi_s2t.csv,1.583949313621964,0.0,3788
berlusconi,/home/mhetac/Documents/GitHub/crossdem/datasets/prime_ministers/berlusconi/csv_out/218705_berlusconi_s2t.csv,3.6231884057971016,0.0,276
berlusconi,/home/mhetac/Documents/GitHub/crossdem/datasets/prime_ministers/berlusconi/csv_out/197025_berlusconi_s2t.csv,1.2626262626262625,6.0606060606060606,7920
berlusconi,/home/mhetac/Documents/GitHub/crossdem/datasets/prime_ministers/berlusconi/csv_out/213470_berlusconi_s2t.csv,2.0035061357375405,0.0,3993
berlusconi,/home/mhetac/Documents/GitHub/crossdem/datasets/prime_ministers/berlusconi/csv_out/159676_berlusconi_s2t.csv,3.357112882920688,0.0,4766
berlusconi,/home/mhetac/Documents/GitHub/crossdem/datasets/prime_ministers/berlusconi/csv_out/159675_berlusconi_s2t.csv,3.2160085760228694,0.0,5597
berlusconi,/home/mhetac/Documents/GitHub/crossdem/datasets/prime_ministers/berlusconi/csv_out/101197_berlusconi_s2t.csv,0.0,0.0,244
berlusconi,/home/mhetac/Documents/GitHub/crossdem/datasets/prime_ministers/berlusconi/csv_out/70252_berlusconi_s2t.csv,0.8237232289950577,0.0,6070
berlusconi,/home/mhetac/Documents/GitHub/crossdem/datasets/prime_ministers/berlusconi/csv_out/69896_berlusconi_s2t.csv,0.0,0.0,94
berlusconi,/home/mhetac/Documents/GitHub/crossdem/datasets/prime_ministers/berlusconi/csv_out/62297_berlusconi_s2t.csv,0.657030223390276,0.0,1522
berlusconi,/home/mhetac/Documents/GitHub/crossdem/datasets/prime_ministers/berlusconi/csv_out/60754_berlusconi_s2t.csv,0.0,0.0,517
berlusconi,/home/mhetac/Documents/GitHub/crossdem/datasets/prime_ministers/berlusconi/csv_out/60751_berlusconi_s2t.csv,3.3567287152883734,0.0,3277
berlusconi,/home/mhetac/Documents/GitHub/crossdem/datasets/prime_ministers/berlusconi/csv_out/62296_berlusconi_s2t.csv,0.772499034376207,0.0,2589
berlusconi,/home/mhetac/Documents/GitHub/crossdem/datasets/prime_ministers/berlusconi/csv_out/75107_berlusconi_s2t.csv,0.3599712023038157,0.0,2778
berlusconi,/home/mhetac/Documents/GitHub/crossdem/datasets/prime_ministers/berlusconi/csv_out/60434_berlusconi_s2t.csv,0.16661112962345884,0.0,6002
berlusconi,/home/mhetac/Documents/GitHub/crossdem/datasets/prime_ministers/berlusconi/csv_out/454118_berlusconi_s2t.csv,2.471289431603431,0.0,6879
berlusconi,/home/mhetac/Documents/GitHub/crossdem/datasets/prime_ministers/berlusconi/csv_out/405282_berlusconi_s2t.csv,2.061005770816158,0.0,2426
berlusconi,/home/mhetac/Documents/GitHub/crossdem/datasets/prime_ministers/berlusconi/csv_out/298020_berlusconi_s2t.csv,2.6666666666666665,0.0,1875
berlusconi,/home/mhetac/Documents/GitHub/crossdem/datasets/prime_ministers/berlusconi/csv_out/233810_berlusconi_s2t.csv,1.539448364336113,0.0,7795
berlusconi,/home/mhetac/Documents/GitHub/crossdem/datasets/prime_ministers/berlusconi/csv_out/213352_berlusconi_s2t.csv,5.8555627846454135,0.0,1537
berlusconi,/home/mhetac/Documents/GitHub/crossdem/datasets/prime_ministers/berlusconi/csv_out/164287_berlusconi_s2t.csv,0.792895654931811,0.0,6306
berlusconi,/home/mhetac/Documents/GitHub/crossdem/datasets/prime_ministers/berlusconi/csv_out/159374_berlusconi_s2t.csv,0.0,0.0,1950
berlusconi,/home/mhetac/Documents/GitHub/crossdem/datasets/prime_ministers/berlusconi/csv_out/156659_berlusconi_s2t.csv,1.0169491525423728,0.0,5900
berlusconi,/home/mhetac/Documents/GitHub/crossdem/datasets/prime_ministers/berlusconi/csv_out/157254_berlusconi_s2t.csv,2.162374680558286,0.0,5087
berlusconi,/home/mhetac/Documents/GitHub/crossdem/datasets/prime_ministers/berlusconi/csv_out/150655_berlusconi_s2t.csv,0.0,0.0,20
berlusconi,/home/mhetac/Documents/GitHub/crossdem/datasets/prime_ministers/berlusconi/csv_out/147630_berlusconi_s2t.csv,0.25510204081632654,0.0,3920
berlusconi,/home/mhetac/Documents/GitHub/crossdem/datasets/prime_ministers/berlusconi/csv_out/148976_berlusconi_s2t.csv,1.6175621028307337,0.0,8655
berlusconi,/home/mhetac/Documents/GitHub/crossdem/datasets/prime_ministers/berlusconi/csv_out/144596_berlusconi_s2t.csv,3.937007874015748,0.0,508
berlusconi,/home/mhetac/Documents/GitHub/crossdem/datasets/prime_ministers/berlusconi/csv_out/138682_berlusconi_s2t.csv,2.3687327279905253,0.0,5066
berlusconi,/home/mhetac/Documents/GitHub/crossdem/datasets/prime_ministers/berlusconi/csv_out/140431_berlusconi_s2t.csv,1.840168243953733,0.0,3804
berlusconi,/home/mhetac/Documents/GitHub/crossdem/datasets/prime_ministers/berlusconi/csv_out/137657_berlusconi_s2t.csv,0.9860312243221035,0.0,6085
berlusconi,/home/mhetac/Documents/GitHub/crossdem/datasets/prime_ministers/berlusconi/csv_out/138890_berlusconi_s2t.csv,2.1159542953872195,0.0,7089
berlusconi,/home/mhetac/Documents/GitHub/crossdem/datasets/prime_ministers/berlusconi/csv_out/141599_berlusconi_s2t.csv,4.903618532296246,21.27659574468085,5914
berlusconi,/home/mhetac/Documents/GitHub/crossdem/datasets/prime_ministers/berlusconi/csv_out/140911_berlusconi_s2t.csv,0.0,0.0,98
berlusconi,/home/mhetac/Documents/GitHub/crossdem/datasets/prime_ministers/berlusconi/csv_out/139901_berlusconi_s2t.csv,8.620689655172415,0.0,116
berlusconi,/home/mhetac/Documents/GitHub/crossdem/datasets/prime_ministers/berlusconi/csv_out/129317_berlusconi_s2t.csv,2.1944632005401754,0.0,5924
berlusconi,/home/mhetac/Documents/GitHub/crossdem/datasets/prime_ministers/berlusconi/csv_out/135077_berlusconi_s2t.csv,2.6466081626967544,0.0,7179
berlusconi,/home/mhetac/Documents/GitHub/crossdem/datasets/prime_ministers/berlusconi/csv_out/125807_berlusconi_s2t.csv,0.2107481559536354,0.0,4745
berlusconi,/home/mhetac/Documents/GitHub/crossdem/datasets/prime_ministers/berlusconi/csv_out/134731_berlusconi_s2t.csv,1.716171617161716,12.195121951219512,7575
berlusconi,/home/mhetac/Documents/GitHub/crossdem/datasets/prime_ministers/berlusconi/csv_out/128339_berlusconi_s2t.csv,1.8882769472856018,0.0,6355
berlusconi,/home/mhetac/Documents/GitHub/crossdem/datasets/prime_ministers/berlusconi/csv_out/128098_berlusconi_s2t.csv,2.104278700023381,0.0,8554
berlusconi,/home/mhetac/Documents/GitHub/crossdem/datasets/prime_ministers/berlusconi/csv_out/123711_berlusconi_s2t.csv,1.5847860538827259,0.0,1262
berlusconi,/home/mhetac/Documents/GitHub/crossdem/datasets/prime_ministers/berlusconi/csv_out/123329_berlusconi_s2t.csv,4.3383947939262475,0.0,461
berlusconi,/home/mhetac/Documents/GitHub/crossdem/datasets/prime_ministers/berlusconi/csv_out/121420_berlusconi_s2t.csv,0.0,0.0,1000
berlusconi,/home/mhetac/Documents/GitHub/crossdem/datasets/prime_ministers/berlusconi/csv_out/119273_berlusconi_s2t.csv,0.8798169980644026,0.0,5683
berlusconi,/home/mhetac/Documents/GitHub/crossdem/datasets/prime_ministers/berlusconi/csv_out/122410_berlusconi_s2t.csv,0.8340283569641368,0.0,1199
berlusconi,/home/mhetac/Documents/GitHub/crossdem/datasets/prime_ministers/berlusconi/csv_out/117214_berlusconi_s2t.csv,7.492390540856942,10.869565217391305,4271
berlusconi,/home/mhetac/Documents/GitHub/crossdem/datasets/prime_ministers/berlusconi/csv_out/126309_berlusconi_s2t.csv,1.1611030478955007,0.0,3445
berlusconi,/home/mhetac/Documents/GitHub/crossdem/datasets/prime_ministers/berlusconi/csv_out/111986_berlusconi_s2t.csv,0.9815148045149681,0.0,6113
berlusconi,/home/mhetac/Documents/GitHub/crossdem/datasets/prime_ministers/berlusconi/csv_out/109969_berlusconi_s2t.csv,1.740860482467048,0.0,4021
berlusconi,/home/mhetac/Documents/GitHub/crossdem/datasets/prime_ministers/berlusconi/csv_out/108856_berlusconi_s2t.csv,1.163206871868289,2.9411764705882355,11176
berlusconi,/home/mhetac/Documents/GitHub/crossdem/datasets/prime_ministers/berlusconi/csv_out/105632_berlusconi_s2t.csv,1.417635384179189,0.0,7054
berlusconi,/home/mhetac/Documents/GitHub/crossdem/datasets/prime_ministers/berlusconi/csv_out/103066_berlusconi_s2t.csv,2.6315789473684212,10.989010989010989,11020
berlusconi,/home/mhetac/Documents/GitHub/crossdem/datasets/prime_ministers/berlusconi/csv_out/101913_berlusconi_s2t.csv,1.0998075336816058,0.0,3637
berlusconi,/home/mhetac/Documents/GitHub/crossdem/datasets/prime_ministers/berlusconi/csv_out/101199_berlusconi_s2t.csv,1.1063986723215933,0.0,5423
berlusconi,/home/mhetac/Documents/GitHub/crossdem/datasets/prime_ministers/berlusconi/csv_out/100960_berlusconi_s2t.csv,1.5869417365676717,0.0,4411
berlusconi,/home/mhetac/Documents/GitHub/crossdem/datasets/prime_ministers/berlusconi/csv_out/111614_berlusconi_s2t.csv,0.9317493594223154,500.0,4293
berlusconi,/home/mhetac/Documents/GitHub/crossdem/datasets/prime_ministers/berlusconi/csv_out/98847_berlusconi_s2t.csv,2.677651905252317,0.0,4855
berlusconi,/home/mhetac/Documents/GitHub/crossdem/datasets/prime_ministers/berlusconi/csv_out/100620_berlusconi_s2t.csv,1.0187449062754685,0.0,4908
berlusconi,/home/mhetac/Documents/GitHub/crossdem/datasets/prime_ministers/berlusconi/csv_out/97516_berlusconi_s2t.csv,1.722488038277512,0.0,5225
berlusconi,/home/mhetac/Documents/GitHub/crossdem/datasets/prime_ministers/berlusconi/csv_out/96048_berlusconi_s2t.csv,1.8796992481203008,0.0,4788
berlusconi,/home/mhetac/Documents/GitHub/crossdem/datasets/prime_ministers/berlusconi/csv_out/92952_berlusconi_s2t.csv,0.8321775312066574,0.0,3605
berlusconi,/home/mhetac/Documents/GitHub/crossdem/datasets/prime_ministers/berlusconi/csv_out/87357_berlusconi_s2t.csv,1.6542597187758479,0.0,4836
berlusconi,/home/mhetac/Documents/GitHub/crossdem/datasets/prime_ministers/berlusconi/csv_out/85171_berlusconi_s2t.csv,0.9902215620745142,0.0,8079
berlusconi,/home/mhetac/Documents/GitHub/crossdem/datasets/prime_ministers/berlusconi/csv_out/85170_berlusconi_s2t.csv,1.237484531443357,0.0,8889
berlusconi,/home/mhetac/Documents/GitHub/crossdem/datasets/prime_ministers/berlusconi/csv_out/83309_berlusconi_s2t.csv,0.41305245766212306,0.0,4842
berlusconi,/home/mhetac/Documents/GitHub/crossdem/datasets/prime_ministers/berlusconi/csv_out/82036_berlusconi_s2t.csv,2.282844424152494,125.0,8761
berlusconi,/home/mhetac/Documents/GitHub/crossdem/datasets/prime_ministers/berlusconi/csv_out/76818_berlusconi_s2t.csv,0.9891196834817013,0.0,4044
berlusconi,/home/mhetac/Documents/GitHub/crossdem/datasets/prime_ministers/berlusconi/csv_out/75769_berlusconi_s2t.csv,0.6633499170812603,0.0,3015
berlusconi,/home/mhetac/Documents/GitHub/crossdem/datasets/prime_ministers/berlusconi/csv_out/73382_berlusconi_s2t.csv,1.438618925831202,0.0,6256
berlusconi,/home/mhetac/Documents/GitHub/crossdem/datasets/prime_ministers/berlusconi/csv_out/71415_berlusconi_s2t.csv,0.0,90.9090909090909,2288
berlusconi,/home/mhetac/Documents/GitHub/crossdem/datasets/prime_ministers/berlusconi/csv_out/71197_berlusconi_s2t.csv,2.100840336134454,0.0,3808
berlusconi,/home/mhetac/Documents/GitHub/crossdem/datasets/prime_ministers/berlusconi/csv_out/68573_berlusconi_s2t.csv,3.653190452995616,31.25,4106
berlusconi,/home/mhetac/Documents/GitHub/crossdem/datasets/prime_ministers/berlusconi/csv_out/63759_berlusconi_s2t.csv,0.0,0.0,631
berlusconi,/home/mhetac/Documents/GitHub/crossdem/datasets/prime_ministers/berlusconi/csv_out/59352_berlusconi_s2t.csv,0.7501875468867217,0.0,1333
berlusconi,/home/mhetac/Documents/GitHub/crossdem/datasets/prime_ministers/berlusconi/csv_out/323408_berlusconi_s2t.csv,2.6595744680851063,0.0,752
berlusconi,/home/mhetac/Documents/GitHub/crossdem/datasets/prime_ministers/berlusconi/csv_out/317479_berlusconi_s2t.csv,0.0,0.0,5
berlusconi,/home/mhetac/Documents/GitHub/crossdem/datasets/prime_ministers/berlusconi/csv_out/205448_berlusconi_s2t.csv,6.896551724137931,0.0,145
berlusconi,/home/mhetac/Documents/GitHub/crossdem/datasets/prime_ministers/berlusconi/csv_out/261731_berlusconi_s2t.csv,0.0,0.0,66
berlusconi,/home/mhetac/Documents/GitHub/crossdem/datasets/prime_ministers/berlusconi/csv_out/261729_berlusconi_s2t.csv,0.0,0.0,126
berlusconi,/home/mhetac/Documents/GitHub/crossdem/datasets/prime_ministers/berlusconi/csv_out/193438_berlusconi_s2t.csv,0.0,0.0,40
berlusconi,/home/mhetac/Documents/GitHub/crossdem/datasets/prime_ministers/berlusconi/csv_out/116242_berlusconi_s2t.csv,0.0,0.0,206
berlusconi,/home/mhetac/Documents/GitHub/crossdem/datasets/prime_ministers/berlusconi/csv_out/403664_berlusconi_s2t.csv,3.395585738539898,0.0,1178
berlusconi,/home/mhetac/Documents/GitHub/crossdem/datasets/prime_ministers/berlusconi/csv_out/246872_berlusconi_s2t.csv,0.0,0.0,536
berlusconi,/home/mhetac/Documents/GitHub/crossdem/datasets/prime_ministers/berlusconi/csv_out/230810_berlusconi_s2t.csv,2.506265664160401,0.0,2394
berlusconi,/home/mhetac/Documents/GitHub/crossdem/datasets/prime_ministers/berlusconi/csv_out/228932_berlusconi_s2t.csv,0.9905894006934126,0.0,2019
berlusconi,/home/mhetac/Documents/GitHub/crossdem/datasets/prime_ministers/berlusconi/csv_out/226268_berlusconi_s2t.csv,2.0761245674740483,10.869565217391305,5780
berlusconi,/home/mhetac/Documents/GitHub/crossdem/datasets/prime_ministers/berlusconi/csv_out/256743_berlusconi_s2t.csv,0.2817695125387433,0.0,3549
berlusconi,/home/mhetac/Documents/GitHub/crossdem/datasets/prime_ministers/berlusconi/csv_out/156460_berlusconi_s2t.csv,2.4284475281873372,1000.0,5765
berlusconi,/home/mhetac/Documents/GitHub/crossdem/datasets/prime_ministers/berlusconi/csv_out/133144_berlusconi_s2t.csv,4.675810473815462,8.928571428571429,3208
berlusconi,/home/mhetac/Documents/GitHub/crossdem/datasets/prime_ministers/berlusconi/csv_out/140533_berlusconi_s2t.csv,2.026342451874367,0.0,2961
berlusconi,/home/mhetac/Documents/GitHub/crossdem/datasets/prime_ministers/berlusconi/csv_out/134811_berlusconi_s2t.csv,1.8031555221637867,0.0,6655
berlusconi,/home/mhetac/Documents/GitHub/crossdem/datasets/prime_ministers/berlusconi/csv_out/130149_berlusconi_s2t.csv,3.1164783794312427,0.0,5134
berlusconi,/home/mhetac/Documents/GitHub/crossdem/datasets/prime_ministers/berlusconi/csv_out/129939_berlusconi_s2t.csv,0.0,0.0,445
berlusconi,/home/mhetac/Documents/GitHub/crossdem/datasets/prime_ministers/berlusconi/csv_out/129742_berlusconi_s2t.csv,1.1363636363636365,14.705882352941176,4400
berlusconi,/home/mhetac/Documents/GitHub/crossdem/datasets/prime_ministers/berlusconi/csv_out/130291_berlusconi_s2t.csv,0.0,0.0,423
berlusconi,/home/mhetac/Documents/GitHub/crossdem/datasets/prime_ministers/berlusconi/csv_out/130104_berlusconi_s2t.csv,0.0,0.0,675
berlusconi,/home/mhetac/Documents/GitHub/crossdem/datasets/prime_ministers/berlusconi/csv_out/118287_berlusconi_s2t.csv,1.7642341619887731,0.0,6235
berlusconi,/home/mhetac/Documents/GitHub/crossdem/datasets/prime_ministers/berlusconi/csv_out/124762_berlusconi_s2t.csv,5.0761421319796955,0.0,394
berlusconi,/home/mhetac/Documents/GitHub/crossdem/datasets/prime_ministers/berlusconi/csv_out/109073_berlusconi_s2t.csv,0.5467468562055768,0.0,1829
berlusconi,/home/mhetac/Documents/GitHub/crossdem/datasets/prime_ministers/berlusconi/csv_out/102939_berlusconi_s2t.csv,0.0,0.0,302
berlusconi,/home/mhetac/Documents/GitHub/crossdem/datasets/prime_ministers/berlusconi/csv_out/82959_berlusconi_s2t.csv,1.1682242990654206,0.0,856
berlusconi,/home/mhetac/Documents/GitHub/crossdem/datasets/prime_ministers/berlusconi/csv_out/62209_berlusconi_s2t.csv,1.936644072485821,0.0,7229
berlusconi,/home/mhetac/Documents/GitHub/crossdem/datasets/prime_ministers/berlusconi/csv_out/61108_berlusconi_s2t.csv,1.3711151736745886,0.0,8752
berlusconi,/home/mhetac/Documents/GitHub/crossdem/datasets/prime_ministers/berlusconi/csv_out/60870_berlusconi_s2t.csv,1.7713745866792632,0.0,8468
berlusconi,/home/mhetac/Documents/GitHub/crossdem/datasets/prime_ministers/berlusconi/csv_out/31440_berlusconi_s2t.csv,0.0,0.0,608
berlusconi,/home/mhetac/Documents/GitHub/crossdem/datasets/prime_ministers/berlusconi/csv_out/251983_berlusconi_s2t.csv,0.7933359777865926,111.11111111111111,2521
berlusconi,/home/mhetac/Documents/GitHub/crossdem/datasets/prime_ministers/berlusconi/csv_out/126673_berlusconi_s2t.csv,1.9569471624266144,0.0,3577
berlusconi,/home/mhetac/Documents/GitHub/crossdem/datasets/prime_ministers/berlusconi/csv_out/102606_berlusconi_s2t.csv,3.6452004860267313,0.0,4115
berlusconi,/home/mhetac/Documents/GitHub/crossdem/datasets/prime_ministers/berlusconi/csv_out/101196_berlusconi_s2t.csv,3.1222123104371096,0.0,2242
berlusconi,/home/mhetac/Documents/GitHub/crossdem/datasets/prime_ministers/berlusconi/csv_out/99988_berlusconi_s2t.csv,0.5595188138201147,0.0,7149
berlusconi,/home/mhetac/Documents/GitHub/crossdem/datasets/prime_ministers/berlusconi/csv_out/69555_berlusconi_s2t.csv,2.9145077720207255,0.0,3088
dini,/home/mhetac/Documents/GitHub/crossdem/datasets/prime_ministers/dini/csv_out/492871_dini_s2t.csv,0.0,0.0,590
dini,/home/mhetac/Documents/GitHub/crossdem/datasets/prime_ministers/dini/csv_out/368172_dini_s2t.csv,4.545454545454546,0.0,1320
dini,/home/mhetac/Documents/GitHub/crossdem/datasets/prime_ministers/dini/csv_out/316033_dini_s2t.csv,3.7202380952380953,0.0,1344
dini,/home/mhetac/Documents/GitHub/crossdem/datasets/prime_ministers/dini/csv_out/306302_dini_s2t.csv,1.5145778114350625,0.0,2641
dini,/home/mhetac/Documents/GitHub/crossdem/datasets/prime_ministers/dini/csv_out/306217_dini_s2t.csv,1.3020833333333333,0.0,3072
dini,/home/mhetac/Documents/GitHub/crossdem/datasets/prime_ministers/dini/csv_out/287898_dini_s2t.csv,1.5337423312883436,0.0,1956
dini,/home/mhetac/Documents/GitHub/crossdem/datasets/prime_ministers/dini/csv_out/271950_dini_s2t.csv,7.081436519979768,0.0,1977
dini,/home/mhetac/Documents/GitHub/crossdem/datasets/prime_ministers/dini/csv_out/265381_dini_s2t.csv,7.510917030567685,4.694835680751174,5725
dini,/home/mhetac/Documents/GitHub/crossdem/datasets/prime_ministers/dini/csv_out/246615_dini_s2t.csv,0.0,0.0,90
dini,/home/mhetac/Documents/GitHub/crossdem/datasets/prime_ministers/dini/csv_out/242573_dini_s2t.csv,1.949317738791423,0.0,1026
dini,/home/mhetac/Documents/GitHub/crossdem/datasets/prime_ministers/dini/csv_out/242508_dini_s2t.csv,2.229654403567447,0.0,1794
dini,/home/mhetac/Documents/GitHub/crossdem/datasets/prime_ministers/dini/csv_out/242415_dini_s2t.csv,4.219409282700422,0.0,237
dini,/home/mhetac/Documents/GitHub/crossdem/datasets/prime_ministers/dini/csv_out/242059_dini_s2t.csv,2.220812182741117,0.0,3152
dini,/home/mhetac/Documents/GitHub/crossdem/datasets/prime_ministers/dini/csv_out/230898_dini_s2t.csv,0.8944543828264758,0.0,2236
dini,/home/mhetac/Documents/GitHub/crossdem/datasets/prime_ministers/dini/csv_out/227563_dini_s2t.csv,0.513874614594039,18.867924528301888,1946
dini,/home/mhetac/Documents/GitHub/crossdem/datasets/prime_ministers/dini/csv_out/226431_dini_s2t.csv,0.0,0.0,1013
dini,/home/mhetac/Documents/GitHub/crossdem/datasets/prime_ministers/dini/csv_out/219667_dini_s2t.csv,2.137208805300278,0.0,4679
dini,/home/mhetac/Documents/GitHub/crossdem/datasets/prime_ministers/dini/csv_out/218356_dini_s2t.csv,1.040943789035392,0.0,2882
dini,/home/mhetac/Documents/GitHub/crossdem/datasets/prime_ministers/dini/csv_out/215966_dini_s2t.csv,0.0,0.0,2132
dini,/home/mhetac/Documents/GitHub/crossdem/datasets/prime_ministers/dini/csv_out/215653_dini_s2t.csv,0.4751722499406035,0.0,4209
dini,/home/mhetac/Documents/GitHub/crossdem/datasets/prime_ministers/dini/csv_out/210379_dini_s2t.csv,3.091190108191654,0.0,647
dini,/home/mhetac/Documents/GitHub/crossdem/datasets/prime_ministers/dini/csv_out/208183_dini_s2t.csv,0.0,0.0,2487
dini,/home/mhetac/Documents/GitHub/crossdem/datasets/prime_ministers/dini/csv_out/206594_dini_s2t.csv,4.351880634131178,0.0,3217
dini,/home/mhetac/Documents/GitHub/crossdem/datasets/prime_ministers/dini/csv_out/198252_dini_s2t.csv,0.0,0.0,343
dini,/home/mhetac/Documents/GitHub/crossdem/datasets/prime_ministers/dini/csv_out/257260_dini_s2t.csv,0.0,0.0,405
dini,/home/mhetac/Documents/GitHub/crossdem/datasets/prime_ministers/dini/csv_out/251553_dini_s2t.csv,0.7267441860465116,0.0,1376
dini,/home/mhetac/Documents/GitHub/crossdem/datasets/prime_ministers/dini/csv_out/250448_dini_s2t.csv,2.9182879377431905,0.0,2056
dini,/home/mhetac/Documents/GitHub/crossdem/datasets/prime_ministers/dini/csv_out/223517_dini_s2t.csv,4.273504273504273,0.0,1170
dini,/home/mhetac/Documents/GitHub/crossdem/datasets/prime_ministers/dini/csv_out/164702_dini_s2t.csv,3.9539899352983463,0.0,2782
dini,/home/mhetac/Documents/GitHub/crossdem/datasets/prime_ministers/dini/csv_out/164467_dini_s2t.csv,2.828854314002829,0.0,707
dini,/home/mhetac/Documents/GitHub/crossdem/datasets/prime_ministers/dini/csv_out/157670_dini_s2t.csv,5.173305742369374,30.303030303030305,1933
dini,/home/mhetac/Documents/GitHub/crossdem/datasets/prime_ministers/dini/csv_out/159292_dini_s2t.csv,3.693444136657433,0.0,3249
dini,/home/mhetac/Documents/GitHub/crossdem/datasets/prime_ministers/dini/csv_out/161366_dini_s2t.csv,0.0,0.0,1805
dini,/home/mhetac/Documents/GitHub/crossdem/datasets/prime_ministers/dini/csv_out/156386_dini_s2t.csv,0.9074410163339383,0.0,1102
dini,/home/mhetac/Documents/GitHub/crossdem/datasets/prime_ministers/dini/csv_out/156622_dini_s2t.csv,3.0832476875642345,0.0,973
dini,/home/mhetac/Documents/GitHub/crossdem/datasets/prime_ministers/dini/csv_out/153906_dini_s2t.csv,0.5313496280552603,0.0,3764
dini,/home/mhetac/Documents/GitHub/crossdem/datasets/prime_ministers/dini/csv_out/152925_dini_s2t.csv,2.736726874657909,0.0,1827
dini,/home/mhetac/Documents/GitHub/crossdem/datasets/prime_ministers/dini/csv_out/151489_dini_s2t.csv,1.0208248264597795,10.869565217391305,4898
dini,/home/mhetac/Documents/GitHub/crossdem/datasets/prime_ministers/dini/csv_out/151388_dini_s2t.csv,0.0,0.0,1270
dini,/home/mhetac/Documents/GitHub/crossdem/datasets/prime_ministers/dini/csv_out/152530_dini_s2t.csv,0.0,0.0,2242
dini,/home/mhetac/Documents/GitHub/crossdem/datasets/prime_ministers/dini/csv_out/151821_dini_s2t.csv,4.093327875562832,0.0,2443
dini,/home/mhetac/Documents/GitHub/crossdem/datasets/prime_ministers/dini/csv_out/151890_dini_s2t.csv,0.0,0.0,2035
dini,/home/mhetac/Documents/GitHub/crossdem/datasets/prime_ministers/dini/csv_out/147629_dini_s2t.csv,2.082248828735034,0.0,1921
dini,/home/mhetac/Documents/GitHub/crossdem/datasets/prime_ministers/dini/csv_out/145686_dini_s2t.csv,1.6522098306484923,0.0,2421
dini,/home/mhetac/Documents/GitHub/crossdem/datasets/prime_ministers/dini/csv_out/145468_dini_s2t.csv,0.2880184331797235,0.0,3472
dini,/home/mhetac/Documents/GitHub/crossdem/datasets/prime_ministers/dini/csv_out/147847_dini_s2t.csv,4.335260115606936,0.0,692
dini,/home/mhetac/Documents/GitHub/crossdem/datasets/prime_ministers/dini/csv_out/142464_dini_s2t.csv,12.0,0.0,750
dini,/home/mhetac/Documents/GitHub/crossdem/datasets/prime_ministers/dini/csv_out/144598_dini_s2t.csv,0.0,0.0,868
dini,/home/mhetac/Documents/GitHub/crossdem/datasets/prime_ministers/dini/csv_out/161313_dini_s2t.csv,6.74373795761079,0.0,2076
dini,/home/mhetac/Documents/GitHub/crossdem/datasets/prime_ministers/dini/csv_out/147136_dini_s2t.csv,0.49091801669121254,0.0,2037
dini,/home/mhetac/Documents/GitHub/crossdem/datasets/prime_ministers/dini/csv_out/146080_dini_s2t.csv,0.0,0.0,142
dini,/home/mhetac/Documents/GitHub/crossdem/datasets/prime_ministers/dini/csv_out/136271_dini_s2t.csv,0.9935419771485345,0.0,4026
dini,/home/mhetac/Documents/GitHub/crossdem/datasets/prime_ministers/dini/csv_out/141987_dini_s2t.csv,0.0,0.0,1075
dini,/home/mhetac/Documents/GitHub/crossdem/datasets/prime_ministers/dini/csv_out/141567_dini_s2t.csv,4.898958971218616,0.0,1633
dini,/home/mhetac/Documents/GitHub/crossdem/datasets/prime_ministers/dini/csv_out/140250_dini_s2t.csv,6.871278057718736,0.0,2183
dini,/home/mhetac/Documents/GitHub/crossdem/datasets/prime_ministers/dini/csv_out/131888_dini_s2t.csv,2.9523407844791225,0.0,2371
dini,/home/mhetac/Documents/GitHub/crossdem/datasets/prime_ministers/dini/csv_out/139169_dini_s2t.csv,0.3100294527980158,0.0,6451
dini,/home/mhetac/Documents/GitHub/crossdem/datasets/prime_ministers/dini/csv_out/137650_dini_s2t.csv,1.5261350629530714,0.0,2621
dini,/home/mhetac/Documents/GitHub/crossdem/datasets/prime_ministers/dini/csv_out/137436_dini_s2t.csv,2.077151335311573,0.0,3370
dini,/home/mhetac/Documents/GitHub/crossdem/datasets/prime_ministers/dini/csv_out/127281_dini_s2t.csv,1.2636899747262005,0.0,2374
dini,/home/mhetac/Documents/GitHub/crossdem/datasets/prime_ministers/dini/csv_out/136953_dini_s2t.csv,4.707112970711297,0.0,1912
dini,/home/mhetac/Documents/GitHub/crossdem/datasets/prime_ministers/dini/csv_out/136950_dini_s2t.csv,2.9282576866764276,0.0,2732
dini,/home/mhetac/Documents/GitHub/crossdem/datasets/prime_ministers/dini/csv_out/135838_dini_s2t.csv,3.0,0.0,1000
dini,/home/mhetac/Documents/GitHub/crossdem/datasets/prime_ministers/dini/csv_out/133955_dini_s2t.csv,0.0,0.0,1505
dini,/home/mhetac/Documents/GitHub/crossdem/datasets/prime_ministers/dini/csv_out/133560_dini_s2t.csv,13.186813186813186,0.0,455
dini,/home/mhetac/Documents/GitHub/crossdem/datasets/prime_ministers/dini/csv_out/133559_dini_s2t.csv,4.8504446240905414,0.0,1237
dini,/home/mhetac/Documents/GitHub/crossdem/datasets/prime_ministers/dini/csv_out/129039_dini_s2t.csv,1.332741003998223,0.0,2251
dini,/home/mhetac/Documents/GitHub/crossdem/datasets/prime_ministers/dini/csv_out/132844_dini_s2t.csv,2.7839643652561246,0.0,1796
dini,/home/mhetac/Documents/GitHub/crossdem/datasets/prime_ministers/dini/csv_out/132410_dini_s2t.csv,3.875968992248062,0.0,1548
dini,/home/mhetac/Documents/GitHub/crossdem/datasets/prime_ministers/dini/csv_out/132680_dini_s2t.csv,2.512562814070352,0.0,1592
dini,/home/mhetac/Documents/GitHub/crossdem/datasets/prime_ministers/dini/csv_out/136186_dini_s2t.csv,1.685630004214075,0.0,4746
dini,/home/mhetac/Documents/GitHub/crossdem/datasets/prime_ministers/dini/csv_out/122880_dini_s2t.csv,0.0,0.0,1193
dini,/home/mhetac/Documents/GitHub/crossdem/datasets/prime_ministers/dini/csv_out/121686_dini_s2t.csv,2.838221381267739,0.0,2114
dini,/home/mhetac/Documents/GitHub/crossdem/datasets/prime_ministers/dini/csv_out/130553_dini_s2t.csv,5.291005291005291,0.0,378
dini,/home/mhetac/Documents/GitHub/crossdem/datasets/prime_ministers/dini/csv_out/130629_dini_s2t.csv,3.777657852131678,0.0,1853
dini,/home/mhetac/Documents/GitHub/crossdem/datasets/prime_ministers/dini/csv_out/117665_dini_s2t.csv,0.0,0.0,3680
dini,/home/mhetac/Documents/GitHub/crossdem/datasets/prime_ministers/dini/csv_out/128407_dini_s2t.csv,0.38910505836575876,0.0,2570
dini,/home/mhetac/Documents/GitHub/crossdem/datasets/prime_ministers/dini/csv_out/117274_dini_s2t.csv,0.0,0.0,755
dini,/home/mhetac/Documents/GitHub/crossdem/datasets/prime_ministers/dini/csv_out/116273_dini_s2t.csv,0.9416195856873822,0.0,1062
dini,/home/mhetac/Documents/GitHub/crossdem/datasets/prime_ministers/dini/csv_out/117242_dini_s2t.csv,0.0,0.0,1495
dini,/home/mhetac/Documents/GitHub/crossdem/datasets/prime_ministers/dini/csv_out/113520_dini_s2t.csv,13.988522238163558,0.0,2788
dini,/home/mhetac/Documents/GitHub/crossdem/datasets/prime_ministers/dini/csv_out/124745_dini_s2t.csv,3.780718336483932,0.0,3174
dini,/home/mhetac/Documents/GitHub/crossdem/datasets/prime_ministers/dini/csv_out/111454_dini_s2t.csv,3.6080516521078616,0.0,5266
dini,/home/mhetac/Documents/GitHub/crossdem/datasets/prime_ministers/dini/csv_out/123149_dini_s2t.csv,0.0,0.0,2885
dini,/home/mhetac/Documents/GitHub/crossdem/datasets/prime_ministers/dini/csv_out/116073_dini_s2t.csv,1.763668430335097,0.0,4536
dini,/home/mhetac/Documents/GitHub/crossdem/datasets/prime_ministers/dini/csv_out/106950_dini_s2t.csv,1.0845986984815619,0.0,2766
dini,/home/mhetac/Documents/GitHub/crossdem/datasets/prime_ministers/dini/csv_out/106222_dini_s2t.csv,0.0,0.0,145
dini,/home/mhetac/Documents/GitHub/crossdem/datasets/prime_ministers/dini/csv_out/107805_dini_s2t.csv,2.682563338301043,0.0,3355
dini,/home/mhetac/Documents/GitHub/crossdem/datasets/prime_ministers/dini/csv_out/105390_dini_s2t.csv,0.0,0.0,687
dini,/home/mhetac/Documents/GitHub/crossdem/datasets/prime_ministers/dini/csv_out/113402_dini_s2t.csv,0.0,0.0,1024
dini,/home/mhetac/Documents/GitHub/crossdem/datasets/prime_ministers/dini/csv_out/107280_dini_s2t.csv,1.0085728693898135,0.0,1983
dini,/home/mhetac/Documents/GitHub/crossdem/datasets/prime_ministers/dini/csv_out/106399_dini_s2t.csv,8.319467554076539,0.0,2404
dini,/home/mhetac/Documents/GitHub/crossdem/datasets/prime_ministers/dini/csv_out/119396_dini_s2t.csv,1.044932079414838,0.0,957
dini,/home/mhetac/Documents/GitHub/crossdem/datasets/prime_ministers/dini/csv_out/103871_dini_s2t.csv,5.307855626326964,0.0,942
dini,/home/mhetac/Documents/GitHub/crossdem/datasets/prime_ministers/dini/csv_out/102614_dini_s2t.csv,2.863278453829635,0.0,1397
dini,/home/mhetac/Documents/GitHub/crossdem/datasets/prime_ministers/dini/csv_out/105171_dini_s2t.csv,0.0,0.0,1165
dini,/home/mhetac/Documents/GitHub/crossdem/datasets/prime_ministers/dini/csv_out/102392_dini_s2t.csv,7.921998781230957,0.0,1641
dini,/home/mhetac/Documents/GitHub/crossdem/datasets/prime_ministers/dini/csv_out/96225_dini_s2t.csv,0.8278145695364238,0.0,1208
dini,/home/mhetac/Documents/GitHub/crossdem/datasets/prime_ministers/dini/csv_out/98123_dini_s2t.csv,2.7418723070896984,0.0,2553
dini,/home/mhetac/Documents/GitHub/crossdem/datasets/prime_ministers/dini/csv_out/95281_dini_s2t.csv,0.0,0.0,2156
dini,/home/mhetac/Documents/GitHub/crossdem/datasets/prime_ministers/dini/csv_out/95016_dini_s2t.csv,0.0,0.0,545
dini,/home/mhetac/Documents/GitHub/crossdem/datasets/prime_ministers/dini/csv_out/95390_dini_s2t.csv,0.5722460658082976,0.0,3495
dini,/home/mhetac/Documents/GitHub/crossdem/datasets/prime_ministers/dini/csv_out/93598_dini_s2t.csv,0.6020469596628537,0.0,4983
dini,/home/mhetac/Documents/GitHub/crossdem/datasets/prime_ministers/dini/csv_out/97264_dini_s2t.csv,0.762970498474059,0.0,3932
dini,/home/mhetac/Documents/GitHub/crossdem/datasets/prime_ministers/dini/csv_out/93163_dini_s2t.csv,2.1293585307426137,0.0,3757
dini,/home/mhetac/Documents/GitHub/crossdem/datasets/prime_ministers/dini/csv_out/88974_dini_s2t.csv,0.6791171477079796,0.0,2945
dini,/home/mhetac/Documents/GitHub/crossdem/datasets/prime_ministers/dini/csv_out/88499_dini_s2t.csv,0.7446016381236039,0.0,1343
dini,/home/mhetac/Documents/GitHub/crossdem/datasets/prime_ministers/dini/csv_out/88498_dini_s2t.csv,0.0,0.0,2575
dini,/home/mhetac/Documents/GitHub/crossdem/datasets/prime_ministers/dini/csv_out/86622_dini_s2t.csv,2.6785714285714284,0.0,1120
dini,/home/mhetac/Documents/GitHub/crossdem/datasets/prime_ministers/dini/csv_out/86555_dini_s2t.csv,3.254678600488202,0.0,1229
dini,/home/mhetac/Documents/GitHub/crossdem/datasets/prime_ministers/dini/csv_out/85031_dini_s2t.csv,4.577464788732394,0.0,2840
dini,/home/mhetac/Documents/GitHub/crossdem/datasets/prime_ministers/dini/csv_out/83696_dini_s2t.csv,7.2245635159542445,0.0,1661
dini,/home/mhetac/Documents/GitHub/crossdem/datasets/prime_ministers/dini/csv_out/85310_dini_s2t.csv,6.4935064935064934,0.0,308
dini,/home/mhetac/Documents/GitHub/crossdem/datasets/prime_ministers/dini/csv_out/83925_dini_s2t.csv,6.056018168054504,28.571428571428573,1321
dini,/home/mhetac/Documents/GitHub/crossdem/datasets/prime_ministers/dini/csv_out/84433_dini_s2t.csv,0.0,0.0,550
dini,/home/mhetac/Documents/GitHub/crossdem/datasets/prime_ministers/dini/csv_out/97130_dini_s2t.csv,3.411910669975186,0.0,3224
dini,/home/mhetac/Documents/GitHub/crossdem/datasets/prime_ministers/dini/csv_out/85311_dini_s2t.csv,2.548853016142736,0.0,1177
dini,/home/mhetac/Documents/GitHub/crossdem/datasets/prime_ministers/dini/csv_out/81068_dini_s2t.csv,2.0236087689713322,0.0,5930
dini,/home/mhetac/Documents/GitHub/crossdem/datasets/prime_ministers/dini/csv_out/436134_dini_s2t.csv,1.408450704225352,0.0,710
dini,/home/mhetac/Documents/GitHub/crossdem/datasets/prime_ministers/dini/csv_out/399889_dini_s2t.csv,7.751937984496124,0.0,903
dini,/home/mhetac/Documents/GitHub/crossdem/datasets/prime_ministers/dini/csv_out/379653_dini_s2t.csv,0.0,0.0,790
dini,/home/mhetac/Documents/GitHub/crossdem/datasets/prime_ministers/dini/csv_out/374969_dini_s2t.csv,1.0090817356205852,0.0,991
dini,/home/mhetac/Documents/GitHub/crossdem/datasets/prime_ministers/dini/csv_out/373100_dini_s2t.csv,0.0,0.0,234
dini,/home/mhetac/Documents/GitHub/crossdem/datasets/prime_ministers/dini/csv_out/372427_dini_s2t.csv,0.0,0.0,1399
dini,/home/mhetac/Documents/GitHub/crossdem/datasets/prime_ministers/dini/csv_out/371886_dini_s2t.csv,1.4367816091954022,0.0,1392
dini,/home/mhetac/Documents/GitHub/crossdem/datasets/prime_ministers/dini/csv_out/370632_dini_s2t.csv,0.0,0.0,970
dini,/home/mhetac/Documents/GitHub/crossdem/datasets/prime_ministers/dini/csv_out/358374_dini_s2t.csv,2.34192037470726,0.0,854
dini,/home/mhetac/Documents/GitHub/crossdem/datasets/prime_ministers/dini/csv_out/358644_dini_s2t.csv,0.0,0.0,980
dini,/home/mhetac/Documents/GitHub/crossdem/datasets/prime_ministers/dini/csv_out/356252_dini_s2t.csv,0.0,0.0,796
dini,/home/mhetac/Documents/GitHub/crossdem/datasets/prime_ministers/dini/csv_out/356684_dini_s2t.csv,0.0,0.0,796
dini,/home/mhetac/Documents/GitHub/crossdem/datasets/prime_ministers/dini/csv_out/324687_dini_s2t.csv,2.570694087403599,0.0,778
dini,/home/mhetac/Documents/GitHub/crossdem/datasets/prime_ministers/dini/csv_out/317354_dini_s2t.csv,8.771929824561404,0.0,228
dini,/home/mhetac/Documents/GitHub/crossdem/datasets/prime_ministers/dini/csv_out/302907_dini_s2t.csv,7.947019867549669,0.0,755
dini,/home/mhetac/Documents/GitHub/crossdem/datasets/prime_ministers/dini/csv_out/295217_dini_s2t.csv,2.1141649048625792,0.0,473
dini,/home/mhetac/Documents/GitHub/crossdem/datasets/prime_ministers/dini/csv_out/284778_dini_s2t.csv,1.9550342130987293,0.0,1023
dini,/home/mhetac/Documents/GitHub/crossdem/datasets/prime_ministers/dini/csv_out/283133_dini_s2t.csv,4.3763676148796495,0.0,914
dini,/home/mhetac/Documents/GitHub/crossdem/datasets/prime_ministers/dini/csv_out/281994_dini_s2t.csv,3.502626970227671,0.0,571
dini,/home/mhetac/Documents/GitHub/crossdem/datasets/prime_ministers/dini/csv_out/270086_dini_s2t.csv,12.903225806451612,0.0,775
dini,/home/mhetac/Documents/GitHub/crossdem/datasets/prime_ministers/dini/csv_out/263702_dini_s2t.csv,3.8240917782026767,0.0,523
dini,/home/mhetac/Documents/GitHub/crossdem/datasets/prime_ministers/dini/csv_out/245631_dini_s2t.csv,9.202453987730062,0.0,326
dini,/home/mhetac/Documents/GitHub/crossdem/datasets/prime_ministers/dini/csv_out/244424_dini_s2t.csv,0.0,0.0,504
dini,/home/mhetac/Documents/GitHub/crossdem/datasets/prime_ministers/dini/csv_out/241411_dini_s2t.csv,4.405286343612334,0.0,227
dini,/home/mhetac/Documents/GitHub/crossdem/datasets/prime_ministers/dini/csv_out/232663_dini_s2t.csv,0.0,0.0,427
dini,/home/mhetac/Documents/GitHub/crossdem/datasets/prime_ministers/dini/csv_out/228822_dini_s2t.csv,0.0,0.0,539
dini,/home/mhetac/Documents/GitHub/crossdem/datasets/prime_ministers/dini/csv_out/221222_dini_s2t.csv,0.0,0.0,546
dini,/home/mhetac/Documents/GitHub/crossdem/datasets/prime_ministers/dini/csv_out/222977_dini_s2t.csv,9.174311926605505,0.0,218
dini,/home/mhetac/Documents/GitHub/crossdem/datasets/prime_ministers/dini/csv_out/204168_dini_s2t.csv,2.002002002002002,0.0,999
dini,/home/mhetac/Documents/GitHub/crossdem/datasets/prime_ministers/dini/csv_out/204280_dini_s2t.csv,0.0,0.0,239
dini,/home/mhetac/Documents/GitHub/crossdem/datasets/prime_ministers/dini/csv_out/204113_dini_s2t.csv,12.779552715654953,0.0,1252
dini,/home/mhetac/Documents/GitHub/crossdem/datasets/prime_ministers/dini/csv_out/198986_dini_s2t.csv,2.272727272727273,33.898305084745765,1760
dini,/home/mhetac/Documents/GitHub/crossdem/datasets/prime_ministers/dini/csv_out/204642_dini_s2t.csv,2.0470829068577276,0.0,977
dini,/home/mhetac/Documents/GitHub/crossdem/datasets/prime_ministers/dini/csv_out/157375_dini_s2t.csv,3.0594405594405596,21.27659574468085,2288
dini,/home/mhetac/Documents/GitHub/crossdem/datasets/prime_ministers/dini/csv_out/160773_dini_s2t.csv,3.9015606242497,0.0,3332
dini,/home/mhetac/Documents/GitHub/crossdem/datasets/prime_ministers/dini/csv_out/154894_dini_s2t.csv,3.189792663476874,0.0,2508
dini,/home/mhetac/Documents/GitHub/crossdem/datasets/prime_ministers/dini/csv_out/152848_dini_s2t.csv,0.8298755186721992,0.0,1205
dini,/home/mhetac/Documents/GitHub/crossdem/datasets/prime_ministers/dini/csv_out/153480_dini_s2t.csv,1.3486176668914363,0.0,2966
dini,/home/mhetac/Documents/GitHub/crossdem/datasets/prime_ministers/dini/csv_out/152417_dini_s2t.csv,1.2234910277324633,0.0,2452
dini,/home/mhetac/Documents/GitHub/crossdem/datasets/prime_ministers/dini/csv_out/147978_dini_s2t.csv,0.7037297677691766,0.0,1421
dini,/home/mhetac/Documents/GitHub/crossdem/datasets/prime_ministers/dini/csv_out/144768_dini_s2t.csv,4.123711340206185,0.0,485
dini,/home/mhetac/Documents/GitHub/crossdem/datasets/prime_ministers/dini/csv_out/144211_dini_s2t.csv,9.23076923076923,0.0,975
dini,/home/mhetac/Documents/GitHub/crossdem/datasets/prime_ministers/dini/csv_out/143882_dini_s2t.csv,6.336405529953917,0.0,1736
dini,/home/mhetac/Documents/GitHub/crossdem/datasets/prime_ministers/dini/csv_out/143601_dini_s2t.csv,4.660452729693741,0.0,1502
dini,/home/mhetac/Documents/GitHub/crossdem/datasets/prime_ministers/dini/csv_out/143662_dini_s2t.csv,1.8083182640144666,0.0,553
dini,/home/mhetac/Documents/GitHub/crossdem/datasets/prime_ministers/dini/csv_out/142357_dini_s2t.csv,0.0,0.0,978
dini,/home/mhetac/Documents/GitHub/crossdem/datasets/prime_ministers/dini/csv_out/141484_dini_s2t.csv,6.35862653666808,0.0,2359
dini,/home/mhetac/Documents/GitHub/crossdem/datasets/prime_ministers/dini/csv_out/141206_dini_s2t.csv,9.132420091324201,0.0,438
dini,/home/mhetac/Documents/GitHub/crossdem/datasets/prime_ministers/dini/csv_out/139521_dini_s2t.csv,0.0,0.0,363
dini,/home/mhetac/Documents/GitHub/crossdem/datasets/prime_ministers/dini/csv_out/139004_dini_s2t.csv,2.8885037550548818,0.0,1731
dini,/home/mhetac/Documents/GitHub/crossdem/datasets/prime_ministers/dini/csv_out/138639_dini_s2t.csv,0.481000481000481,0.0,2079
dini,/home/mhetac/Documents/GitHub/crossdem/datasets/prime_ministers/dini/csv_out/138616_dini_s2t.csv,0.0,0.0,932
dini,/home/mhetac/Documents/GitHub/crossdem/datasets/prime_ministers/dini/csv_out/138216_dini_s2t.csv,1.7905102954341987,0.0,1117
dini,/home/mhetac/Documents/GitHub/crossdem/datasets/prime_ministers/dini/csv_out/138554_dini_s2t.csv,0.0,0.0,298
dini,/home/mhetac/Documents/GitHub/crossdem/datasets/prime_ministers/dini/csv_out/137991_dini_s2t.csv,3.0816640986132513,0.0,649
dini,/home/mhetac/Documents/GitHub/crossdem/datasets/prime_ministers/dini/csv_out/135804_dini_s2t.csv,0.0,0.0,437
dini,/home/mhetac/Documents/GitHub/crossdem/datasets/prime_ministers/dini/csv_out/128219_dini_s2t.csv,0.0,0.0,130
dini,/home/mhetac/Documents/GitHub/crossdem/datasets/prime_ministers/dini/csv_out/127312_dini_s2t.csv,4.172461752433936,0.0,719
dini,/home/mhetac/Documents/GitHub/crossdem/datasets/prime_ministers/dini/csv_out/125743_dini_s2t.csv,4.373177842565598,0.0,686
dini,/home/mhetac/Documents/GitHub/crossdem/datasets/prime_ministers/dini/csv_out/121596_dini_s2t.csv,1.9267822736030829,0.0,519
dini,/home/mhetac/Documents/GitHub/crossdem/datasets/prime_ministers/dini/csv_out/117534_dini_s2t.csv,12.987012987012987,0.0,154
dini,/home/mhetac/Documents/GitHub/crossdem/datasets/prime_ministers/dini/csv_out/116035_dini_s2t.csv,6.116207951070336,0.0,327
dini,/home/mhetac/Documents/GitHub/crossdem/datasets/prime_ministers/dini/csv_out/111596_dini_s2t.csv,3.500583430571762,0.0,857
dini,/home/mhetac/Documents/GitHub/crossdem/datasets/prime_ministers/dini/csv_out/109813_dini_s2t.csv,1.6313213703099512,0.0,613
dini,/home/mhetac/Documents/GitHub/crossdem/datasets/prime_ministers/dini/csv_out/110007_dini_s2t.csv,1.4749262536873156,0.0,678
dini,/home/mhetac/Documents/GitHub/crossdem/datasets/prime_ministers/dini/csv_out/111482_dini_s2t.csv,0.0,0.0,330
dini,/home/mhetac/Documents/GitHub/crossdem/datasets/prime_ministers/dini/csv_out/109261_dini_s2t.csv,9.615384615384615,0.0,312
dini,/home/mhetac/Documents/GitHub/crossdem/datasets/prime_ministers/dini/csv_out/105039_dini_s2t.csv,0.0,0.0,336
dini,/home/mhetac/Documents/GitHub/crossdem/datasets/prime_ministers/dini/csv_out/103082_dini_s2t.csv,0.0,0.0,478
dini,/home/mhetac/Documents/GitHub/crossdem/datasets/prime_ministers/dini/csv_out/102284_dini_s2t.csv,5.134788189987163,0.0,779
dini,/home/mhetac/Documents/GitHub/crossdem/datasets/prime_ministers/dini/csv_out/101040_dini_s2t.csv,8.781558726673985,0.0,911
dini,/home/mhetac/Documents/GitHub/crossdem/datasets/prime_ministers/dini/csv_out/101007_dini_s2t.csv,0.0,0.0,240
dini,/home/mhetac/Documents/GitHub/crossdem/datasets/prime_ministers/dini/csv_out/100468_dini_s2t.csv,0.0,0.0,219
dini,/home/mhetac/Documents/GitHub/crossdem/datasets/prime_ministers/dini/csv_out/99904_dini_s2t.csv,5.154639175257732,0.0,776
dini,/home/mhetac/Documents/GitHub/crossdem/datasets/prime_ministers/dini/csv_out/98842_dini_s2t.csv,0.0,0.0,130
dini,/home/mhetac/Documents/GitHub/crossdem/datasets/prime_ministers/dini/csv_out/98831_dini_s2t.csv,2.1668472372697725,0.0,923
dini,/home/mhetac/Documents/GitHub/crossdem/datasets/prime_ministers/dini/csv_out/95983_dini_s2t.csv,0.0,0.0,286
dini,/home/mhetac/Documents/GitHub/crossdem/datasets/prime_ministers/dini/csv_out/94919_dini_s2t.csv,1.4184397163120568,0.0,705
dini,/home/mhetac/Documents/GitHub/crossdem/datasets/prime_ministers/dini/csv_out/91461_dini_s2t.csv,3.8910505836575875,0.0,257
dini,/home/mhetac/Documents/GitHub/crossdem/datasets/prime_ministers/dini/csv_out/69546_dini_s2t.csv,0.0,0.0,897
dini,/home/mhetac/Documents/GitHub/crossdem/datasets/prime_ministers/dini/csv_out/79616_dini_s2t.csv,0.0,0.0,404
dini,/home/mhetac/Documents/GitHub/crossdem/datasets/prime_ministers/dini/csv_out/264146_dini_s2t.csv,13.975155279503106,0.0,644
dini,/home/mhetac/Documents/GitHub/crossdem/datasets/prime_ministers/dini/csv_out/257518_dini_s2t.csv,1.152073732718894,0.0,2604
dini,/home/mhetac/Documents/GitHub/crossdem/datasets/prime_ministers/dini/csv_out/158586_dini_s2t.csv,0.0,0.0,654
dini,/home/mhetac/Documents/GitHub/crossdem/datasets/prime_ministers/dini/csv_out/129797_dini_s2t.csv,0.670690811535882,0.0,1491
dini,/home/mhetac/Documents/GitHub/crossdem/datasets/prime_ministers/dini/csv_out/134581_dini_s2t.csv,0.8375209380234506,0.0,1194
dini,/home/mhetac/Documents/GitHub/crossdem/datasets/prime_ministers/dini/csv_out/118845_dini_s2t.csv,0.0,0.0,594
dini,/home/mhetac/Documents/GitHub/crossdem/datasets/prime_ministers/dini/csv_out/113335_dini_s2t.csv,1.5110305228165608,0.0,3309
dini,/home/mhetac/Documents/GitHub/crossdem/datasets/prime_ministers/dini/csv_out/111401_dini_s2t.csv,1.5166835187057635,0.0,1978
dini,/home/mhetac/Documents/GitHub/crossdem/datasets/prime_ministers/dini/csv_out/123505_dini_s2t.csv,1.7476406850751485,0.0,2861
dini,/home/mhetac/Documents/GitHub/crossdem/datasets/prime_ministers/dini/csv_out/101926_dini_s2t.csv,2.937720329024677,0.0,1702
dini,/home/mhetac/Documents/GitHub/crossdem/datasets/prime_ministers/dini/csv_out/98496_dini_s2t.csv,1.150251617541337,0.0,6955
dini,/home/mhetac/Documents/GitHub/crossdem/datasets/prime_ministers/dini/csv_out/101950_dini_s2t.csv,0.0,0.0,1198
dini,/home/mhetac/Documents/GitHub/crossdem/datasets/prime_ministers/dini/csv_out/95043_dini_s2t.csv,0.0,0.0,1121
dini,/home/mhetac/Documents/GitHub/crossdem/datasets/prime_ministers/dini/csv_out/94167_dini_s2t.csv,0.0,0.0,1316
dini,/home/mhetac/Documents/GitHub/crossdem/datasets/prime_ministers/dini/csv_out/85055_dini_s2t.csv,1.0454783063251438,0.0,1913
dini,/home/mhetac/Documents/GitHub/crossdem/datasets/prime_ministers/dini/csv_out/84889_dini_s2t.csv,0.18145527127563055,0.0,5511
dini,/home/mhetac/Documents/GitHub/crossdem/datasets/prime_ministers/dini/csv_out/80498_dini_s2t.csv,0.0,0.0,1504
dini,/home/mhetac/Documents/GitHub/crossdem/datasets/prime_ministers/dini/csv_out/438744_dini_s2t.csv,0.0,0.0,3933
dini,/home/mhetac/Documents/GitHub/crossdem/datasets/prime_ministers/dini/csv_out/45544_dini_s2t.csv,0.0,0.0,1544
dini,/home/mhetac/Documents/GitHub/crossdem/datasets/prime_ministers/dini/csv_out/95809_dini_s2t.csv,0.0,0.0,2322
dini,/home/mhetac/Documents/GitHub/crossdem/datasets/prime_ministers/dini/csv_out/82029_dini_s2t.csv,1.8484288354898337,0.0,541
dini,/home/mhetac/Documents/GitHub/crossdem/datasets/prime_ministers/dini/csv_out/73604_dini_s2t.csv,3.4071550255536627,0.0,587
dini,/home/mhetac/Documents/GitHub/crossdem/datasets/prime_ministers/dini/csv_out/70256_dini_s2t.csv,0.39070130884938464,0.0,5119
dini,/home/mhetac/Documents/GitHub/crossdem/datasets/prime_ministers/dini/csv_out/64622_dini_s2t.csv,0.27555800496004407,0.0,3629
dini,/home/mhetac/Documents/GitHub/crossdem/datasets/prime_ministers/dini/csv_out/31111_dini_s2t.csv,0.0,0.0,853
dini,/home/mhetac/Documents/GitHub/crossdem/datasets/prime_ministers/dini/csv_out/641177_dini_s2t.csv,2.735978112175103,0.0,731
dini,/home/mhetac/Documents/GitHub/crossdem/datasets/prime_ministers/dini/csv_out/622144_dini_s2t.csv,4.6875,0.0,640
dini,/home/mhetac/Documents/GitHub/crossdem/datasets/prime_ministers/dini/csv_out/611427_dini_s2t.csv,7.290400972053463,0.0,823
dini,/home/mhetac/Documents/GitHub/crossdem/datasets/prime_ministers/dini/csv_out/585320_dini_s2t.csv,1.075268817204301,0.0,930
dini,/home/mhetac/Documents/GitHub/crossdem/datasets/prime_ministers/dini/csv_out/572136_dini_s2t.csv,0.0,0.0,1569
dini,/home/mhetac/Documents/GitHub/crossdem/datasets/prime_ministers/dini/csv_out/557372_dini_s2t.csv,3.3076074972436604,0.0,907
dini,/home/mhetac/Documents/GitHub/crossdem/datasets/prime_ministers/dini/csv_out/546499_dini_s2t.csv,0.0,0.0,770
dini,/home/mhetac/Documents/GitHub/crossdem/datasets/prime_ministers/dini/csv_out/504396_dini_s2t.csv,0.0,0.0,1352
dini,/home/mhetac/Documents/GitHub/crossdem/datasets/prime_ministers/dini/csv_out/436404_dini_s2t.csv,0.0,0.0,453
dini,/home/mhetac/Documents/GitHub/crossdem/datasets/prime_ministers/dini/csv_out/432073_dini_s2t.csv,0.0,0.0,269
dini,/home/mhetac/Documents/GitHub/crossdem/datasets/prime_ministers/dini/csv_out/81108_dini_s2t.csv,2.3529411764705883,0.0,425
dini,/home/mhetac/Documents/GitHub/crossdem/datasets/prime_ministers/dini/csv_out/699979_dini_s2t.csv,5.899705014749262,0.0,678
dini,/home/mhetac/Documents/GitHub/crossdem/datasets/prime_ministers/dini/csv_out/683858_dini_s2t.csv,0.0,0.0,526
dini,/home/mhetac/Documents/GitHub/crossdem/datasets/prime_ministers/dini/csv_out/647072_dini_s2t.csv,2.9806259314456036,0.0,671
dini,/home/mhetac/Documents/GitHub/crossdem/datasets/prime_ministers/dini/csv_out/646920_dini_s2t.csv,0.0,0.0,564
dini,/home/mhetac/Documents/GitHub/crossdem/datasets/prime_ministers/dini/csv_out/630994_dini_s2t.csv,3.780718336483932,0.0,529
dini,/home/mhetac/Documents/GitHub/crossdem/datasets/prime_ministers/dini/csv_out/629971_dini_s2t.csv,1.1655011655011656,0.0,1716
dini,/home/mhetac/Documents/GitHub/crossdem/datasets/prime_ministers/dini/csv_out/628033_dini_s2t.csv,4.9916805324459235,0.0,601
dini,/home/mhetac/Documents/GitHub/crossdem/datasets/prime_ministers/dini/csv_out/624229_dini_s2t.csv,0.0,0.0,592
dini,/home/mhetac/Documents/GitHub/crossdem/datasets/prime_ministers/dini/csv_out/616090_dini_s2t.csv,1.8083182640144666,0.0,553
dini,/home/mhetac/Documents/GitHub/crossdem/datasets/prime_ministers/dini/csv_out/598768_dini_s2t.csv,2.450980392156863,0.0,408
dini,/home/mhetac/Documents/GitHub/crossdem/datasets/prime_ministers/dini/csv_out/598115_dini_s2t.csv,2.4154589371980677,0.0,414
dini,/home/mhetac/Documents/GitHub/crossdem/datasets/prime_ministers/dini/csv_out/595447_dini_s2t.csv,4.424778761061947,0.0,678
dini,/home/mhetac/Documents/GitHub/crossdem/datasets/prime_ministers/dini/csv_out/593808_dini_s2t.csv,2.8530670470756063,0.0,701
dini,/home/mhetac/Documents/GitHub/crossdem/datasets/prime_ministers/dini/csv_out/590787_dini_s2t.csv,3.4522439585730726,0.0,869
dini,/home/mhetac/Documents/GitHub/crossdem/datasets/prime_ministers/dini/csv_out/590313_dini_s2t.csv,3.4071550255536627,0.0,587
dini,/home/mhetac/Documents/GitHub/crossdem/datasets/prime_ministers/dini/csv_out/589027_dini_s2t.csv,3.5211267605633805,0.0,852
dini,/home/mhetac/Documents/GitHub/crossdem/datasets/prime_ministers/dini/csv_out/585564_dini_s2t.csv,2.207505518763797,0.0,453
dini,/home/mhetac/Documents/GitHub/crossdem/datasets/prime_ministers/dini/csv_out/576676_dini_s2t.csv,4.796163069544365,0.0,834
dini,/home/mhetac/Documents/GitHub/crossdem/datasets/prime_ministers/dini/csv_out/575568_dini_s2t.csv,0.0,0.0,304
dini,/home/mhetac/Documents/GitHub/crossdem/datasets/prime_ministers/dini/csv_out/569849_dini_s2t.csv,2.34192037470726,0.0,427
dini,/home/mhetac/Documents/GitHub/crossdem/datasets/prime_ministers/dini/csv_out/565870_dini_s2t.csv,8.98876404494382,0.0,445
dini,/home/mhetac/Documents/GitHub/crossdem/datasets/prime_ministers/dini/csv_out/562256_dini_s2t.csv,1.7513134851138354,0.0,571
dini,/home/mhetac/Documents/GitHub/crossdem/datasets/prime_ministers/dini/csv_out/561224_dini_s2t.csv,0.0,0.0,495
dini,/home/mhetac/Documents/GitHub/crossdem/datasets/prime_ministers/dini/csv_out/558253_dini_s2t.csv,4.49438202247191,0.0,890
dini,/home/mhetac/Documents/GitHub/crossdem/datasets/prime_ministers/dini/csv_out/555107_dini_s2t.csv,1.2254901960784315,0.0,816
dini,/home/mhetac/Documents/GitHub/crossdem/datasets/prime_ministers/dini/csv_out/543006_dini_s2t.csv,8.6848635235732,0.0,806
dini,/home/mhetac/Documents/GitHub/crossdem/datasets/prime_ministers/dini/csv_out/537293_dini_s2t.csv,6.564551422319475,0.0,914
dini,/home/mhetac/Documents/GitHub/crossdem/datasets/prime_ministers/dini/csv_out/537168_dini_s2t.csv,6.514657980456026,0.0,921
dini,/home/mhetac/Documents/GitHub/crossdem/datasets/prime_ministers/dini/csv_out/526108_dini_s2t.csv,1.5384615384615385,0.0,650
dini,/home/mhetac/Documents/GitHub/crossdem/datasets/prime_ministers/dini/csv_out/519601_dini_s2t.csv,1.7974835230677053,0.0,1669
dini,/home/mhetac/Documents/GitHub/crossdem/datasets/prime_ministers/dini/csv_out/513907_dini_s2t.csv,5.730659025787966,0.0,698
dini,/home/mhetac/Documents/GitHub/crossdem/datasets/prime_ministers/dini/csv_out/512659_dini_s2t.csv,0.0,0.0,1108
dini,/home/mhetac/Documents/GitHub/crossdem/datasets/prime_ministers/dini/csv_out/510555_dini_s2t.csv,1.1507479861910241,0.0,869
dini,/home/mhetac/Documents/GitHub/crossdem/datasets/prime_ministers/dini/csv_out/508764_dini_s2t.csv,1.2004801920768307,0.0,833
dini,/home/mhetac/Documents/GitHub/crossdem/datasets/prime_ministers/dini/csv_out/505970_dini_s2t.csv,0.0,0.0,661
dini,/home/mhetac/Documents/GitHub/crossdem/datasets/prime_ministers/dini/csv_out/497765_dini_s2t.csv,1.9950124688279303,0.0,2005
dini,/home/mhetac/Documents/GitHub/crossdem/datasets/prime_ministers/dini/csv_out/491660_dini_s2t.csv,0.0,0.0,857
dini,/home/mhetac/Documents/GitHub/crossdem/datasets/prime_ministers/dini/csv_out/486055_dini_s2t.csv,0.0,0.0,609
dini,/home/mhetac/Documents/GitHub/crossdem/datasets/prime_ministers/dini/csv_out/481313_dini_s2t.csv,3.257328990228013,0.0,614
dini,/home/mhetac/Documents/GitHub/crossdem/datasets/prime_ministers/dini/csv_out/478422_dini_s2t.csv,0.0,0.0,872
dini,/home/mhetac/Documents/GitHub/crossdem/datasets/prime_ministers/dini/csv_out/473579_dini_s2t.csv,2.4271844660194173,0.0,412
dini,/home/mhetac/Documents/GitHub/crossdem/datasets/prime_ministers/dini/csv_out/471476_dini_s2t.csv,1.002004008016032,0.0,998
dini,/home/mhetac/Documents/GitHub/crossdem/datasets/prime_ministers/dini/csv_out/466183_dini_s2t.csv,4.638218923933209,0.0,1078
dini,/home/mhetac/Documents/GitHub/crossdem/datasets/prime_ministers/dini/csv_out/441987_dini_s2t.csv,0.0,0.0,770
dini,/home/mhetac/Documents/GitHub/crossdem/datasets/prime_ministers/dini/csv_out/353408_dini_s2t.csv,5.802707930367505,0.0,1551
dini,/home/mhetac/Documents/GitHub/crossdem/datasets/prime_ministers/dini/csv_out/352693_dini_s2t.csv,6.451612903225806,0.0,775
dini,/home/mhetac/Documents/GitHub/crossdem/datasets/prime_ministers/dini/csv_out/351472_dini_s2t.csv,1.5082956259426847,0.0,663
dini,/home/mhetac/Documents/GitHub/crossdem/datasets/prime_ministers/dini/csv_out/349836_dini_s2t.csv,0.0,0.0,1108
dini,/home/mhetac/Documents/GitHub/crossdem/datasets/prime_ministers/dini/csv_out/346426_dini_s2t.csv,0.0,0.0,661
dini,/home/mhetac/Documents/GitHub/crossdem/datasets/prime_ministers/dini/csv_out/344374_dini_s2t.csv,0.0,0.0,419
dini,/home/mhetac/Documents/GitHub/crossdem/datasets/prime_ministers/dini/csv_out/339470_dini_s2t.csv,10.8359133126935,0.0,646
dini,/home/mhetac/Documents/GitHub/crossdem/datasets/prime_ministers/dini/csv_out/338579_dini_s2t.csv,0.0,0.0,253
dini,/home/mhetac/Documents/GitHub/crossdem/datasets/prime_ministers/dini/csv_out/333396_dini_s2t.csv,2.0242914979757085,0.0,988
dini,/home/mhetac/Documents/GitHub/crossdem/datasets/prime_ministers/dini/csv_out/328971_dini_s2t.csv,3.5377358490566038,111.11111111111111,848
dini,/home/mhetac/Documents/GitHub/crossdem/datasets/prime_ministers/dini/csv_out/326696_dini_s2t.csv,3.5587188612099645,0.0,562
dini,/home/mhetac/Documents/GitHub/crossdem/datasets/prime_ministers/dini/csv_out/291755_dini_s2t.csv,0.0,0.0,1292
dini,/home/mhetac/Documents/GitHub/crossdem/datasets/prime_ministers/dini/csv_out/151344_dini_s2t.csv,5.1069262687519945,13.88888888888889,3133
dini,/home/mhetac/Documents/GitHub/crossdem/datasets/prime_ministers/dini/csv_out/141370_dini_s2t.csv,0.7651109410864575,0.0,1307
dini,/home/mhetac/Documents/GitHub/crossdem/datasets/prime_ministers/dini/csv_out/138398_dini_s2t.csv,1.6713091922005572,0.0,1795
dini,/home/mhetac/Documents/GitHub/crossdem/datasets/prime_ministers/dini/csv_out/150958_dini_s2t.csv,0.0,0.0,1636
dini,/home/mhetac/Documents/GitHub/crossdem/datasets/prime_ministers/dini/csv_out/112928_dini_s2t.csv,1.4450867052023122,0.0,5536
dini,/home/mhetac/Documents/GitHub/crossdem/datasets/prime_ministers/dini/csv_out/103835_dini_s2t.csv,0.0,0.0,218
dini,/home/mhetac/Documents/GitHub/crossdem/datasets/prime_ministers/dini/csv_out/103891_dini_s2t.csv,0.9398496240601504,0.0,2128
dini,/home/mhetac/Documents/GitHub/crossdem/datasets/prime_ministers/dini/csv_out/96455_dini_s2t.csv,0.8600917431192661,0.0,3488
dini,/home/mhetac/Documents/GitHub/crossdem/datasets/prime_ministers/dini/csv_out/89359_dini_s2t.csv,4.143360265175057,0.0,4827
dini,/home/mhetac/Documents/GitHub/crossdem/datasets/prime_ministers/dini/csv_out/90914_dini_s2t.csv,1.9406709176601054,0.0,3607
dini,/home/mhetac/Documents/GitHub/crossdem/datasets/prime_ministers/dini/csv_out/87294_dini_s2t.csv,1.3245033112582782,0.0,2265
dini,/home/mhetac/Documents/GitHub/crossdem/datasets/prime_ministers/dini/csv_out/81144_dini_s2t.csv,3.988035892323031,0.0,3009
dini,/home/mhetac/Documents/GitHub/crossdem/datasets/prime_ministers/dini/csv_out/73849_dini_s2t.csv,0.8173273395995097,0.0,2447
dini,/home/mhetac/Documents/GitHub/crossdem/datasets/prime_ministers/dini/csv_out/72722_dini_s2t.csv,3.080082135523614,0.0,3896
dini,/home/mhetac/Documents/GitHub/crossdem/datasets/prime_ministers/dini/csv_out/314276_dini_s2t.csv,37.5,0.0,160
dini,/home/mhetac/Documents/GitHub/crossdem/datasets/prime_ministers/dini/csv_out/294934_dini_s2t.csv,0.0,0.0,47
dini,/home/mhetac/Documents/GitHub/crossdem/datasets/prime_ministers/dini/csv_out/224340_dini_s2t.csv,0.0,0.0,44
dini,/home/mhetac/Documents/GitHub/crossdem/datasets/prime_ministers/dini/csv_out/94727_dini_s2t.csv,3.1645569620253164,0.0,316
dini,/home/mhetac/Documents/GitHub/crossdem/datasets/prime_ministers/dini/csv_out/236839_dini_s2t.csv,4.059040590405904,0.0,2710
prodi,/home/mhetac/Documents/GitHub/crossdem/datasets/prime_ministers/prodi/csv_out/576508_prodi_s2t.csv,2.108433734939759,0.0,3320
prodi,/home/mhetac/Documents/GitHub/crossdem/datasets/prime_ministers/prodi/csv_out/531680_prodi_s2t.csv,1.0576414595452142,0.0,1891
prodi,/home/mhetac/Documents/GitHub/crossdem/datasets/prime_ministers/prodi/csv_out/525673_prodi_s2t.csv,0.6666666666666666,0.0,3000
prodi,/home/mhetac/Documents/GitHub/crossdem/datasets/prime_ministers/prodi/csv_out/512585_prodi_s2t.csv,1.3333333333333333,0.0,750
prodi,/home/mhetac/Documents/GitHub/crossdem/datasets/prime_ministers/prodi/csv_out/511820_prodi_s2t.csv,0.8986744551786116,500.0,4451
prodi,/home/mhetac/Documents/GitHub/crossdem/datasets/prime_ministers/prodi/csv_out/508245_prodi_s2t.csv,6.825938566552901,0.0,1172
prodi,/home/mhetac/Documents/GitHub/crossdem/datasets/prime_ministers/prodi/csv_out/488562_prodi_s2t.csv,2.2197558268590454,0.0,901
prodi,/home/mhetac/Documents/GitHub/crossdem/datasets/prime_ministers/prodi/csv_out/487423_prodi_s2t.csv,1.5490943755958055,0.0,8392
prodi,/home/mhetac/Documents/GitHub/crossdem/datasets/prime_ministers/prodi/csv_out/478739_prodi_s2t.csv,4.614370468029005,0.0,1517
prodi,/home/mhetac/Documents/GitHub/crossdem/datasets/prime_ministers/prodi/csv_out/474891_prodi_s2t.csv,0.9874917709019092,0.0,3038
prodi,/home/mhetac/Documents/GitHub/crossdem/datasets/prime_ministers/prodi/csv_out/474399_prodi_s2t.csv,0.48661800486618007,0.0,4110
prodi,/home/mhetac/Documents/GitHub/crossdem/datasets/prime_ministers/prodi/csv_out/464238_prodi_s2t.csv,1.8539117538005192,66.66666666666667,2697
prodi,/home/mhetac/Documents/GitHub/crossdem/datasets/prime_ministers/prodi/csv_out/460265_prodi_s2t.csv,2.6525198938992043,0.0,3770
prodi,/home/mhetac/Documents/GitHub/crossdem/datasets/prime_ministers/prodi/csv_out/459823_prodi_s2t.csv,1.6973125884016973,0.0,3535
prodi,/home/mhetac/Documents/GitHub/crossdem/datasets/prime_ministers/prodi/csv_out/455748_prodi_s2t.csv,4.797313504437515,10.526315789473685,4169
prodi,/home/mhetac/Documents/GitHub/crossdem/datasets/prime_ministers/prodi/csv_out/453967_prodi_s2t.csv,6.115958574573922,0.0,12263
prodi,/home/mhetac/Documents/GitHub/crossdem/datasets/prime_ministers/prodi/csv_out/436397_prodi_s2t.csv,4.492527734482443,0.0,10907
prodi,/home/mhetac/Documents/GitHub/crossdem/datasets/prime_ministers/prodi/csv_out/428039_prodi_s2t.csv,2.507522567703109,0.0,3988
prodi,/home/mhetac/Documents/GitHub/crossdem/datasets/prime_ministers/prodi/csv_out/425596_prodi_s2t.csv,4.716981132075472,0.0,212
prodi,/home/mhetac/Documents/GitHub/crossdem/datasets/prime_ministers/prodi/csv_out/425394_prodi_s2t.csv,10.705702425169324,10.1010101010101,4577
prodi,/home/mhetac/Documents/GitHub/crossdem/datasets/prime_ministers/prodi/csv_out/424734_prodi_s2t.csv,5.061460592913956,0.0,5532
prodi,/home/mhetac/Documents/GitHub/crossdem/datasets/prime_ministers/prodi/csv_out/420005_prodi_s2t.csv,0.6891798759476223,0.0,2902
prodi,/home/mhetac/Documents/GitHub/crossdem/datasets/prime_ministers/prodi/csv_out/414862_prodi_s2t.csv,3.6981235447199015,66.66666666666667,7301
prodi,/home/mhetac/Documents/GitHub/crossdem/datasets/prime_ministers/prodi/csv_out/412530_prodi_s2t.csv,1.8548574078367726,0.0,4313
prodi,/home/mhetac/Documents/GitHub/crossdem/datasets/prime_ministers/prodi/csv_out/412426_prodi_s2t.csv,2.6060175313906657,0.0,4221
prodi,/home/mhetac/Documents/GitHub/crossdem/datasets/prime_ministers/prodi/csv_out/410793_prodi_s2t.csv,0.0,0.0,7435
prodi,/home/mhetac/Documents/GitHub/crossdem/datasets/prime_ministers/prodi/csv_out/410758_prodi_s2t.csv,3.5687732342007434,8.130081300813009,6725
prodi,/home/mhetac/Documents/GitHub/crossdem/datasets/prime_ministers/prodi/csv_out/407846_prodi_s2t.csv,2.4813895781637716,0.0,806
prodi,/home/mhetac/Documents/GitHub/crossdem/datasets/prime_ministers/prodi/csv_out/403541_prodi_s2t.csv,3.3279366792588596,35.714285714285715,11118
prodi,/home/mhetac/Documents/GitHub/crossdem/datasets/prime_ministers/prodi/csv_out/399122_prodi_s2t.csv,4.393505253104107,18.867924528301888,5235
prodi,/home/mhetac/Documents/GitHub/crossdem/datasets/prime_ministers/prodi/csv_out/398424_prodi_s2t.csv,4.685059864653826,0.0,3842
prodi,/home/mhetac/Documents/GitHub/crossdem/datasets/prime_ministers/prodi/csv_out/381769_prodi_s2t.csv,1.2234910277324633,0.0,2452
prodi,/home/mhetac/Documents/GitHub/crossdem/datasets/prime_ministers/prodi/csv_out/374336_prodi_s2t.csv,2.320185614849188,0.0,2155
prodi,/home/mhetac/Documents/GitHub/crossdem/datasets/prime_ministers/prodi/csv_out/367199_prodi_s2t.csv,4.018754186202277,10.204081632653061,2986
prodi,/home/mhetac/Documents/GitHub/crossdem/datasets/prime_ministers/prodi/csv_out/356559_prodi_s2t.csv,3.2576827017048537,0.0,9209
prodi,/home/mhetac/Documents/GitHub/crossdem/datasets/prime_ministers/prodi/csv_out/346793_prodi_s2t.csv,0.6284038542103059,0.0,4774
prodi,/home/mhetac/Documents/GitHub/crossdem/datasets/prime_ministers/prodi/csv_out/346816_prodi_s2t.csv,1.9897003745318351,0.0,8544
prodi,/home/mhetac/Documents/GitHub/crossdem/datasets/prime_ministers/prodi/csv_out/340371_prodi_s2t.csv,2.94811320754717,500.0,3392
prodi,/home/mhetac/Documents/GitHub/crossdem/datasets/prime_ministers/prodi/csv_out/336521_prodi_s2t.csv,5.805071799572258,0.0,3273
prodi,/home/mhetac/Documents/GitHub/crossdem/datasets/prime_ministers/prodi/csv_out/331394_prodi_s2t.csv,3.0376670716889427,0.0,1646
prodi,/home/mhetac/Documents/GitHub/crossdem/datasets/prime_ministers/prodi/csv_out/331312_prodi_s2t.csv,5.298651252408478,0.0,2076
prodi,/home/mhetac/Documents/GitHub/crossdem/datasets/prime_ministers/prodi/csv_out/322175_prodi_s2t.csv,1.9955654101995566,11.627906976744185,4510
prodi,/home/mhetac/Documents/GitHub/crossdem/datasets/prime_ministers/prodi/csv_out/300353_prodi_s2t.csv,2.4877755854851165,0.0,11657
prodi,/home/mhetac/Documents/GitHub/crossdem/datasets/prime_ministers/prodi/csv_out/291688_prodi_s2t.csv,6.4,0.0,5625
prodi,/home/mhetac/Documents/GitHub/crossdem/datasets/prime_ministers/prodi/csv_out/290690_prodi_s2t.csv,1.0235414534288638,0.0,977
prodi,/home/mhetac/Documents/GitHub/crossdem/datasets/prime_ministers/prodi/csv_out/287701_prodi_s2t.csv,2.2004889975550124,0.0,4090
prodi,/home/mhetac/Documents/GitHub/crossdem/datasets/prime_ministers/prodi/csv_out/275922_prodi_s2t.csv,2.6136957658128592,0.0,1913
prodi,/home/mhetac/Documents/GitHub/crossdem/datasets/prime_ministers/prodi/csv_out/275619_prodi_s2t.csv,5.7219149341979785,0.0,5243
prodi,/home/mhetac/Documents/GitHub/crossdem/datasets/prime_ministers/prodi/csv_out/274907_prodi_s2t.csv,3.0223390275952693,0.0,7610
prodi,/home/mhetac/Documents/GitHub/crossdem/datasets/prime_ministers/prodi/csv_out/272385_prodi_s2t.csv,3.6492935342004302,0.0,10687
prodi,/home/mhetac/Documents/GitHub/crossdem/datasets/prime_ministers/prodi/csv_out/262935_prodi_s2t.csv,0.7710100231303006,90.9090909090909,2594
prodi,/home/mhetac/Documents/GitHub/crossdem/datasets/prime_ministers/prodi/csv_out/261074_prodi_s2t.csv,3.8245585482952236,9.090909090909092,12289
prodi,/home/mhetac/Documents/GitHub/crossdem/datasets/prime_ministers/prodi/csv_out/258838_prodi_s2t.csv,2.609830361026533,12.345679012345679,2299
prodi,/home/mhetac/Documents/GitHub/crossdem/datasets/prime_ministers/prodi/csv_out/255535_prodi_s2t.csv,2.504788566376897,5.747126436781609,6787
prodi,/home/mhetac/Documents/GitHub/crossdem/datasets/prime_ministers/prodi/csv_out/253513_prodi_s2t.csv,0.0,0.0,1095
prodi,/home/mhetac/Documents/GitHub/crossdem/datasets/prime_ministers/prodi/csv_out/252933_prodi_s2t.csv,4.501800720288116,0.0,3332
prodi,/home/mhetac/Documents/GitHub/crossdem/datasets/prime_ministers/prodi/csv_out/248782_prodi_s2t.csv,1.4917951268025857,0.0,2011
prodi,/home/mhetac/Documents/GitHub/crossdem/datasets/prime_ministers/prodi/csv_out/247658_prodi_s2t.csv,0.0,0.0,378
prodi,/home/mhetac/Documents/GitHub/crossdem/datasets/prime_ministers/prodi/csv_out/247477_prodi_s2t.csv,1.3855213023900244,0.0,2887
prodi,/home/mhetac/Documents/GitHub/crossdem/datasets/prime_ministers/prodi/csv_out/244978_prodi_s2t.csv,3.6303630363036303,0.0,6060
prodi,/home/mhetac/Documents/GitHub/crossdem/datasets/prime_ministers/prodi/csv_out/242973_prodi_s2t.csv,0.3799392097264438,0.0,2632
prodi,/home/mhetac/Documents/GitHub/crossdem/datasets/prime_ministers/prodi/csv_out/241649_prodi_s2t.csv,2.7791401013568744,0.0,6117
prodi,/home/mhetac/Documents/GitHub/crossdem/datasets/prime_ministers/prodi/csv_out/241246_prodi_s2t.csv,0.0,0.0,1764
prodi,/home/mhetac/Documents/GitHub/crossdem/datasets/prime_ministers/prodi/csv_out/239139_prodi_s2t.csv,1.1587485515643106,16.39344262295082,1726
prodi,/home/mhetac/Documents/GitHub/crossdem/datasets/prime_ministers/prodi/csv_out/238996_prodi_s2t.csv,0.0,0.0,674
prodi,/home/mhetac/Documents/GitHub/crossdem/datasets/prime_ministers/prodi/csv_out/238729_prodi_s2t.csv,0.7048458149779736,0.0,5675
prodi,/home/mhetac/Documents/GitHub/crossdem/datasets/prime_ministers/prodi/csv_out/238136_prodi_s2t.csv,8.560311284046692,0.0,1285
prodi,/home/mhetac/Documents/GitHub/crossdem/datasets/prime_ministers/prodi/csv_out/237009_prodi_s2t.csv,0.0,0.0,1046
prodi,/home/mhetac/Documents/GitHub/crossdem/datasets/prime_ministers/prodi/csv_out/233776_prodi_s2t.csv,12.491781722550954,0.0,1521
prodi,/home/mhetac/Documents/GitHub/crossdem/datasets/prime_ministers/prodi/csv_out/230894_prodi_s2t.csv,1.3256738842244808,0.0,2263
prodi,/home/mhetac/Documents/GitHub/crossdem/datasets/prime_ministers/prodi/csv_out/227329_prodi_s2t.csv,0.727802037845706,0.0,2748
prodi,/home/mhetac/Documents/GitHub/crossdem/datasets/prime_ministers/prodi/csv_out/227258_prodi_s2t.csv,0.8215962441314554,0.0,8520
prodi,/home/mhetac/Documents/GitHub/crossdem/datasets/prime_ministers/prodi/csv_out/227048_prodi_s2t.csv,2.6939655172413794,0.0,3712
prodi,/home/mhetac/Documents/GitHub/crossdem/datasets/prime_ministers/prodi/csv_out/226382_prodi_s2t.csv,0.26001040041601664,0.0,3846
prodi,/home/mhetac/Documents/GitHub/crossdem/datasets/prime_ministers/prodi/csv_out/225051_prodi_s2t.csv,1.2244897959183674,0.0,2450
prodi,/home/mhetac/Documents/GitHub/crossdem/datasets/prime_ministers/prodi/csv_out/224917_prodi_s2t.csv,0.48851978505129456,0.0,2047
prodi,/home/mhetac/Documents/GitHub/crossdem/datasets/prime_ministers/prodi/csv_out/224885_prodi_s2t.csv,0.10563008344776592,7.462686567164179,9467
prodi,/home/mhetac/Documents/GitHub/crossdem/datasets/prime_ministers/prodi/csv_out/224450_prodi_s2t.csv,1.4732965009208103,10.638297872340425,5430
prodi,/home/mhetac/Documents/GitHub/crossdem/datasets/prime_ministers/prodi/csv_out/223400_prodi_s2t.csv,0.0,0.0,1881
prodi,/home/mhetac/Documents/GitHub/crossdem/datasets/prime_ministers/prodi/csv_out/220621_prodi_s2t.csv,2.407704654895666,0.0,1246
prodi,/home/mhetac/Documents/GitHub/crossdem/datasets/prime_ministers/prodi/csv_out/219382_prodi_s2t.csv,0.0,0.0,529
prodi,/home/mhetac/Documents/GitHub/crossdem/datasets/prime_ministers/prodi/csv_out/215969_prodi_s2t.csv,0.35001750087504374,0.0,2857
prodi,/home/mhetac/Documents/GitHub/crossdem/datasets/prime_ministers/prodi/csv_out/213207_prodi_s2t.csv,0.28810141169691733,0.0,3471
prodi,/home/mhetac/Documents/GitHub/crossdem/datasets/prime_ministers/prodi/csv_out/213088_prodi_s2t.csv,4.6253469010175765,0.0,4324
prodi,/home/mhetac/Documents/GitHub/crossdem/datasets/prime_ministers/prodi/csv_out/212018_prodi_s2t.csv,1.4039310068190936,500.0,4986
prodi,/home/mhetac/Documents/GitHub/crossdem/datasets/prime_ministers/prodi/csv_out/212019_prodi_s2t.csv,0.9302325581395349,0.0,4300
prodi,/home/mhetac/Documents/GitHub/crossdem/datasets/prime_ministers/prodi/csv_out/211308_prodi_s2t.csv,3.189227498228207,17.54385964912281,2822
prodi,/home/mhetac/Documents/GitHub/crossdem/datasets/prime_ministers/prodi/csv_out/209498_prodi_s2t.csv,0.4887585532746823,0.0,4092
prodi,/home/mhetac/Documents/GitHub/crossdem/datasets/prime_ministers/prodi/csv_out/209494_prodi_s2t.csv,0.42817383857846286,0.0,4671
prodi,/home/mhetac/Documents/GitHub/crossdem/datasets/prime_ministers/prodi/csv_out/209275_prodi_s2t.csv,2.407318247472316,0.0,2077
prodi,/home/mhetac/Documents/GitHub/crossdem/datasets/prime_ministers/prodi/csv_out/207265_prodi_s2t.csv,0.5757052389176741,0.0,1737
prodi,/home/mhetac/Documents/GitHub/crossdem/datasets/prime_ministers/prodi/csv_out/206949_prodi_s2t.csv,0.0,0.0,1684
prodi,/home/mhetac/Documents/GitHub/crossdem/datasets/prime_ministers/prodi/csv_out/206595_prodi_s2t.csv,0.7327796775769418,0.0,4094
prodi,/home/mhetac/Documents/GitHub/crossdem/datasets/prime_ministers/prodi/csv_out/205987_prodi_s2t.csv,1.8501387604070305,0.0,6486
prodi,/home/mhetac/Documents/GitHub/crossdem/datasets/prime_ministers/prodi/csv_out/205750_prodi_s2t.csv,0.0,0.0,33
prodi,/home/mhetac/Documents/GitHub/crossdem/datasets/prime_ministers/prodi/csv_out/204461_prodi_s2t.csv,2.9761904761904763,0.0,5376
prodi,/home/mhetac/Documents/GitHub/crossdem/datasets/prime_ministers/prodi/csv_out/225656_prodi_s2t.csv,2.018842530282638,0.0,2972
prodi,/home/mhetac/Documents/GitHub/crossdem/datasets/prime_ministers/prodi/csv_out/200999_prodi_s2t.csv,1.1786892975011787,0.0,4242
prodi,/home/mhetac/Documents/GitHub/crossdem/datasets/prime_ministers/prodi/csv_out/198599_prodi_s2t.csv,0.6487889273356401,0.0,4624
prodi,/home/mhetac/Documents/GitHub/crossdem/datasets/prime_ministers/prodi/csv_out/257419_prodi_s2t.csv,0.5617977528089888,0.0,1780
prodi,/home/mhetac/Documents/GitHub/crossdem/datasets/prime_ministers/prodi/csv_out/254328_prodi_s2t.csv,0.7272727272727273,0.0,4125
prodi,/home/mhetac/Documents/GitHub/crossdem/datasets/prime_ministers/prodi/csv_out/258781_prodi_s2t.csv,0.9803921568627451,0.0,1020
prodi,/home/mhetac/Documents/GitHub/crossdem/datasets/prime_ministers/prodi/csv_out/257335_prodi_s2t.csv,1.325088339222615,0.0,6792
prodi,/home/mhetac/Documents/GitHub/crossdem/datasets/prime_ministers/prodi/csv_out/257290_prodi_s2t.csv,0.2675943270002676,0.0,3737
prodi,/home/mhetac/Documents/GitHub/crossdem/datasets/prime_ministers/prodi/csv_out/257242_prodi_s2t.csv,2.464788732394366,0.0,2840
prodi,/home/mhetac/Documents/GitHub/crossdem/datasets/prime_ministers/prodi/csv_out/250845_prodi_s2t.csv,3.679175864606328,0.0,1359
prodi,/home/mhetac/Documents/GitHub/crossdem/datasets/prime_ministers/prodi/csv_out/250873_prodi_s2t.csv,0.0,0.0,1145
prodi,/home/mhetac/Documents/GitHub/crossdem/datasets/prime_ministers/prodi/csv_out/250448_prodi_s2t.csv,2.2481095442468835,0.0,4893
prodi,/home/mhetac/Documents/GitHub/crossdem/datasets/prime_ministers/prodi/csv_out/247304_prodi_s2t.csv,2.307565518378111,0.0,6067
prodi,/home/mhetac/Documents/GitHub/crossdem/datasets/prime_ministers/prodi/csv_out/219627_prodi_s2t.csv,1.6927634363097757,0.0,2363
prodi,/home/mhetac/Documents/GitHub/crossdem/datasets/prime_ministers/prodi/csv_out/247385_prodi_s2t.csv,1.3855898653998417,0.0,5052
prodi,/home/mhetac/Documents/GitHub/crossdem/datasets/prime_ministers/prodi/csv_out/240914_prodi_s2t.csv,1.0845986984815619,0.0,1844
prodi,/home/mhetac/Documents/GitHub/crossdem/datasets/prime_ministers/prodi/csv_out/245803_prodi_s2t.csv,0.670690811535882,0.0,1491
prodi,/home/mhetac/Documents/GitHub/crossdem/datasets/prime_ministers/prodi/csv_out/240587_prodi_s2t.csv,1.2830793905372895,0.0,6235
prodi,/home/mhetac/Documents/GitHub/crossdem/datasets/prime_ministers/prodi/csv_out/233509_prodi_s2t.csv,1.6038492381716118,0.0,6235
prodi,/home/mhetac/Documents/GitHub/crossdem/datasets/prime_ministers/prodi/csv_out/233506_prodi_s2t.csv,0.9923096005953858,500.0,4031
prodi,/home/mhetac/Documents/GitHub/crossdem/datasets/prime_ministers/prodi/csv_out/237399_prodi_s2t.csv,2.0848368214257076,0.0,12471
prodi,/home/mhetac/Documents/GitHub/crossdem/datasets/prime_ministers/prodi/csv_out/230057_prodi_s2t.csv,0.999000999000999,0.0,3003
prodi,/home/mhetac/Documents/GitHub/crossdem/datasets/prime_ministers/prodi/csv_out/223498_prodi_s2t.csv,1.3366005791935842,0.0,8978
prodi,/home/mhetac/Documents/GitHub/crossdem/datasets/prime_ministers/prodi/csv_out/237375_prodi_s2t.csv,0.0,0.0,1219
prodi,/home/mhetac/Documents/GitHub/crossdem/datasets/prime_ministers/prodi/csv_out/237231_prodi_s2t.csv,4.651162790697675,0.0,860
prodi,/home/mhetac/Documents/GitHub/crossdem/datasets/prime_ministers/prodi/csv_out/220778_prodi_s2t.csv,1.166407465007776,0.0,2572
prodi,/home/mhetac/Documents/GitHub/crossdem/datasets/prime_ministers/prodi/csv_out/215905_prodi_s2t.csv,0.0,0.0,552
prodi,/home/mhetac/Documents/GitHub/crossdem/datasets/prime_ministers/prodi/csv_out/218755_prodi_s2t.csv,2.73084144051886,0.0,5859
prodi,/home/mhetac/Documents/GitHub/crossdem/datasets/prime_ministers/prodi/csv_out/218751_prodi_s2t.csv,0.0,0.0,589
prodi,/home/mhetac/Documents/GitHub/crossdem/datasets/prime_ministers/prodi/csv_out/213142_prodi_s2t.csv,0.6857142857142857,0.0,4375
prodi,/home/mhetac/Documents/GitHub/crossdem/datasets/prime_ministers/prodi/csv_out/214805_prodi_s2t.csv,2.5449918196691512,0.0,5501
prodi,/home/mhetac/Documents/GitHub/crossdem/datasets/prime_ministers/prodi/csv_out/214804_prodi_s2t.csv,6.048941435248832,0.0,3637
prodi,/home/mhetac/Documents/GitHub/crossdem/datasets/prime_ministers/prodi/csv_out/198195_prodi_s2t.csv,2.5210084033613445,0.0,1190
prodi,/home/mhetac/Documents/GitHub/crossdem/datasets/prime_ministers/prodi/csv_out/198056_prodi_s2t.csv,1.0175527855507505,0.0,7862
prodi,/home/mhetac/Documents/GitHub/crossdem/datasets/prime_ministers/prodi/csv_out/206257_prodi_s2t.csv,4.891864057672502,0.0,3884
prodi,/home/mhetac/Documents/GitHub/crossdem/datasets/prime_ministers/prodi/csv_out/229761_prodi_s2t.csv,1.4531866306829977,0.0,4817
prodi,/home/mhetac/Documents/GitHub/crossdem/datasets/prime_ministers/prodi/csv_out/164569_prodi_s2t.csv,1.7297297297297298,7.8125,4625
prodi,/home/mhetac/Documents/GitHub/crossdem/datasets/prime_ministers/prodi/csv_out/221381_prodi_s2t.csv,1.1350737797956867,0.0,4405
prodi,/home/mhetac/Documents/GitHub/crossdem/datasets/prime_ministers/prodi/csv_out/194133_prodi_s2t.csv,1.8851918182675087,9.852216748768473,10609
prodi,/home/mhetac/Documents/GitHub/crossdem/datasets/prime_ministers/prodi/csv_out/194151_prodi_s2t.csv,5.813953488372093,0.0,2064
prodi,/home/mhetac/Documents/GitHub/crossdem/datasets/prime_ministers/prodi/csv_out/164515_prodi_s2t.csv,1.5875115756052387,0.0,7559
prodi,/home/mhetac/Documents/GitHub/crossdem/datasets/prime_ministers/prodi/csv_out/164513_prodi_s2t.csv,2.4749922656491696,3.4722222222222223,9697
prodi,/home/mhetac/Documents/GitHub/crossdem/datasets/prime_ministers/prodi/csv_out/159261_prodi_s2t.csv,1.8861993083935868,0.0,3181
prodi,/home/mhetac/Documents/GitHub/crossdem/datasets/prime_ministers/prodi/csv_out/160149_prodi_s2t.csv,1.986491855383393,0.0,5034
prodi,/home/mhetac/Documents/GitHub/crossdem/datasets/prime_ministers/prodi/csv_out/161447_prodi_s2t.csv,3.633217993079585,0.0,5780
prodi,/home/mhetac/Documents/GitHub/crossdem/datasets/prime_ministers/prodi/csv_out/162382_prodi_s2t.csv,5.538461538461538,0.0,3250
prodi,/home/mhetac/Documents/GitHub/crossdem/datasets/prime_ministers/prodi/csv_out/159503_prodi_s2t.csv,1.5467904098994587,0.0,1293
prodi,/home/mhetac/Documents/GitHub/crossdem/datasets/prime_ministers/prodi/csv_out/159375_prodi_s2t.csv,15.67398119122257,0.0,1595
prodi,/home/mhetac/Documents/GitHub/crossdem/datasets/prime_ministers/prodi/csv_out/158924_prodi_s2t.csv,1.4479638009049773,0.0,5525
prodi,/home/mhetac/Documents/GitHub/crossdem/datasets/prime_ministers/prodi/csv_out/159041_prodi_s2t.csv,1.9244226731980405,6.944444444444445,5716
prodi,/home/mhetac/Documents/GitHub/crossdem/datasets/prime_ministers/prodi/csv_out/156987_prodi_s2t.csv,0.45724737082761774,0.0,2187
prodi,/home/mhetac/Documents/GitHub/crossdem/datasets/prime_ministers/prodi/csv_out/159218_prodi_s2t.csv,5.161290322580645,0.0,3100
prodi,/home/mhetac/Documents/GitHub/crossdem/datasets/prime_ministers/prodi/csv_out/159677_prodi_s2t.csv,2.0390329158170695,0.0,3433
prodi,/home/mhetac/Documents/GitHub/crossdem/datasets/prime_ministers/prodi/csv_out/159078_prodi_s2t.csv,1.7094017094017093,0.0,3510
prodi,/home/mhetac/Documents/GitHub/crossdem/datasets/prime_ministers/prodi/csv_out/158030_prodi_s2t.csv,0.70298769771529,0.0,2845
prodi,/home/mhetac/Documents/GitHub/crossdem/datasets/prime_ministers/prodi/csv_out/157901_prodi_s2t.csv,2.8832292167227296,0.0,2081
prodi,/home/mhetac/Documents/GitHub/crossdem/datasets/prime_ministers/prodi/csv_out/156785_prodi_s2t.csv,1.7385257301808066,0.0,5752
prodi,/home/mhetac/Documents/GitHub/crossdem/datasets/prime_ministers/prodi/csv_out/156241_prodi_s2t.csv,2.2809351834252043,0.0,5261
prodi,/home/mhetac/Documents/GitHub/crossdem/datasets/prime_ministers/prodi/csv_out/155429_prodi_s2t.csv,5.096839959225281,0.0,981
prodi,/home/mhetac/Documents/GitHub/crossdem/datasets/prime_ministers/prodi/csv_out/153197_prodi_s2t.csv,0.0,0.0,5211
prodi,/home/mhetac/Documents/GitHub/crossdem/datasets/prime_ministers/prodi/csv_out/150171_prodi_s2t.csv,3.192338387869114,8.695652173913043,7518
prodi,/home/mhetac/Documents/GitHub/crossdem/datasets/prime_ministers/prodi/csv_out/150339_prodi_s2t.csv,1.3575428474461224,0.0,5893
prodi,/home/mhetac/Documents/GitHub/crossdem/datasets/prime_ministers/prodi/csv_out/147628_prodi_s2t.csv,1.4705882352941178,0.0,3400
prodi,/home/mhetac/Documents/GitHub/crossdem/datasets/prime_ministers/prodi/csv_out/149023_prodi_s2t.csv,1.0251903925014645,0.0,6828
prodi,/home/mhetac/Documents/GitHub/crossdem/datasets/prime_ministers/prodi/csv_out/147482_prodi_s2t.csv,1.2077294685990339,0.0,1656
prodi,/home/mhetac/Documents/GitHub/crossdem/datasets/prime_ministers/prodi/csv_out/146448_prodi_s2t.csv,1.7699115044247788,0.0,565
prodi,/home/mhetac/Documents/GitHub/crossdem/datasets/prime_ministers/prodi/csv_out/146066_prodi_s2t.csv,0.5802146794313896,0.0,3447
prodi,/home/mhetac/Documents/GitHub/crossdem/datasets/prime_ministers/prodi/csv_out/145592_prodi_s2t.csv,0.0,0.0,280
prodi,/home/mhetac/Documents/GitHub/crossdem/datasets/prime_ministers/prodi/csv_out/145478_prodi_s2t.csv,2.0031159581571334,0.0,4493
prodi,/home/mhetac/Documents/GitHub/crossdem/datasets/prime_ministers/prodi/csv_out/143614_prodi_s2t.csv,0.9244280101687081,0.0,4327
prodi,/home/mhetac/Documents/GitHub/crossdem/datasets/prime_ministers/prodi/csv_out/145386_prodi_s2t.csv,1.880484747179273,38.46153846153846,4786
prodi,/home/mhetac/Documents/GitHub/crossdem/datasets/prime_ministers/prodi/csv_out/145183_prodi_s2t.csv,2.2796352583586628,0.0,5264
prodi,/home/mhetac/Documents/GitHub/crossdem/datasets/prime_ministers/prodi/csv_out/145384_prodi_s2t.csv,0.0,0.0,3774
prodi,/home/mhetac/Documents/GitHub/crossdem/datasets/prime_ministers/prodi/csv_out/143449_prodi_s2t.csv,1.1855364552459988,0.0,5061
prodi,/home/mhetac/Documents/GitHub/crossdem/datasets/prime_ministers/prodi/csv_out/141631_prodi_s2t.csv,3.6151837718417354,0.0,4979
prodi,/home/mhetac/Documents/GitHub/crossdem/datasets/prime_ministers/prodi/csv_out/144580_prodi_s2t.csv,1.252261026854042,27.027027027027028,7187
prodi,/home/mhetac/Documents/GitHub/crossdem/datasets/prime_ministers/prodi/csv_out/144159_prodi_s2t.csv,0.8869179600886918,0.0,2255
prodi,/home/mhetac/Documents/GitHub/crossdem/datasets/prime_ministers/prodi/csv_out/138682_prodi_s2t.csv,11.254019292604502,0.0,1244
prodi,/home/mhetac/Documents/GitHub/crossdem/datasets/prime_ministers/prodi/csv_out/146680_prodi_s2t.csv,0.3480682213713888,0.0,2873
prodi,/home/mhetac/Documents/GitHub/crossdem/datasets/prime_ministers/prodi/csv_out/143888_prodi_s2t.csv,3.0284675953967293,0.0,3302
prodi,/home/mhetac/Documents/GitHub/crossdem/datasets/prime_ministers/prodi/csv_out/143211_prodi_s2t.csv,1.5069697350244882,0.0,7963
prodi,/home/mhetac/Documents/GitHub/crossdem/datasets/prime_ministers/prodi/csv_out/138889_prodi_s2t.csv,1.4903129657228018,0.0,4026
prodi,/home/mhetac/Documents/GitHub/crossdem/datasets/prime_ministers/prodi/csv_out/142976_prodi_s2t.csv,0.0,0.0,300
prodi,/home/mhetac/Documents/GitHub/crossdem/datasets/prime_ministers/prodi/csv_out/135765_prodi_s2t.csv,1.3407072230601642,0.0,5967
prodi,/home/mhetac/Documents/GitHub/crossdem/datasets/prime_ministers/prodi/csv_out/140125_prodi_s2t.csv,0.4346881112801565,0.0,4601
prodi,/home/mhetac/Documents/GitHub/crossdem/datasets/prime_ministers/prodi/csv_out/140123_prodi_s2t.csv,0.28785261945883706,0.0,3474
prodi,/home/mhetac/Documents/GitHub/crossdem/datasets/prime_ministers/prodi/csv_out/131900_prodi_s2t.csv,5.195929854946958,0.0,4619
prodi,/home/mhetac/Documents/GitHub/crossdem/datasets/prime_ministers/prodi/csv_out/139197_prodi_s2t.csv,1.452643811737362,0.0,3442
prodi,/home/mhetac/Documents/GitHub/crossdem/datasets/prime_ministers/prodi/csv_out/139036_prodi_s2t.csv,1.9675356615838662,0.0,2033
prodi,/home/mhetac/Documents/GitHub/crossdem/datasets/prime_ministers/prodi/csv_out/138943_prodi_s2t.csv,0.8730356697430781,0.0,8018
prodi,/home/mhetac/Documents/GitHub/crossdem/datasets/prime_ministers/prodi/csv_out/138847_prodi_s2t.csv,2.2539444027047333,0.0,5324
prodi,/home/mhetac/Documents/GitHub/crossdem/datasets/prime_ministers/prodi/csv_out/138250_prodi_s2t.csv,1.5549901046084251,0.0,7074
prodi,/home/mhetac/Documents/GitHub/crossdem/datasets/prime_ministers/prodi/csv_out/129762_prodi_s2t.csv,0.47641734159123394,0.0,2099
prodi,/home/mhetac/Documents/GitHub/crossdem/datasets/prime_ministers/prodi/csv_out/134737_prodi_s2t.csv,3.5778175313059033,0.0,1677
prodi,/home/mhetac/Documents/GitHub/crossdem/datasets/prime_ministers/prodi/csv_out/128100_prodi_s2t.csv,0.5395198273536552,0.0,3707
prodi,/home/mhetac/Documents/GitHub/crossdem/datasets/prime_ministers/prodi/csv_out/132844_prodi_s2t.csv,2.7652086475615887,0.0,3978
prodi,/home/mhetac/Documents/GitHub/crossdem/datasets/prime_ministers/prodi/csv_out/132534_prodi_s2t.csv,2.3408239700374533,0.0,2136
prodi,/home/mhetac/Documents/GitHub/crossdem/datasets/prime_ministers/prodi/csv_out/132882_prodi_s2t.csv,2.6246719160104988,0.0,3810
prodi,/home/mhetac/Documents/GitHub/crossdem/datasets/prime_ministers/prodi/csv_out/123334_prodi_s2t.csv,3.9768618944323935,0.0,5532
prodi,/home/mhetac/Documents/GitHub/crossdem/datasets/prime_ministers/prodi/csv_out/130629_prodi_s2t.csv,1.5337423312883436,0.0,1304
prodi,/home/mhetac/Documents/GitHub/crossdem/datasets/prime_ministers/prodi/csv_out/130453_prodi_s2t.csv,1.1989209711259867,0.0,10009
prodi,/home/mhetac/Documents/GitHub/crossdem/datasets/prime_ministers/prodi/csv_out/126163_prodi_s2t.csv,2.905920813657828,0.0,2753
prodi,/home/mhetac/Documents/GitHub/crossdem/datasets/prime_ministers/prodi/csv_out/115197_prodi_s2t.csv,1.6071428571428572,0.0,5600
prodi,/home/mhetac/Documents/GitHub/crossdem/datasets/prime_ministers/prodi/csv_out/118852_prodi_s2t.csv,2.450980392156863,0.0,816
prodi,/home/mhetac/Documents/GitHub/crossdem/datasets/prime_ministers/prodi/csv_out/117414_prodi_s2t.csv,3.150057273768614,0.0,3492
prodi,/home/mhetac/Documents/GitHub/crossdem/datasets/prime_ministers/prodi/csv_out/125267_prodi_s2t.csv,3.2653061224489797,0.0,1225
prodi,/home/mhetac/Documents/GitHub/crossdem/datasets/prime_ministers/prodi/csv_out/114098_prodi_s2t.csv,1.8765246762994934,0.0,5329
prodi,/home/mhetac/Documents/GitHub/crossdem/datasets/prime_ministers/prodi/csv_out/111378_prodi_s2t.csv,2.8590279305036286,0.0,4547
prodi,/home/mhetac/Documents/GitHub/crossdem/datasets/prime_ministers/prodi/csv_out/124928_prodi_s2t.csv,2.1119324181626187,0.0,2841
prodi,/home/mhetac/Documents/GitHub/crossdem/datasets/prime_ministers/prodi/csv_out/119887_prodi_s2t.csv,21.782178217821784,0.0,505
prodi,/home/mhetac/Documents/GitHub/crossdem/datasets/prime_ministers/prodi/csv_out/113364_prodi_s2t.csv,3.7931722898782194,0.0,5009
prodi,/home/mhetac/Documents/GitHub/crossdem/datasets/prime_ministers/prodi/csv_out/130965_prodi_s2t.csv,1.5309246785058175,0.0,3266
prodi,/home/mhetac/Documents/GitHub/crossdem/datasets/prime_ministers/prodi/csv_out/112213_prodi_s2t.csv,6.968641114982578,0.0,2009
prodi,/home/mhetac/Documents/GitHub/crossdem/datasets/prime_ministers/prodi/csv_out/113386_prodi_s2t.csv,3.1034137551306435,0.0,9989
prodi,/home/mhetac/Documents/GitHub/crossdem/datasets/prime_ministers/prodi/csv_out/108844_prodi_s2t.csv,2.0366598778004072,0.0,4910
prodi,/home/mhetac/Documents/GitHub/crossdem/datasets/prime_ministers/prodi/csv_out/108916_prodi_s2t.csv,0.9435742592942065,0.0,5299
prodi,/home/mhetac/Documents/GitHub/crossdem/datasets/prime_ministers/prodi/csv_out/126862_prodi_s2t.csv,0.6968641114982579,0.0,1435
prodi,/home/mhetac/Documents/GitHub/crossdem/datasets/prime_ministers/prodi/csv_out/106862_prodi_s2t.csv,2.4554941682013505,0.0,4887
prodi,/home/mhetac/Documents/GitHub/crossdem/datasets/prime_ministers/prodi/csv_out/113599_prodi_s2t.csv,3.9205436487192893,0.0,3826
prodi,/home/mhetac/Documents/GitHub/crossdem/datasets/prime_ministers/prodi/csv_out/114090_prodi_s2t.csv,1.244361487011977,0.0,6429
prodi,/home/mhetac/Documents/GitHub/crossdem/datasets/prime_ministers/prodi/csv_out/104727_prodi_s2t.csv,0.0,0.0,2167
prodi,/home/mhetac/Documents/GitHub/crossdem/datasets/prime_ministers/prodi/csv_out/102739_prodi_s2t.csv,2.9728725380899292,0.0,5382
prodi,/home/mhetac/Documents/GitHub/crossdem/datasets/prime_ministers/prodi/csv_out/105800_prodi_s2t.csv,0.0,0.0,2911
prodi,/home/mhetac/Documents/GitHub/crossdem/datasets/prime_ministers/prodi/csv_out/103437_prodi_s2t.csv,0.0,0.0,1873
prodi,/home/mhetac/Documents/GitHub/crossdem/datasets/prime_ministers/prodi/csv_out/101797_prodi_s2t.csv,0.5417118093174431,0.0,1846
prodi,/home/mhetac/Documents/GitHub/crossdem/datasets/prime_ministers/prodi/csv_out/101012_prodi_s2t.csv,4.5584045584045585,0.0,3510
prodi,/home/mhetac/Documents/GitHub/crossdem/datasets/prime_ministers/prodi/csv_out/100809_prodi_s2t.csv,1.4139827179890023,0.0,6365
prodi,/home/mhetac/Documents/GitHub/crossdem/datasets/prime_ministers/prodi/csv_out/100772_prodi_s2t.csv,2.5873221216041395,0.0,1546
prodi,/home/mhetac/Documents/GitHub/crossdem/datasets/prime_ministers/prodi/csv_out/100729_prodi_s2t.csv,4.7568710359408035,0.0,1892
prodi,/home/mhetac/Documents/GitHub/crossdem/datasets/prime_ministers/prodi/csv_out/104441_prodi_s2t.csv,0.0,0.0,2268
prodi,/home/mhetac/Documents/GitHub/crossdem/datasets/prime_ministers/prodi/csv_out/102460_prodi_s2t.csv,0.8952551477170994,0.0,4468
prodi,/home/mhetac/Documents/GitHub/crossdem/datasets/prime_ministers/prodi/csv_out/99105_prodi_s2t.csv,0.7473841554559043,0.0,5352
prodi,/home/mhetac/Documents/GitHub/crossdem/datasets/prime_ministers/prodi/csv_out/96189_prodi_s2t.csv,1.3694878115584772,0.0,3651
prodi,/home/mhetac/Documents/GitHub/crossdem/datasets/prime_ministers/prodi/csv_out/150062_prodi_s2t.csv,2.997601918465228,0.0,1668
prodi,/home/mhetac/Documents/GitHub/crossdem/datasets/prime_ministers/prodi/csv_out/95619_prodi_s2t.csv,3.577325261419923,0.0,3634
prodi,/home/mhetac/Documents/GitHub/crossdem/datasets/prime_ministers/prodi/csv_out/99076_prodi_s2t.csv,0.0,0.0,545
prodi,/home/mhetac/Documents/GitHub/crossdem/datasets/prime_ministers/prodi/csv_out/100776_prodi_s2t.csv,0.8545182653279214,0.0,4681
prodi,/home/mhetac/Documents/GitHub/crossdem/datasets/prime_ministers/prodi/csv_out/104389_prodi_s2t.csv,0.5664652567975831,0.0,5296
prodi,/home/mhetac/Documents/GitHub/crossdem/datasets/prime_ministers/prodi/csv_out/95250_prodi_s2t.csv,1.287001287001287,0.0,777
prodi,/home/mhetac/Documents/GitHub/crossdem/datasets/prime_ministers/prodi/csv_out/98223_prodi_s2t.csv,0.9208103130755064,0.0,3258
prodi,/home/mhetac/Documents/GitHub/crossdem/datasets/prime_ministers/prodi/csv_out/95854_prodi_s2t.csv,0.6255864873318736,0.0,3197
prodi,/home/mhetac/Documents/GitHub/crossdem/datasets/prime_ministers/prodi/csv_out/94802_prodi_s2t.csv,2.534854245880862,0.0,2367
prodi,/home/mhetac/Documents/GitHub/crossdem/datasets/prime_ministers/prodi/csv_out/93702_prodi_s2t.csv,0.0,0.0,1086
prodi,/home/mhetac/Documents/GitHub/crossdem/datasets/prime_ministers/prodi/csv_out/93574_prodi_s2t.csv,0.8445945945945946,0.0,1184
prodi,/home/mhetac/Documents/GitHub/crossdem/datasets/prime_ministers/prodi/csv_out/90675_prodi_s2t.csv,1.341381623071764,0.0,1491
prodi,/home/mhetac/Documents/GitHub/crossdem/datasets/prime_ministers/prodi/csv_out/91409_prodi_s2t.csv,1.0909884355225834,0.0,4583
prodi,/home/mhetac/Documents/GitHub/crossdem/datasets/prime_ministers/prodi/csv_out/91410_prodi_s2t.csv,0.0,0.0,1073
prodi,/home/mhetac/Documents/GitHub/crossdem/datasets/prime_ministers/prodi/csv_out/90449_prodi_s2t.csv,4.784688995215311,0.0,1463
prodi,/home/mhetac/Documents/GitHub/crossdem/datasets/prime_ministers/prodi/csv_out/89710_prodi_s2t.csv,2.857142857142857,0.0,1750
prodi,/home/mhetac/Documents/GitHub/crossdem/datasets/prime_ministers/prodi/csv_out/90291_prodi_s2t.csv,0.0,0.0,1937
prodi,/home/mhetac/Documents/GitHub/crossdem/datasets/prime_ministers/prodi/csv_out/89633_prodi_s2t.csv,1.1534025374855825,0.0,4335
prodi,/home/mhetac/Documents/GitHub/crossdem/datasets/prime_ministers/prodi/csv_out/90220_prodi_s2t.csv,1.0690613641223006,0.0,4677
prodi,/home/mhetac/Documents/GitHub/crossdem/datasets/prime_ministers/prodi/csv_out/88022_prodi_s2t.csv,1.7406440382941688,0.0,2298
prodi,/home/mhetac/Documents/GitHub/crossdem/datasets/prime_ministers/prodi/csv_out/95892_prodi_s2t.csv,7.101884730947829,0.0,3661
prodi,/home/mhetac/Documents/GitHub/crossdem/datasets/prime_ministers/prodi/csv_out/86330_prodi_s2t.csv,0.0,0.0,223
prodi,/home/mhetac/Documents/GitHub/crossdem/datasets/prime_ministers/prodi/csv_out/86624_prodi_s2t.csv,3.5377358490566038,0.0,848
prodi,/home/mhetac/Documents/GitHub/crossdem/datasets/prime_ministers/prodi/csv_out/86620_prodi_s2t.csv,1.6813787305590584,0.0,2379
prodi,/home/mhetac/Documents/GitHub/crossdem/datasets/prime_ministers/prodi/csv_out/87294_prodi_s2t.csv,0.0,0.0,1468
prodi,/home/mhetac/Documents/GitHub/crossdem/datasets/prime_ministers/prodi/csv_out/86939_prodi_s2t.csv,0.5521811154058531,0.0,3622
prodi,/home/mhetac/Documents/GitHub/crossdem/datasets/prime_ministers/prodi/csv_out/88221_prodi_s2t.csv,2.0242914979757085,0.0,4940
prodi,/home/mhetac/Documents/GitHub/crossdem/datasets/prime_ministers/prodi/csv_out/85166_prodi_s2t.csv,1.749271137026239,0.0,3430
prodi,/home/mhetac/Documents/GitHub/crossdem/datasets/prime_ministers/prodi/csv_out/97135_prodi_s2t.csv,1.326963906581741,0.0,3768
prodi,/home/mhetac/Documents/GitHub/crossdem/datasets/prime_ministers/prodi/csv_out/97817_prodi_s2t.csv,1.4201441992571553,0.0,9154
prodi,/home/mhetac/Documents/GitHub/crossdem/datasets/prime_ministers/prodi/csv_out/85310_prodi_s2t.csv,1.9357336430507162,0.0,2583
prodi,/home/mhetac/Documents/GitHub/crossdem/datasets/prime_ministers/prodi/csv_out/83115_prodi_s2t.csv,0.0,0.0,279
prodi,/home/mhetac/Documents/GitHub/crossdem/datasets/prime_ministers/prodi/csv_out/84273_prodi_s2t.csv,7.509386733416771,38.46153846153846,799
prodi,/home/mhetac/Documents/GitHub/crossdem/datasets/prime_ministers/prodi/csv_out/81727_prodi_s2t.csv,3.605227579990987,0.0,2219
prodi,/home/mhetac/Documents/GitHub/crossdem/datasets/prime_ministers/prodi/csv_out/95809_prodi_s2t.csv,6.8493150684931505,0.0,146
prodi,/home/mhetac/Documents/GitHub/crossdem/datasets/prime_ministers/prodi/csv_out/82029_prodi_s2t.csv,1.747487986020096,0.0,4578
prodi,/home/mhetac/Documents/GitHub/crossdem/datasets/prime_ministers/prodi/csv_out/82028_prodi_s2t.csv,0.0,0.0,57
prodi,/home/mhetac/Documents/GitHub/crossdem/datasets/prime_ministers/prodi/csv_out/80877_prodi_s2t.csv,1.2698412698412698,0.0,7875
prodi,/home/mhetac/Documents/GitHub/crossdem/datasets/prime_ministers/prodi/csv_out/80208_prodi_s2t.csv,1.1574074074074074,0.0,3456
prodi,/home/mhetac/Documents/GitHub/crossdem/datasets/prime_ministers/prodi/csv_out/79894_prodi_s2t.csv,3.980724910957469,0.0,4773
prodi,/home/mhetac/Documents/GitHub/crossdem/datasets/prime_ministers/prodi/csv_out/79819_prodi_s2t.csv,1.0357327809425168,0.0,1931
prodi,/home/mhetac/Documents/GitHub/crossdem/datasets/prime_ministers/prodi/csv_out/78882_prodi_s2t.csv,0.7431260837255388,0.0,4037
prodi,/home/mhetac/Documents/GitHub/crossdem/datasets/prime_ministers/prodi/csv_out/78364_prodi_s2t.csv,0.2418379685610641,0.0,4135
prodi,/home/mhetac/Documents/GitHub/crossdem/datasets/prime_ministers/prodi/csv_out/78348_prodi_s2t.csv,2.4198427102238353,0.0,3306
prodi,/home/mhetac/Documents/GitHub/crossdem/datasets/prime_ministers/prodi/csv_out/77627_prodi_s2t.csv,4.866180048661801,0.0,3699
prodi,/home/mhetac/Documents/GitHub/crossdem/datasets/prime_ministers/prodi/csv_out/77010_prodi_s2t.csv,0.37579857196542654,200.0,2661
prodi,/home/mhetac/Documents/GitHub/crossdem/datasets/prime_ministers/prodi/csv_out/77635_prodi_s2t.csv,0.9346886318495151,0.0,8559
prodi,/home/mhetac/Documents/GitHub/crossdem/datasets/prime_ministers/prodi/csv_out/76271_prodi_s2t.csv,0.0,0.0,993
prodi,/home/mhetac/Documents/GitHub/crossdem/datasets/prime_ministers/prodi/csv_out/77020_prodi_s2t.csv,1.5344777980243598,0.0,10427
prodi,/home/mhetac/Documents/GitHub/crossdem/datasets/prime_ministers/prodi/csv_out/76117_prodi_s2t.csv,0.8156606851549756,0.0,2452
prodi,/home/mhetac/Documents/GitHub/crossdem/datasets/prime_ministers/prodi/csv_out/80195_prodi_s2t.csv,3.3986928104575163,0.0,3825
prodi,/home/mhetac/Documents/GitHub/crossdem/datasets/prime_ministers/prodi/csv_out/77011_prodi_s2t.csv,0.4830917874396135,0.0,6210
prodi,/home/mhetac/Documents/GitHub/crossdem/datasets/prime_ministers/prodi/csv_out/73793_prodi_s2t.csv,0.5500550055005501,0.0,1818
prodi,/home/mhetac/Documents/GitHub/crossdem/datasets/prime_ministers/prodi/csv_out/74632_prodi_s2t.csv,0.0,0.0,2062
prodi,/home/mhetac/Documents/GitHub/crossdem/datasets/prime_ministers/prodi/csv_out/74837_prodi_s2t.csv,1.5651201788708775,0.0,8945
prodi,/home/mhetac/Documents/GitHub/crossdem/datasets/prime_ministers/prodi/csv_out/73382_prodi_s2t.csv,3.8461538461538463,0.0,7280
prodi,/home/mhetac/Documents/GitHub/crossdem/datasets/prime_ministers/prodi/csv_out/73876_prodi_s2t.csv,1.2461059190031152,0.0,1605
prodi,/home/mhetac/Documents/GitHub/crossdem/datasets/prime_ministers/prodi/csv_out/74592_prodi_s2t.csv,1.394700139470014,0.0,3585
prodi,/home/mhetac/Documents/GitHub/crossdem/datasets/prime_ministers/prodi/csv_out/74751_prodi_s2t.csv,1.8201674554058973,0.0,2747
prodi,/home/mhetac/Documents/GitHub/crossdem/datasets/prime_ministers/prodi/csv_out/72724_prodi_s2t.csv,3.1014621178555606,0.0,4514
prodi,/home/mhetac/Documents/GitHub/crossdem/datasets/prime_ministers/prodi/csv_out/71964_prodi_s2t.csv,1.2475049900199602,0.0,4008
prodi,/home/mhetac/Documents/GitHub/crossdem/datasets/prime_ministers/prodi/csv_out/73977_prodi_s2t.csv,0.3685277317118113,0.0,5427
prodi,/home/mhetac/Documents/GitHub/crossdem/datasets/prime_ministers/prodi/csv_out/71605_prodi_s2t.csv,1.9683000103594737,0.0,9653
prodi,/home/mhetac/Documents/GitHub/crossdem/datasets/prime_ministers/prodi/csv_out/72486_prodi_s2t.csv,5.221932114882507,0.0,4213
prodi,/home/mhetac/Documents/GitHub/crossdem/datasets/prime_ministers/prodi/csv_out/72795_prodi_s2t.csv,0.481811611659841,0.0,4151
prodi,/home/mhetac/Documents/GitHub/crossdem/datasets/prime_ministers/prodi/csv_out/67697_prodi_s2t.csv,0.0,0.0,2312
prodi,/home/mhetac/Documents/GitHub/crossdem/datasets/prime_ministers/prodi/csv_out/75379_prodi_s2t.csv,0.2552322613578356,0.0,3918
prodi,/home/mhetac/Documents/GitHub/crossdem/datasets/prime_ministers/prodi/csv_out/61662_prodi_s2t.csv,0.6172839506172839,0.0,4860
prodi,/home/mhetac/Documents/GitHub/crossdem/datasets/prime_ministers/prodi/csv_out/61099_prodi_s2t.csv,1.0921004732435384,0.0,2747
prodi,/home/mhetac/Documents/GitHub/crossdem/datasets/prime_ministers/prodi/csv_out/60634_prodi_s2t.csv,0.6619593998234775,0.0,4532
prodi,/home/mhetac/Documents/GitHub/crossdem/datasets/prime_ministers/prodi/csv_out/58402_prodi_s2t.csv,1.0758472296933836,0.0,1859
prodi,/home/mhetac/Documents/GitHub/crossdem/datasets/prime_ministers/prodi/csv_out/55248_prodi_s2t.csv,3.3944331296673456,0.0,1473
prodi,/home/mhetac/Documents/GitHub/crossdem/datasets/prime_ministers/prodi/csv_out/53770_prodi_s2t.csv,1.001001001001001,0.0,999
prodi,/home/mhetac/Documents/GitHub/crossdem/datasets/prime_ministers/prodi/csv_out/49376_prodi_s2t.csv,2.147766323024055,0.0,2328
prodi,/home/mhetac/Documents/GitHub/crossdem/datasets/prime_ministers/prodi/csv_out/95884_prodi_s2t.csv,0.32970656116056707,0.0,3033
prodi,/home/mhetac/Documents/GitHub/crossdem/datasets/prime_ministers/prodi/csv_out/95883_prodi_s2t.csv,0.5738332058148432,0.0,5228
prodi,/home/mhetac/Documents/GitHub/crossdem/datasets/prime_ministers/prodi/csv_out/65126_prodi_s2t.csv,0.0,0.0,2181
prodi,/home/mhetac/Documents/GitHub/crossdem/datasets/prime_ministers/prodi/csv_out/31111_prodi_s2t.csv,0.701508242721852,0.0,2851
prodi,/home/mhetac/Documents/GitHub/crossdem/datasets/prime_ministers/prodi/csv_out/27235_prodi_s2t.csv,0.3033060357901122,0.0,3297
prodi,/home/mhetac/Documents/GitHub/crossdem/datasets/prime_ministers/prodi/csv_out/26912_prodi_s2t.csv,0.0,0.0,1985
prodi,/home/mhetac/Documents/GitHub/crossdem/datasets/prime_ministers/prodi/csv_out/25956_prodi_s2t.csv,0.0,0.0,846
prodi,/home/mhetac/Documents/GitHub/crossdem/datasets/prime_ministers/prodi/csv_out/16759_prodi_s2t.csv,2.672367717797969,0.0,7484
prodi,/home/mhetac/Documents/GitHub/crossdem/datasets/prime_ministers/prodi/csv_out/12510_prodi_s2t.csv,1.1261261261261262,0.0,4440
prodi,/home/mhetac/Documents/GitHub/crossdem/datasets/prime_ministers/prodi/csv_out/562206_prodi_s2t.csv,4.258106780216181,0.0,3053
prodi,/home/mhetac/Documents/GitHub/crossdem/datasets/prime_ministers/prodi/csv_out/158248_prodi_s2t.csv,0.2849002849002849,0.0,3510
prodi,/home/mhetac/Documents/GitHub/crossdem/datasets/prime_ministers/prodi/csv_out/743654_prodi_s2t.csv,1.36986301369863,0.0,730
prodi,/home/mhetac/Documents/GitHub/crossdem/datasets/prime_ministers/prodi/csv_out/550677_prodi_s2t.csv,9.468317552804079,0.0,1373
prodi,/home/mhetac/Documents/GitHub/crossdem/datasets/prime_ministers/prodi/csv_out/510186_prodi_s2t.csv,0.8880994671403197,0.0,1126
prodi,/home/mhetac/Documents/GitHub/crossdem/datasets/prime_ministers/prodi/csv_out/506672_prodi_s2t.csv,2.1321961620469083,0.0,1876
prodi,/home/mhetac/Documents/GitHub/crossdem/datasets/prime_ministers/prodi/csv_out/500339_prodi_s2t.csv,4.484304932735426,0.0,223
prodi,/home/mhetac/Documents/GitHub/crossdem/datasets/prime_ministers/prodi/csv_out/392109_prodi_s2t.csv,2.134471718249733,0.0,1874
prodi,/home/mhetac/Documents/GitHub/crossdem/datasets/prime_ministers/prodi/csv_out/372314_prodi_s2t.csv,7.874015748031496,0.0,1397
prodi,/home/mhetac/Documents/GitHub/crossdem/datasets/prime_ministers/prodi/csv_out/357032_prodi_s2t.csv,3.1259768677711786,0.0,3199
prodi,/home/mhetac/Documents/GitHub/crossdem/datasets/prime_ministers/prodi/csv_out/259589_prodi_s2t.csv,4.608294930875576,0.0,1085
prodi,/home/mhetac/Documents/GitHub/crossdem/datasets/prime_ministers/prodi/csv_out/237516_prodi_s2t.csv,0.0,0.0,354
prodi,/home/mhetac/Documents/GitHub/crossdem/datasets/prime_ministers/prodi/csv_out/236970_prodi_s2t.csv,0.0,0.0,41
prodi,/home/mhetac/Documents/GitHub/crossdem/datasets/prime_ministers/prodi/csv_out/236416_prodi_s2t.csv,0.0,0.0,468
prodi,/home/mhetac/Documents/GitHub/crossdem/datasets/prime_ministers/prodi/csv_out/250240_prodi_s2t.csv,8.19672131147541,0.0,488
prodi,/home/mhetac/Documents/GitHub/crossdem/datasets/prime_ministers/prodi/csv_out/250239_prodi_s2t.csv,0.0,0.0,265
prodi,/home/mhetac/Documents/GitHub/crossdem/datasets/prime_ministers/prodi/csv_out/228478_prodi_s2t.csv,0.0,0.0,201
prodi,/home/mhetac/Documents/GitHub/crossdem/datasets/prime_ministers/prodi/csv_out/220876_prodi_s2t.csv,0.0,0.0,199
prodi,/home/mhetac/Documents/GitHub/crossdem/datasets/prime_ministers/prodi/csv_out/218718_prodi_s2t.csv,2.8001976610113655,0.0,12142
prodi,/home/mhetac/Documents/GitHub/crossdem/datasets/prime_ministers/prodi/csv_out/218143_prodi_s2t.csv,0.0,0.0,444
prodi,/home/mhetac/Documents/GitHub/crossdem/datasets/prime_ministers/prodi/csv_out/217810_prodi_s2t.csv,0.0,0.0,251
prodi,/home/mhetac/Documents/GitHub/crossdem/datasets/prime_ministers/prodi/csv_out/217410_prodi_s2t.csv,0.0,0.0,130
prodi,/home/mhetac/Documents/GitHub/crossdem/datasets/prime_ministers/prodi/csv_out/213988_prodi_s2t.csv,0.0,0.0,150
prodi,/home/mhetac/Documents/GitHub/crossdem/datasets/prime_ministers/prodi/csv_out/207345_prodi_s2t.csv,0.0,0.0,544
prodi,/home/mhetac/Documents/GitHub/crossdem/datasets/prime_ministers/prodi/csv_out/264012_prodi_s2t.csv,0.0,0.0,184
prodi,/home/mhetac/Documents/GitHub/crossdem/datasets/prime_ministers/prodi/csv_out/204940_prodi_s2t.csv,0.0,0.0,277
prodi,/home/mhetac/Documents/GitHub/crossdem/datasets/prime_ministers/prodi/csv_out/198003_prodi_s2t.csv,1.3157894736842106,0.0,2280
prodi,/home/mhetac/Documents/GitHub/crossdem/datasets/prime_ministers/prodi/csv_out/241595_prodi_s2t.csv,0.0,0.0,126
prodi,/home/mhetac/Documents/GitHub/crossdem/datasets/prime_ministers/prodi/csv_out/231607_prodi_s2t.csv,0.0,0.0,213
prodi,/home/mhetac/Documents/GitHub/crossdem/datasets/prime_ministers/prodi/csv_out/205354_prodi_s2t.csv,0.0,0.0,149
prodi,/home/mhetac/Documents/GitHub/crossdem/datasets/prime_ministers/prodi/csv_out/258782_prodi_s2t.csv,0.0,0.0,186
prodi,/home/mhetac/Documents/GitHub/crossdem/datasets/prime_ministers/prodi/csv_out/258779_prodi_s2t.csv,0.0,0.0,1033
prodi,/home/mhetac/Documents/GitHub/crossdem/datasets/prime_ministers/prodi/csv_out/205555_prodi_s2t.csv,0.0,0.0,290
prodi,/home/mhetac/Documents/GitHub/crossdem/datasets/prime_ministers/prodi/csv_out/205489_prodi_s2t.csv,0.0,0.0,110
prodi,/home/mhetac/Documents/GitHub/crossdem/datasets/prime_ministers/prodi/csv_out/205645_prodi_s2t.csv,0.0,0.0,158
prodi,/home/mhetac/Documents/GitHub/crossdem/datasets/prime_ministers/prodi/csv_out/204740_prodi_s2t.csv,0.5656108597285068,0.0,3536
prodi,/home/mhetac/Documents/GitHub/crossdem/datasets/prime_ministers/prodi/csv_out/204750_prodi_s2t.csv,4.184100418410042,0.0,717
prodi,/home/mhetac/Documents/GitHub/crossdem/datasets/prime_ministers/prodi/csv_out/261725_prodi_s2t.csv,5.0761421319796955,0.0,197
prodi,/home/mhetac/Documents/GitHub/crossdem/datasets/prime_ministers/prodi/csv_out/261724_prodi_s2t.csv,6.968641114982578,0.0,574
prodi,/home/mhetac/Documents/GitHub/crossdem/datasets/prime_ministers/prodi/csv_out/215904_prodi_s2t.csv,1.0427528675703859,0.0,959
prodi,/home/mhetac/Documents/GitHub/crossdem/datasets/prime_ministers/prodi/csv_out/157921_prodi_s2t.csv,0.0,0.0,548
prodi,/home/mhetac/Documents/GitHub/crossdem/datasets/prime_ministers/prodi/csv_out/154511_prodi_s2t.csv,2.277904328018223,0.0,439
prodi,/home/mhetac/Documents/GitHub/crossdem/datasets/prime_ministers/prodi/csv_out/155311_prodi_s2t.csv,0.0,0.0,486
prodi,/home/mhetac/Documents/GitHub/crossdem/datasets/prime_ministers/prodi/csv_out/152223_prodi_s2t.csv,0.0,0.0,407
prodi,/home/mhetac/Documents/GitHub/crossdem/datasets/prime_ministers/prodi/csv_out/153870_prodi_s2t.csv,1.6353229762878168,0.0,1223
prodi,/home/mhetac/Documents/GitHub/crossdem/datasets/prime_ministers/prodi/csv_out/145372_prodi_s2t.csv,0.0,0.0,230
prodi,/home/mhetac/Documents/GitHub/crossdem/datasets/prime_ministers/prodi/csv_out/145385_prodi_s2t.csv,0.0,0.0,1140
prodi,/home/mhetac/Documents/GitHub/crossdem/datasets/prime_ministers/prodi/csv_out/138891_prodi_s2t.csv,5.208333333333333,0.0,192
prodi,/home/mhetac/Documents/GitHub/crossdem/datasets/prime_ministers/prodi/csv_out/134393_prodi_s2t.csv,0.0,0.0,539
prodi,/home/mhetac/Documents/GitHub/crossdem/datasets/prime_ministers/prodi/csv_out/133846_prodi_s2t.csv,0.0,0.0,263
prodi,/home/mhetac/Documents/GitHub/crossdem/datasets/prime_ministers/prodi/csv_out/132114_prodi_s2t.csv,0.0,0.0,295
prodi,/home/mhetac/Documents/GitHub/crossdem/datasets/prime_ministers/prodi/csv_out/112137_prodi_s2t.csv,1.6474464579901154,0.0,3642
prodi,/home/mhetac/Documents/GitHub/crossdem/datasets/prime_ministers/prodi/csv_out/111767_prodi_s2t.csv,1.5847860538827259,0.0,631
prodi,/home/mhetac/Documents/GitHub/crossdem/datasets/prime_ministers/prodi/csv_out/111766_prodi_s2t.csv,3.4071550255536627,0.0,587
prodi,/home/mhetac/Documents/GitHub/crossdem/datasets/prime_ministers/prodi/csv_out/105434_prodi_s2t.csv,5.347593582887701,0.0,187
prodi,/home/mhetac/Documents/GitHub/crossdem/datasets/prime_ministers/prodi/csv_out/105433_prodi_s2t.csv,0.0,0.0,25
prodi,/home/mhetac/Documents/GitHub/crossdem/datasets/prime_ministers/prodi/csv_out/103144_prodi_s2t.csv,11.857707509881424,0.0,253
prodi,/home/mhetac/Documents/GitHub/crossdem/datasets/prime_ministers/prodi/csv_out/97807_prodi_s2t.csv,0.0,0.0,1241
prodi,/home/mhetac/Documents/GitHub/crossdem/datasets/prime_ministers/prodi/csv_out/88236_prodi_s2t.csv,0.0,0.0,151
prodi,/home/mhetac/Documents/GitHub/crossdem/datasets/prime_ministers/prodi/csv_out/81783_prodi_s2t.csv,9.216589861751151,0.0,217
prodi,/home/mhetac/Documents/GitHub/crossdem/datasets/prime_ministers/prodi/csv_out/74312_prodi_s2t.csv,0.0,0.0,1432
prodi,/home/mhetac/Documents/GitHub/crossdem/datasets/prime_ministers/prodi/csv_out/259143_prodi_s2t.csv,4.520795660036167,0.0,1106
prodi,/home/mhetac/Documents/GitHub/crossdem/datasets/prime_ministers/prodi/csv_out/251413_prodi_s2t.csv,2.3237800154918666,0.0,1291
prodi,/home/mhetac/Documents/GitHub/crossdem/datasets/prime_ministers/prodi/csv_out/248829_prodi_s2t.csv,0.0,0.0,30
prodi,/home/mhetac/Documents/GitHub/crossdem/datasets/prime_ministers/prodi/csv_out/246376_prodi_s2t.csv,0.0,0.0,626
prodi,/home/mhetac/Documents/GitHub/crossdem/datasets/prime_ministers/prodi/csv_out/243008_prodi_s2t.csv,0.0,0.0,144
prodi,/home/mhetac/Documents/GitHub/crossdem/datasets/prime_ministers/prodi/csv_out/232090_prodi_s2t.csv,11.041009463722398,0.0,634
prodi,/home/mhetac/Documents/GitHub/crossdem/datasets/prime_ministers/prodi/csv_out/228468_prodi_s2t.csv,1.1025358324145536,0.0,1814
prodi,/home/mhetac/Documents/GitHub/crossdem/datasets/prime_ministers/prodi/csv_out/224703_prodi_s2t.csv,0.376081233546446,0.0,2659
prodi,/home/mhetac/Documents/GitHub/crossdem/datasets/prime_ministers/prodi/csv_out/215598_prodi_s2t.csv,1.4701558365186709,0.0,3401
prodi,/home/mhetac/Documents/GitHub/crossdem/datasets/prime_ministers/prodi/csv_out/200391_prodi_s2t.csv,1.3404825737265416,0.0,1492
prodi,/home/mhetac/Documents/GitHub/crossdem/datasets/prime_ministers/prodi/csv_out/195485_prodi_s2t.csv,1.5521924718665114,50.0,2577
prodi,/home/mhetac/Documents/GitHub/crossdem/datasets/prime_ministers/prodi/csv_out/257494_prodi_s2t.csv,0.9746588693957114,0.0,1026
prodi,/home/mhetac/Documents/GitHub/crossdem/datasets/prime_ministers/prodi/csv_out/254292_prodi_s2t.csv,3.041825095057034,0.0,3945
prodi,/home/mhetac/Documents/GitHub/crossdem/datasets/prime_ministers/prodi/csv_out/257460_prodi_s2t.csv,0.0,0.0,201
prodi,/home/mhetac/Documents/GitHub/crossdem/datasets/prime_ministers/prodi/csv_out/257446_prodi_s2t.csv,1.7019207391198639,0.0,4113
prodi,/home/mhetac/Documents/GitHub/crossdem/datasets/prime_ministers/prodi/csv_out/257812_prodi_s2t.csv,1.4510278113663846,0.0,4135
prodi,/home/mhetac/Documents/GitHub/crossdem/datasets/prime_ministers/prodi/csv_out/251109_prodi_s2t.csv,1.1675423234092235,37.03703703703704,3426
prodi,/home/mhetac/Documents/GitHub/crossdem/datasets/prime_ministers/prodi/csv_out/256812_prodi_s2t.csv,5.141388174807198,0.0,1167
prodi,/home/mhetac/Documents/GitHub/crossdem/datasets/prime_ministers/prodi/csv_out/243612_prodi_s2t.csv,5.6124133377352265,0.0,3029
prodi,/home/mhetac/Documents/GitHub/crossdem/datasets/prime_ministers/prodi/csv_out/245906_prodi_s2t.csv,0.0,0.0,637
prodi,/home/mhetac/Documents/GitHub/crossdem/datasets/prime_ministers/prodi/csv_out/237384_prodi_s2t.csv,2.7247956403269753,0.0,1468
prodi,/home/mhetac/Documents/GitHub/crossdem/datasets/prime_ministers/prodi/csv_out/231216_prodi_s2t.csv,2.178649237472767,0.0,1377
prodi,/home/mhetac/Documents/GitHub/crossdem/datasets/prime_ministers/prodi/csv_out/221418_prodi_s2t.csv,1.1013215859030836,0.0,2724
prodi,/home/mhetac/Documents/GitHub/crossdem/datasets/prime_ministers/prodi/csv_out/223225_prodi_s2t.csv,2.792181890706023,0.0,2507
prodi,/home/mhetac/Documents/GitHub/crossdem/datasets/prime_ministers/prodi/csv_out/206938_prodi_s2t.csv,2.109704641350211,0.0,1896
prodi,/home/mhetac/Documents/GitHub/crossdem/datasets/prime_ministers/prodi/csv_out/198189_prodi_s2t.csv,3.536067892503536,0.0,2828
prodi,/home/mhetac/Documents/GitHub/crossdem/datasets/prime_ministers/prodi/csv_out/198186_prodi_s2t.csv,1.6358962374386539,0.0,4279
prodi,/home/mhetac/Documents/GitHub/crossdem/datasets/prime_ministers/prodi/csv_out/229788_prodi_s2t.csv,1.6366612111292962,0.0,2444
prodi,/home/mhetac/Documents/GitHub/crossdem/datasets/prime_ministers/prodi/csv_out/229787_prodi_s2t.csv,2.8585040495474034,0.0,2099
prodi,/home/mhetac/Documents/GitHub/crossdem/datasets/prime_ministers/prodi/csv_out/198965_prodi_s2t.csv,3.464203233256351,0.0,1732
prodi,/home/mhetac/Documents/GitHub/crossdem/datasets/prime_ministers/prodi/csv_out/199012_prodi_s2t.csv,2.889245585874799,0.0,3115
prodi,/home/mhetac/Documents/GitHub/crossdem/datasets/prime_ministers/prodi/csv_out/198190_prodi_s2t.csv,3.091872791519435,0.0,4528
prodi,/home/mhetac/Documents/GitHub/crossdem/datasets/prime_ministers/prodi/csv_out/198187_prodi_s2t.csv,1.1210762331838564,0.0,3568
prodi,/home/mhetac/Documents/GitHub/crossdem/datasets/prime_ministers/prodi/csv_out/198192_prodi_s2t.csv,2.491376006132618,0.0,5218
prodi,/home/mhetac/Documents/GitHub/crossdem/datasets/prime_ministers/prodi/csv_out/194134_prodi_s2t.csv,1.6981532583315644,0.0,4711
prodi,/home/mhetac/Documents/GitHub/crossdem/datasets/prime_ministers/prodi/csv_out/164514_prodi_s2t.csv,1.2322858903265557,0.0,4869
prodi,/home/mhetac/Documents/GitHub/crossdem/datasets/prime_ministers/prodi/csv_out/158971_prodi_s2t.csv,3.6101083032490973,0.0,2216
prodi,/home/mhetac/Documents/GitHub/crossdem/datasets/prime_ministers/prodi/csv_out/158790_prodi_s2t.csv,5.657708628005658,0.0,2121
prodi,/home/mhetac/Documents/GitHub/crossdem/datasets/prime_ministers/prodi/csv_out/158742_prodi_s2t.csv,2.247191011235955,9.00900900900901,4895
prodi,/home/mhetac/Documents/GitHub/crossdem/datasets/prime_ministers/prodi/csv_out/158677_prodi_s2t.csv,1.2350761630300535,0.0,2429
prodi,/home/mhetac/Documents/GitHub/crossdem/datasets/prime_ministers/prodi/csv_out/149796_prodi_s2t.csv,6.4935064935064934,0.0,308
prodi,/home/mhetac/Documents/GitHub/crossdem/datasets/prime_ministers/prodi/csv_out/139587_prodi_s2t.csv,15.113350125944585,0.0,1191
prodi,/home/mhetac/Documents/GitHub/crossdem/datasets/prime_ministers/prodi/csv_out/136806_prodi_s2t.csv,0.0,0.0,380
prodi,/home/mhetac/Documents/GitHub/crossdem/datasets/prime_ministers/prodi/csv_out/137470_prodi_s2t.csv,0.5065856129685917,0.0,1974
prodi,/home/mhetac/Documents/GitHub/crossdem/datasets/prime_ministers/prodi/csv_out/111545_prodi_s2t.csv,2.898550724637681,0.0,3450
prodi,/home/mhetac/Documents/GitHub/crossdem/datasets/prime_ministers/prodi/csv_out/124821_prodi_s2t.csv,1.802451333813987,0.0,2774
prodi,/home/mhetac/Documents/GitHub/crossdem/datasets/prime_ministers/prodi/csv_out/124820_prodi_s2t.csv,6.038647342995169,0.0,3312
prodi,/home/mhetac/Documents/GitHub/crossdem/datasets/prime_ministers/prodi/csv_out/126874_prodi_s2t.csv,2.0905923344947737,0.0,2870
prodi,/home/mhetac/Documents/GitHub/crossdem/datasets/prime_ministers/prodi/csv_out/120392_prodi_s2t.csv,2.7845457709711106,0.0,5746
prodi,/home/mhetac/Documents/GitHub/crossdem/datasets/prime_ministers/prodi/csv_out/109697_prodi_s2t.csv,1.0416666666666667,0.0,960
prodi,/home/mhetac/Documents/GitHub/crossdem/datasets/prime_ministers/prodi/csv_out/113991_prodi_s2t.csv,1.597444089456869,0.0,5008
prodi,/home/mhetac/Documents/GitHub/crossdem/datasets/prime_ministers/prodi/csv_out/107287_prodi_s2t.csv,4.5602605863192185,0.0,1535
prodi,/home/mhetac/Documents/GitHub/crossdem/datasets/prime_ministers/prodi/csv_out/102897_prodi_s2t.csv,4.166666666666667,0.0,960
prodi,/home/mhetac/Documents/GitHub/crossdem/datasets/prime_ministers/prodi/csv_out/102797_prodi_s2t.csv,0.0,0.0,446
prodi,/home/mhetac/Documents/GitHub/crossdem/datasets/prime_ministers/prodi/csv_out/102953_prodi_s2t.csv,1.9536019536019535,0.0,4095
prodi,/home/mhetac/Documents/GitHub/crossdem/datasets/prime_ministers/prodi/csv_out/95456_prodi_s2t.csv,2.842334057849858,5.58659217877095,5981
prodi,/home/mhetac/Documents/GitHub/crossdem/datasets/prime_ministers/prodi/csv_out/90704_prodi_s2t.csv,3.314917127071823,0.0,5430
prodi,/home/mhetac/Documents/GitHub/crossdem/datasets/prime_ministers/prodi/csv_out/90579_prodi_s2t.csv,0.0,0.0,983
prodi,/home/mhetac/Documents/GitHub/crossdem/datasets/prime_ministers/prodi/csv_out/89328_prodi_s2t.csv,3.6407766990291264,0.0,4944
prodi,/home/mhetac/Documents/GitHub/crossdem/datasets/prime_ministers/prodi/csv_out/84942_prodi_s2t.csv,0.0,0.0,369
prodi,/home/mhetac/Documents/GitHub/crossdem/datasets/prime_ministers/prodi/csv_out/81086_prodi_s2t.csv,2.081887578070784,0.0,2882
prodi,/home/mhetac/Documents/GitHub/crossdem/datasets/prime_ministers/prodi/csv_out/81150_prodi_s2t.csv,0.5374417771408098,12.345679012345679,5582
prodi,/home/mhetac/Documents/GitHub/crossdem/datasets/prime_ministers/prodi/csv_out/81049_prodi_s2t.csv,0.7414272474513438,0.0,5395
prodi,/home/mhetac/Documents/GitHub/crossdem/datasets/prime_ministers/prodi/csv_out/80776_prodi_s2t.csv,0.36961744594344853,35.714285714285715,5411
prodi,/home/mhetac/Documents/GitHub/crossdem/datasets/prime_ministers/prodi/csv_out/81181_prodi_s2t.csv,1.9607843137254901,0.0,4080
prodi,/home/mhetac/Documents/GitHub/crossdem/datasets/prime_ministers/prodi/csv_out/78785_prodi_s2t.csv,0.0,0.0,1819
prodi,/home/mhetac/Documents/GitHub/crossdem/datasets/prime_ministers/prodi/csv_out/80871_prodi_s2t.csv,0.0,0.0,1735
prodi,/home/mhetac/Documents/GitHub/crossdem/datasets/prime_ministers/prodi/csv_out/74856_prodi_s2t.csv,1.3001083423618636,17.24137931034483,4615
prodi,/home/mhetac/Documents/GitHub/crossdem/datasets/prime_ministers/prodi/csv_out/71052_prodi_s2t.csv,1.475334255417243,0.0,10845
prodi,/home/mhetac/Documents/GitHub/crossdem/datasets/prime_ministers/prodi/csv_out/416241_prodi_s2t.csv,0.0,0.0,1977
prodi,/home/mhetac/Documents/GitHub/crossdem/datasets/prime_ministers/prodi/csv_out/222449_prodi_s2t.csv,0.6609385327164574,0.0,1513
prodi,/home/mhetac/Documents/GitHub/crossdem/datasets/prime_ministers/prodi/csv_out/239706_prodi_s2t.csv,0.0,0.0,198
prodi,/home/mhetac/Documents/GitHub/crossdem/datasets/prime_ministers/prodi/csv_out/211292_prodi_s2t.csv,1.2135922330097086,0.0,1648
prodi,/home/mhetac/Documents/GitHub/crossdem/datasets/prime_ministers/prodi/csv_out/526214_prodi_s2t.csv,2.182214948172395,0.0,1833
prodi,/home/mhetac/Documents/GitHub/crossdem/datasets/prime_ministers/prodi/csv_out/505136_prodi_s2t.csv,0.998003992015968,0.0,1002
prodi,/home/mhetac/Documents/GitHub/crossdem/datasets/prime_ministers/prodi/csv_out/473537_prodi_s2t.csv,3.438316600192546,16.39344262295082,7271
prodi,/home/mhetac/Documents/GitHub/crossdem/datasets/prime_ministers/prodi/csv_out/472632_prodi_s2t.csv,3.3543804262036305,0.0,5068
prodi,/home/mhetac/Documents/GitHub/crossdem/datasets/prime_ministers/prodi/csv_out/426334_prodi_s2t.csv,3.597122302158273,0.0,3614
prodi,/home/mhetac/Documents/GitHub/crossdem/datasets/prime_ministers/prodi/csv_out/425597_prodi_s2t.csv,4.358161648177496,0.0,2524
prodi,/home/mhetac/Documents/GitHub/crossdem/datasets/prime_ministers/prodi/csv_out/402390_prodi_s2t.csv,3.795620437956204,0.0,3425
prodi,/home/mhetac/Documents/GitHub/crossdem/datasets/prime_ministers/prodi/csv_out/312154_prodi_s2t.csv,5.91016548463357,0.0,3384
prodi,/home/mhetac/Documents/GitHub/crossdem/datasets/prime_ministers/prodi/csv_out/260803_prodi_s2t.csv,2.6528258362168398,5.128205128205129,8670
prodi,/home/mhetac/Documents/GitHub/crossdem/datasets/prime_ministers/prodi/csv_out/208069_prodi_s2t.csv,0.0,0.0,373
prodi,/home/mhetac/Documents/GitHub/crossdem/datasets/prime_ministers/prodi/csv_out/270118_prodi_s2t.csv,0.0,0.0,432
prodi,/home/mhetac/Documents/GitHub/crossdem/datasets/prime_ministers/prodi/csv_out/229922_prodi_s2t.csv,1.2911555842479019,0.0,1549
prodi,/home/mhetac/Documents/GitHub/crossdem/datasets/prime_ministers/prodi/csv_out/158644_prodi_s2t.csv,3.769170782427866,0.0,7694
prodi,/home/mhetac/Documents/GitHub/crossdem/datasets/prime_ministers/prodi/csv_out/158589_prodi_s2t.csv,0.9015506671474937,0.0,5546
prodi,/home/mhetac/Documents/GitHub/crossdem/datasets/prime_ministers/prodi/csv_out/151294_prodi_s2t.csv,1.568803227252353,0.0,4462
prodi,/home/mhetac/Documents/GitHub/crossdem/datasets/prime_ministers/prodi/csv_out/150680_prodi_s2t.csv,0.9109542245502164,0.0,4391
prodi,/home/mhetac/Documents/GitHub/crossdem/datasets/prime_ministers/prodi/csv_out/144702_prodi_s2t.csv,1.0222335803731153,0.0,3913
prodi,/home/mhetac/Documents/GitHub/crossdem/datasets/prime_ministers/prodi/csv_out/144576_prodi_s2t.csv,0.0,0.0,1103
prodi,/home/mhetac/Documents/GitHub/crossdem/datasets/prime_ministers/prodi/csv_out/142174_prodi_s2t.csv,1.350521792510743,0.0,8145
prodi,/home/mhetac/Documents/GitHub/crossdem/datasets/prime_ministers/prodi/csv_out/127217_prodi_s2t.csv,1.0804970286331712,0.0,3702
prodi,/home/mhetac/Documents/GitHub/crossdem/datasets/prime_ministers/prodi/csv_out/119775_prodi_s2t.csv,2.337540906965872,0.0,2139
prodi,/home/mhetac/Documents/GitHub/crossdem/datasets/prime_ministers/prodi/csv_out/103591_prodi_s2t.csv,2.1390374331550803,0.0,2805
prodi,/home/mhetac/Documents/GitHub/crossdem/datasets/prime_ministers/prodi/csv_out/103357_prodi_s2t.csv,1.2234910277324633,0.0,2452
prodi,/home/mhetac/Documents/GitHub/crossdem/datasets/prime_ministers/prodi/csv_out/113973_prodi_s2t.csv,0.4526935264825713,0.0,2209
prodi,/home/mhetac/Documents/GitHub/crossdem/datasets/prime_ministers/prodi/csv_out/100401_prodi_s2t.csv,0.49358341559723595,0.0,2026
prodi,/home/mhetac/Documents/GitHub/crossdem/datasets/prime_ministers/prodi/csv_out/100961_prodi_s2t.csv,2.1747009786154403,0.0,5518
prodi,/home/mhetac/Documents/GitHub/crossdem/datasets/prime_ministers/prodi/csv_out/96440_prodi_s2t.csv,0.6014434643143545,27.027027027027028,4988
prodi,/home/mhetac/Documents/GitHub/crossdem/datasets/prime_ministers/prodi/csv_out/99510_prodi_s2t.csv,4.027617951668584,11.627906976744185,3476
prodi,/home/mhetac/Documents/GitHub/crossdem/datasets/prime_ministers/prodi/csv_out/96484_prodi_s2t.csv,4.952027236149799,0.0,3231
prodi,/home/mhetac/Documents/GitHub/crossdem/datasets/prime_ministers/prodi/csv_out/101061_prodi_s2t.csv,1.3949433304272014,0.0,5735
prodi,/home/mhetac/Documents/GitHub/crossdem/datasets/prime_ministers/prodi/csv_out/93893_prodi_s2t.csv,9.205277692543724,10.638297872340425,3259
prodi,/home/mhetac/Documents/GitHub/crossdem/datasets/prime_ministers/prodi/csv_out/94840_prodi_s2t.csv,0.3352329869259135,0.0,2983
prodi,/home/mhetac/Documents/GitHub/crossdem/datasets/prime_ministers/prodi/csv_out/89372_prodi_s2t.csv,0.0,0.0,295
prodi,/home/mhetac/Documents/GitHub/crossdem/datasets/prime_ministers/prodi/csv_out/88328_prodi_s2t.csv,1.6944365998305564,0.0,3541
prodi,/home/mhetac/Documents/GitHub/crossdem/datasets/prime_ministers/prodi/csv_out/80458_prodi_s2t.csv,1.5759061460339696,0.0,5711
prodi,/home/mhetac/Documents/GitHub/crossdem/datasets/prime_ministers/prodi/csv_out/80529_prodi_s2t.csv,1.7534630896019638,0.0,5703
prodi,/home/mhetac/Documents/GitHub/crossdem/datasets/prime_ministers/prodi/csv_out/80517_prodi_s2t.csv,0.6501950585175552,0.0,3076
prodi,/home/mhetac/Documents/GitHub/crossdem/datasets/prime_ministers/prodi/csv_out/77577_prodi_s2t.csv,4.104477611940299,0.0,2680
prodi,/home/mhetac/Documents/GitHub/crossdem/datasets/prime_ministers/prodi/csv_out/77386_prodi_s2t.csv,4.876219054763691,0.0,5332
prodi,/home/mhetac/Documents/GitHub/crossdem/datasets/prime_ministers/prodi/csv_out/77685_prodi_s2t.csv,0.0,0.0,1387
prodi,/home/mhetac/Documents/GitHub/crossdem/datasets/prime_ministers/prodi/csv_out/77575_prodi_s2t.csv,1.4388489208633093,0.0,3475
prodi,/home/mhetac/Documents/GitHub/crossdem/datasets/prime_ministers/prodi/csv_out/76766_prodi_s2t.csv,0.9357037829167224,0.0,7481
prodi,/home/mhetac/Documents/GitHub/crossdem/datasets/prime_ministers/prodi/csv_out/72091_prodi_s2t.csv,1.8779342723004695,0.0,7455
prodi,/home/mhetac/Documents/GitHub/crossdem/datasets/prime_ministers/prodi/csv_out/71920_prodi_s2t.csv,1.7793594306049823,0.0,2248
prodi,/home/mhetac/Documents/GitHub/crossdem/datasets/prime_ministers/prodi/csv_out/219002_prodi_s2t.csv,19.607843137254903,0.0,51
prodi,/home/mhetac/Documents/GitHub/crossdem/datasets/prime_ministers/prodi/csv_out/205347_prodi_s2t.csv,0.0,0.0,32
prodi,/home/mhetac/Documents/GitHub/crossdem/datasets/prime_ministers/prodi/csv_out/260745_prodi_s2t.csv,0.0,0.0,1187
prodi,/home/mhetac/Documents/GitHub/crossdem/datasets/prime_ministers/prodi/csv_out/206259_prodi_s2t.csv,0.0,0.0,56
prodi,/home/mhetac/Documents/GitHub/crossdem/datasets/prime_ministers/prodi/csv_out/109094_prodi_s2t.csv,0.0,0.0,290
prodi,/home/mhetac/Documents/GitHub/crossdem/datasets/prime_ministers/prodi/csv_out/94768_prodi_s2t.csv,3.284072249589491,0.0,609
prodi,/home/mhetac/Documents/GitHub/crossdem/datasets/prime_ministers/prodi/csv_out/94767_prodi_s2t.csv,3.9682539682539684,0.0,252
prodi,/home/mhetac/Documents/GitHub/crossdem/datasets/prime_ministers/prodi/csv_out/240927_prodi_s2t.csv,1.3623978201634876,0.0,7340
prodi,/home/mhetac/Documents/GitHub/crossdem/datasets/prime_ministers/prodi/csv_out/158387_prodi_s2t.csv,3.8743004735256132,0.0,4646
prodi,/home/mhetac/Documents/GitHub/crossdem/datasets/prime_ministers/prodi/csv_out/135647_prodi_s2t.csv,2.507163323782235,0.0,2792
prodi,/home/mhetac/Documents/GitHub/crossdem/datasets/prime_ministers/prodi/csv_out/124917_prodi_s2t.csv,3.2854209445585214,0.0,2435
prodi,/home/mhetac/Documents/GitHub/crossdem/datasets/prime_ministers/prodi/csv_out/111651_prodi_s2t.csv,0.6345177664974619,0.0,4728
prodi,/home/mhetac/Documents/GitHub/crossdem/datasets/prime_ministers/prodi/csv_out/96299_prodi_s2t.csv,0.2678093197643278,0.0,3734
prodi,/home/mhetac/Documents/GitHub/crossdem/datasets/prime_ministers/prodi/csv_out/80873_prodi_s2t.csv,2.318840579710145,0.0,6900
prodi,/home/mhetac/Documents/GitHub/crossdem/datasets/prime_ministers/prodi/csv_out/80746_prodi_s2t.csv,2.251745102454402,0.0,4441
prodi,/home/mhetac/Documents/GitHub/crossdem/datasets/prime_ministers/prodi/csv_out/74750_prodi_s2t.csv,2.158495220474869,0.0,3243
prodi,/home/mhetac/Documents/GitHub/crossdem/datasets/prime_ministers/prodi/csv_out/79413_prodi_s2t.csv,0.0,0.0,954
prodi,/home/mhetac/Documents/GitHub/crossdem/datasets/prime_ministers/prodi/csv_out/74026_prodi_s2t.csv,1.173512154233026,0.0,5965
prodi,/home/mhetac/Documents/GitHub/crossdem/datasets/prime_ministers/prodi/csv_out/71650_prodi_s2t.csv,0.5915409642117717,0.0,3381
prodi,/home/mhetac/Documents/GitHub/crossdem/datasets/prime_ministers/prodi/csv_out/70973_prodi_s2t.csv,1.924001924001924,0.0,8316
prodi,/home/mhetac/Documents/GitHub/crossdem/datasets/prime_ministers/prodi/csv_out/67449_prodi_s2t.csv,0.7458975634012929,0.0,8044
prodi,/home/mhetac/Documents/GitHub/crossdem/datasets/prime_ministers/prodi/csv_out/52274_prodi_s2t.csv,0.0,0.0,690
prodi,/home/mhetac/Documents/GitHub/crossdem/datasets/prime_ministers/prodi/csv_out/253127_prodi_s2t.csv,0.0,0.0,79
prodi,/home/mhetac/Documents/GitHub/crossdem/datasets/prime_ministers/prodi/csv_out/237292_prodi_s2t.csv,0.0,0.0,57
prodi,/home/mhetac/Documents/GitHub/crossdem/datasets/prime_ministers/prodi/csv_out/222335_prodi_s2t.csv,0.0,0.0,59
d'alema,/home/mhetac/Documents/GitHub/crossdem/datasets/prime_ministers/d'alema/csv_out/655295_dalema_s2t.csv,10.505252626313156,1000.0,1999
d'alema,/home/mhetac/Documents/GitHub/crossdem/datasets/prime_ministers/d'alema/csv_out/520440_dalema_s2t.csv,1.5197568389057752,0.0,658
d'alema,/home/mhetac/Documents/GitHub/crossdem/datasets/prime_ministers/d'alema/csv_out/503696_dalema_s2t.csv,7.092198581560283,0.0,3525
d'alema,/home/mhetac/Documents/GitHub/crossdem/datasets/prime_ministers/d'alema/csv_out/493078_dalema_s2t.csv,0.44596402556860415,0.0,6727
d'alema,/home/mhetac/Documents/GitHub/crossdem/datasets/prime_ministers/d'alema/csv_out/492851_dalema_s2t.csv,1.0830324909747293,24.096385542168676,5540
d'alema,/home/mhetac/Documents/GitHub/crossdem/datasets/prime_ministers/d'alema/csv_out/492519_dalema_s2t.csv,1.858736059479554,0.0,4842
d'alema,/home/mhetac/Documents/GitHub/crossdem/datasets/prime_ministers/d'alema/csv_out/489797_dalema_s2t.csv,1.936108422071636,0.0,4132
d'alema,/home/mhetac/Documents/GitHub/crossdem/datasets/prime_ministers/d'alema/csv_out/469246_dalema_s2t.csv,7.035175879396985,90.9090909090909,3980
d'alema,/home/mhetac/Documents/GitHub/crossdem/datasets/prime_ministers/d'alema/csv_out/457321_dalema_s2t.csv,1.8627755355479665,0.0,6442
d'alema,/home/mhetac/Documents/GitHub/crossdem/datasets/prime_ministers/d'alema/csv_out/455855_dalema_s2t.csv,0.44424700133274103,0.0,2251
d'alema,/home/mhetac/Documents/GitHub/crossdem/datasets/prime_ministers/d'alema/csv_out/452736_dalema_s2t.csv,0.4065040650406504,0.0,4920
d'alema,/home/mhetac/Documents/GitHub/crossdem/datasets/prime_ministers/d'alema/csv_out/452658_dalema_s2t.csv,6.231454005934718,400.0,3370
d'alema,/home/mhetac/Documents/GitHub/crossdem/datasets/prime_ministers/d'alema/csv_out/448078_dalema_s2t.csv,2.592352559948153,0.0,1543
d'alema,/home/mhetac/Documents/GitHub/crossdem/datasets/prime_ministers/d'alema/csv_out/446831_dalema_s2t.csv,6.727449765424449,16.835016835016834,11297
d'alema,/home/mhetac/Documents/GitHub/crossdem/datasets/prime_ministers/d'alema/csv_out/441477_dalema_s2t.csv,0.8043758043758044,0.0,6216
d'alema,/home/mhetac/Documents/GitHub/crossdem/datasets/prime_ministers/d'alema/csv_out/437739_dalema_s2t.csv,1.9412090959511925,0.0,3606
d'alema,/home/mhetac/Documents/GitHub/crossdem/datasets/prime_ministers/d'alema/csv_out/434829_dalema_s2t.csv,2.4820739106453393,11.363636363636363,7252
d'alema,/home/mhetac/Documents/GitHub/crossdem/datasets/prime_ministers/d'alema/csv_out/433004_dalema_s2t.csv,4.270696452036794,0.0,3044
d'alema,/home/mhetac/Documents/GitHub/crossdem/datasets/prime_ministers/d'alema/csv_out/431734_dalema_s2t.csv,1.7159199237368923,0.0,5245
d'alema,/home/mhetac/Documents/GitHub/crossdem/datasets/prime_ministers/d'alema/csv_out/427428_dalema_s2t.csv,3.907203907203907,11.764705882352942,4095
d'alema,/home/mhetac/Documents/GitHub/crossdem/datasets/prime_ministers/d'alema/csv_out/426845_dalema_s2t.csv,6.211180124223603,0.0,2737
d'alema,/home/mhetac/Documents/GitHub/crossdem/datasets/prime_ministers/d'alema/csv_out/420376_dalema_s2t.csv,4.741134079271762,16.0,10546
d'alema,/home/mhetac/Documents/GitHub/crossdem/datasets/prime_ministers/d'alema/csv_out/419840_dalema_s2t.csv,5.66819271855243,0.0,4587
d'alema,/home/mhetac/Documents/GitHub/crossdem/datasets/prime_ministers/d'alema/csv_out/414795_dalema_s2t.csv,3.615002259376412,0.0,2213
d'alema,/home/mhetac/Documents/GitHub/crossdem/datasets/prime_ministers/d'alema/csv_out/411246_dalema_s2t.csv,4.303058244966959,0.0,6507
d'alema,/home/mhetac/Documents/GitHub/crossdem/datasets/prime_ministers/d'alema/csv_out/411104_dalema_s2t.csv,1.6317650258362795,0.0,3677
d'alema,/home/mhetac/Documents/GitHub/crossdem/datasets/prime_ministers/d'alema/csv_out/404591_dalema_s2t.csv,4.596820532465045,9.433962264150944,5221
d'alema,/home/mhetac/Documents/GitHub/crossdem/datasets/prime_ministers/d'alema/csv_out/403546_dalema_s2t.csv,2.9615004935834155,0.0,4052
d'alema,/home/mhetac/Documents/GitHub/crossdem/datasets/prime_ministers/d'alema/csv_out/395940_dalema_s2t.csv,10.889774236387781,76.92307692307692,3765
d'alema,/home/mhetac/Documents/GitHub/crossdem/datasets/prime_ministers/d'alema/csv_out/394181_dalema_s2t.csv,2.306805074971165,0.0,2601
d'alema,/home/mhetac/Documents/GitHub/crossdem/datasets/prime_ministers/d'alema/csv_out/392854_dalema_s2t.csv,5.660841742554762,0.0,4063
d'alema,/home/mhetac/Documents/GitHub/crossdem/datasets/prime_ministers/d'alema/csv_out/388630_dalema_s2t.csv,3.933910306845004,0.0,7626
d'alema,/home/mhetac/Documents/GitHub/crossdem/datasets/prime_ministers/d'alema/csv_out/380152_dalema_s2t.csv,6.313744536182613,0.0,4118
d'alema,/home/mhetac/Documents/GitHub/crossdem/datasets/prime_ministers/d'alema/csv_out/377088_dalema_s2t.csv,2.5087807325639737,0.0,1993
d'alema,/home/mhetac/Documents/GitHub/crossdem/datasets/prime_ministers/d'alema/csv_out/357516_dalema_s2t.csv,5.707762557077626,0.0,3504
d'alema,/home/mhetac/Documents/GitHub/crossdem/datasets/prime_ministers/d'alema/csv_out/357496_dalema_s2t.csv,2.4829298572315333,0.0,8055
d'alema,/home/mhetac/Documents/GitHub/crossdem/datasets/prime_ministers/d'alema/csv_out/356047_dalema_s2t.csv,2.886323268206039,0.0,4504
d'alema,/home/mhetac/Documents/GitHub/crossdem/datasets/prime_ministers/d'alema/csv_out/354225_dalema_s2t.csv,1.7201834862385321,0.0,3488
d'alema,/home/mhetac/Documents/GitHub/crossdem/datasets/prime_ministers/d'alema/csv_out/347745_dalema_s2t.csv,10.31636863823934,0.0,2908
d'alema,/home/mhetac/Documents/GitHub/crossdem/datasets/prime_ministers/d'alema/csv_out/346788_dalema_s2t.csv,2.292701566679404,0.0,2617
d'alema,/home/mhetac/Documents/GitHub/crossdem/datasets/prime_ministers/d'alema/csv_out/342201_dalema_s2t.csv,4.198740377886634,0.0,2858
d'alema,/home/mhetac/Documents/GitHub/crossdem/datasets/prime_ministers/d'alema/csv_out/341918_dalema_s2t.csv,6.634819532908705,142.85714285714286,3768
d'alema,/home/mhetac/Documents/GitHub/crossdem/datasets/prime_ministers/d'alema/csv_out/334948_dalema_s2t.csv,2.1769245992479713,0.0,5053
d'alema,/home/mhetac/Documents/GitHub/crossdem/datasets/prime_ministers/d'alema/csv_out/334956_dalema_s2t.csv,5.412719891745602,0.0,3695
d'alema,/home/mhetac/Documents/GitHub/crossdem/datasets/prime_ministers/d'alema/csv_out/330126_dalema_s2t.csv,2.5081144880495723,0.0,6778
d'alema,/home/mhetac/Documents/GitHub/crossdem/datasets/prime_ministers/d'alema/csv_out/329658_dalema_s2t.csv,1.2949174490126254,0.0,6178
d'alema,/home/mhetac/Documents/GitHub/crossdem/datasets/prime_ministers/d'alema/csv_out/325498_dalema_s2t.csv,2.1186440677966103,0.0,6608
d'alema,/home/mhetac/Documents/GitHub/crossdem/datasets/prime_ministers/d'alema/csv_out/323358_dalema_s2t.csv,1.4890448840672197,0.0,4701
d'alema,/home/mhetac/Documents/GitHub/crossdem/datasets/prime_ministers/d'alema/csv_out/322446_dalema_s2t.csv,6.035731530661516,0.0,4142
d'alema,/home/mhetac/Documents/GitHub/crossdem/datasets/prime_ministers/d'alema/csv_out/319680_dalema_s2t.csv,3.948367501898254,0.0,6585
d'alema,/home/mhetac/Documents/GitHub/crossdem/datasets/prime_ministers/d'alema/csv_out/319098_dalema_s2t.csv,6.523955147808358,7.874015748031496,4905
d'alema,/home/mhetac/Documents/GitHub/crossdem/datasets/prime_ministers/d'alema/csv_out/318846_dalema_s2t.csv,3.1467745560800178,46.51162790697674,4449
d'alema,/home/mhetac/Documents/GitHub/crossdem/datasets/prime_ministers/d'alema/csv_out/311066_dalema_s2t.csv,2.0785219399538106,5.2631578947368425,8660
d'alema,/home/mhetac/Documents/GitHub/crossdem/datasets/prime_ministers/d'alema/csv_out/308076_dalema_s2t.csv,4.223418857565199,22.471910112359552,9471
d'alema,/home/mhetac/Documents/GitHub/crossdem/datasets/prime_ministers/d'alema/csv_out/306891_dalema_s2t.csv,4.781638508128785,0.0,6274
d'alema,/home/mhetac/Documents/GitHub/crossdem/datasets/prime_ministers/d'alema/csv_out/305424_dalema_s2t.csv,2.7569909413154785,0.0,2539
d'alema,/home/mhetac/Documents/GitHub/crossdem/datasets/prime_ministers/d'alema/csv_out/297879_dalema_s2t.csv,0.7281553398058253,0.0,4120
d'alema,/home/mhetac/Documents/GitHub/crossdem/datasets/prime_ministers/d'alema/csv_out/296265_dalema_s2t.csv,0.6879944960440316,0.0,5814
d'alema,/home/mhetac/Documents/GitHub/crossdem/datasets/prime_ministers/d'alema/csv_out/287595_dalema_s2t.csv,6.030701754385965,7.905138339920948,5472
d'alema,/home/mhetac/Documents/GitHub/crossdem/datasets/prime_ministers/d'alema/csv_out/287408_dalema_s2t.csv,3.832466465918423,0.0,3653
d'alema,/home/mhetac/Documents/GitHub/crossdem/datasets/prime_ministers/d'alema/csv_out/286660_dalema_s2t.csv,5.0965083495987855,0.0,9222
d'alema,/home/mhetac/Documents/GitHub/crossdem/datasets/prime_ministers/d'alema/csv_out/282568_dalema_s2t.csv,3.7226617031177294,0.0,2149
d'alema,/home/mhetac/Documents/GitHub/crossdem/datasets/prime_ministers/d'alema/csv_out/282433_dalema_s2t.csv,7.930214115781126,0.0,3783
d'alema,/home/mhetac/Documents/GitHub/crossdem/datasets/prime_ministers/d'alema/csv_out/279720_dalema_s2t.csv,4.054897067997505,26.31578947368421,3206
d'alema,/home/mhetac/Documents/GitHub/crossdem/datasets/prime_ministers/d'alema/csv_out/278642_dalema_s2t.csv,3.988035892323031,0.0,1003
d'alema,/home/mhetac/Documents/GitHub/crossdem/datasets/prime_ministers/d'alema/csv_out/276321_dalema_s2t.csv,0.0,0.0,1316
d'alema,/home/mhetac/Documents/GitHub/crossdem/datasets/prime_ministers/d'alema/csv_out/274705_dalema_s2t.csv,2.8142589118198873,200.0,3198
d'alema,/home/mhetac/Documents/GitHub/crossdem/datasets/prime_ministers/d'alema/csv_out/274530_dalema_s2t.csv,4.4781260764726145,0.0,2903
d'alema,/home/mhetac/Documents/GitHub/crossdem/datasets/prime_ministers/d'alema/csv_out/274280_dalema_s2t.csv,8.613938919342209,0.0,3831
d'alema,/home/mhetac/Documents/GitHub/crossdem/datasets/prime_ministers/d'alema/csv_out/272968_dalema_s2t.csv,7.956805910770105,0.0,3519
d'alema,/home/mhetac/Documents/GitHub/crossdem/datasets/prime_ministers/d'alema/csv_out/272842_dalema_s2t.csv,6.9499602859412235,0.0,5036
d'alema,/home/mhetac/Documents/GitHub/crossdem/datasets/prime_ministers/d'alema/csv_out/272644_dalema_s2t.csv,1.3042060645582,0.0,3067
d'alema,/home/mhetac/Documents/GitHub/crossdem/datasets/prime_ministers/d'alema/csv_out/272575_dalema_s2t.csv,1.9127773527161438,0.0,2614
d'alema,/home/mhetac/Documents/GitHub/crossdem/datasets/prime_ministers/d'alema/csv_out/272023_dalema_s2t.csv,3.6363636363636362,23.25581395348837,1925
d'alema,/home/mhetac/Documents/GitHub/crossdem/datasets/prime_ministers/d'alema/csv_out/271950_dalema_s2t.csv,3.9313795568263044,0.0,2798
d'alema,/home/mhetac/Documents/GitHub/crossdem/datasets/prime_ministers/d'alema/csv_out/271989_dalema_s2t.csv,0.6814310051107325,0.0,2935
d'alema,/home/mhetac/Documents/GitHub/crossdem/datasets/prime_ministers/d'alema/csv_out/271583_dalema_s2t.csv,3.9093041438623923,0.0,3837
d'alema,/home/mhetac/Documents/GitHub/crossdem/datasets/prime_ministers/d'alema/csv_out/271364_dalema_s2t.csv,0.9285051067780873,0.0,3231
d'alema,/home/mhetac/Documents/GitHub/crossdem/datasets/prime_ministers/d'alema/csv_out/270502_dalema_s2t.csv,12.866700977869275,0.0,1943
d'alema,/home/mhetac/Documents/GitHub/crossdem/datasets/prime_ministers/d'alema/csv_out/268894_dalema_s2t.csv,5.7533261416756565,0.0,2781
d'alema,/home/mhetac/Documents/GitHub/crossdem/datasets/prime_ministers/d'alema/csv_out/268204_dalema_s2t.csv,7.124681933842239,0.0,1965
d'alema,/home/mhetac/Documents/GitHub/crossdem/datasets/prime_ministers/d'alema/csv_out/267941_dalema_s2t.csv,3.7272868457835067,6.024096385542169,6439
d'alema,/home/mhetac/Documents/GitHub/crossdem/datasets/prime_ministers/d'alema/csv_out/266775_dalema_s2t.csv,3.83008356545961,0.0,2872
d'alema,/home/mhetac/Documents/GitHub/crossdem/datasets/prime_ministers/d'alema/csv_out/266268_dalema_s2t.csv,2.5298988040478383,0.0,4348
d'alema,/home/mhetac/Documents/GitHub/crossdem/datasets/prime_ministers/d'alema/csv_out/265575_dalema_s2t.csv,4.823747680890538,0.0,2695
d'alema,/home/mhetac/Documents/GitHub/crossdem/datasets/prime_ministers/d'alema/csv_out/264165_dalema_s2t.csv,3.8376085639264796,0.0,4951
d'alema,/home/mhetac/Documents/GitHub/crossdem/datasets/prime_ministers/d'alema/csv_out/263997_dalema_s2t.csv,5.793742757821553,0.0,1726
d'alema,/home/mhetac/Documents/GitHub/crossdem/datasets/prime_ministers/d'alema/csv_out/263524_dalema_s2t.csv,9.82686008423023,33.333333333333336,4274
d'alema,/home/mhetac/Documents/GitHub/crossdem/datasets/prime_ministers/d'alema/csv_out/263502_dalema_s2t.csv,7.79550398839739,25.0,5516
d'alema,/home/mhetac/Documents/GitHub/crossdem/datasets/prime_ministers/d'alema/csv_out/263294_dalema_s2t.csv,2.7388922702373706,0.0,3286
d'alema,/home/mhetac/Documents/GitHub/crossdem/datasets/prime_ministers/d'alema/csv_out/263149_dalema_s2t.csv,8.862629246676514,0.0,2031
d'alema,/home/mhetac/Documents/GitHub/crossdem/datasets/prime_ministers/d'alema/csv_out/263025_dalema_s2t.csv,0.2522704339051463,0.0,3964
d'alema,/home/mhetac/Documents/GitHub/crossdem/datasets/prime_ministers/d'alema/csv_out/262550_dalema_s2t.csv,3.635041802980734,8.849557522123893,5502
d'alema,/home/mhetac/Documents/GitHub/crossdem/datasets/prime_ministers/d'alema/csv_out/258567_dalema_s2t.csv,3.9434768320736118,76.92307692307692,3043
d'alema,/home/mhetac/Documents/GitHub/crossdem/datasets/prime_ministers/d'alema/csv_out/256874_dalema_s2t.csv,0.4839099927413501,0.0,4133
d'alema,/home/mhetac/Documents/GitHub/crossdem/datasets/prime_ministers/d'alema/csv_out/256656_dalema_s2t.csv,14.054813773717498,0.0,2846
d'alema,/home/mhetac/Documents/GitHub/crossdem/datasets/prime_ministers/d'alema/csv_out/255923_dalema_s2t.csv,3.327283726557774,44.11764705882353,3306
d'alema,/home/mhetac/Documents/GitHub/crossdem/datasets/prime_ministers/d'alema/csv_out/255852_dalema_s2t.csv,0.37362226788716607,0.0,5353
d'alema,/home/mhetac/Documents/GitHub/crossdem/datasets/prime_ministers/d'alema/csv_out/254936_dalema_s2t.csv,2.8513238289205702,0.0,2455
d'alema,/home/mhetac/Documents/GitHub/crossdem/datasets/prime_ministers/d'alema/csv_out/254559_dalema_s2t.csv,4.676110576261862,10.638297872340425,7271
d'alema,/home/mhetac/Documents/GitHub/crossdem/datasets/prime_ministers/d'alema/csv_out/254557_dalema_s2t.csv,0.0,0.0,35
d'alema,/home/mhetac/Documents/GitHub/crossdem/datasets/prime_ministers/d'alema/csv_out/253824_dalema_s2t.csv,2.8162911611785097,166.66666666666666,4616
d'alema,/home/mhetac/Documents/GitHub/crossdem/datasets/prime_ministers/d'alema/csv_out/250703_dalema_s2t.csv,2.376990729736154,0.0,4207
d'alema,/home/mhetac/Documents/GitHub/crossdem/datasets/prime_ministers/d'alema/csv_out/249986_dalema_s2t.csv,0.3756574004507889,0.0,2662
d'alema,/home/mhetac/Documents/GitHub/crossdem/datasets/prime_ministers/d'alema/csv_out/249918_dalema_s2t.csv,3.060183611016661,0.0,8823
d'alema,/home/mhetac/Documents/GitHub/crossdem/datasets/prime_ministers/d'alema/csv_out/248670_dalema_s2t.csv,1.5232292460015233,0.0,1313
d'alema,/home/mhetac/Documents/GitHub/crossdem/datasets/prime_ministers/d'alema/csv_out/247477_dalema_s2t.csv,6.6815144766147,0.0,2245
d'alema,/home/mhetac/Documents/GitHub/crossdem/datasets/prime_ministers/d'alema/csv_out/246350_dalema_s2t.csv,0.0,0.0,1854
d'alema,/home/mhetac/Documents/GitHub/crossdem/datasets/prime_ministers/d'alema/csv_out/245850_dalema_s2t.csv,2.1536252692031588,0.0,2786
d'alema,/home/mhetac/Documents/GitHub/crossdem/datasets/prime_ministers/d'alema/csv_out/245052_dalema_s2t.csv,4.8773278155483295,6.993006993006993,6766
d'alema,/home/mhetac/Documents/GitHub/crossdem/datasets/prime_ministers/d'alema/csv_out/244572_dalema_s2t.csv,5.915952672378621,0.0,4902
d'alema,/home/mhetac/Documents/GitHub/crossdem/datasets/prime_ministers/d'alema/csv_out/239490_dalema_s2t.csv,2.954001969334646,117.6470588235294,7109
d'alema,/home/mhetac/Documents/GitHub/crossdem/datasets/prime_ministers/d'alema/csv_out/238137_dalema_s2t.csv,7.421660252886201,31.914893617021278,3638
d'alema,/home/mhetac/Documents/GitHub/crossdem/datasets/prime_ministers/d'alema/csv_out/236845_dalema_s2t.csv,1.2836970474967908,0.0,4674
d'alema,/home/mhetac/Documents/GitHub/crossdem/datasets/prime_ministers/d'alema/csv_out/236525_dalema_s2t.csv,4.149377593360996,0.0,3133
d'alema,/home/mhetac/Documents/GitHub/crossdem/datasets/prime_ministers/d'alema/csv_out/236345_dalema_s2t.csv,8.875739644970414,0.0,676
d'alema,/home/mhetac/Documents/GitHub/crossdem/datasets/prime_ministers/d'alema/csv_out/234722_dalema_s2t.csv,1.0327911179963851,0.0,3873
d'alema,/home/mhetac/Documents/GitHub/crossdem/datasets/prime_ministers/d'alema/csv_out/234723_dalema_s2t.csv,2.9841838257236644,41.666666666666664,3351
d'alema,/home/mhetac/Documents/GitHub/crossdem/datasets/prime_ministers/d'alema/csv_out/233952_dalema_s2t.csv,5.3890198720107785,4.8076923076923075,8907
d'alema,/home/mhetac/Documents/GitHub/crossdem/datasets/prime_ministers/d'alema/csv_out/231490_dalema_s2t.csv,4.306969459671104,38.46153846153846,5108
d'alema,/home/mhetac/Documents/GitHub/crossdem/datasets/prime_ministers/d'alema/csv_out/227688_dalema_s2t.csv,4.892367906066537,0.0,2044
d'alema,/home/mhetac/Documents/GitHub/crossdem/datasets/prime_ministers/d'alema/csv_out/226152_dalema_s2t.csv,5.662514156285391,0.0,2649
d'alema,/home/mhetac/Documents/GitHub/crossdem/datasets/prime_ministers/d'alema/csv_out/225042_dalema_s2t.csv,3.463203463203463,13.513513513513514,2310
d'alema,/home/mhetac/Documents/GitHub/crossdem/datasets/prime_ministers/d'alema/csv_out/224744_dalema_s2t.csv,7.923497267759563,17.24137931034483,3660
d'alema,/home/mhetac/Documents/GitHub/crossdem/datasets/prime_ministers/d'alema/csv_out/225074_dalema_s2t.csv,7.309941520467836,0.0,2736
d'alema,/home/mhetac/Documents/GitHub/crossdem/datasets/prime_ministers/d'alema/csv_out/219780_dalema_s2t.csv,1.4627011214041932,0.0,2051
d'alema,/home/mhetac/Documents/GitHub/crossdem/datasets/prime_ministers/d'alema/csv_out/219247_dalema_s2t.csv,8.101101749837978,0.0,3086
d'alema,/home/mhetac/Documents/GitHub/crossdem/datasets/prime_ministers/d'alema/csv_out/218836_dalema_s2t.csv,2.6166593981683386,0.0,4586
d'alema,/home/mhetac/Documents/GitHub/crossdem/datasets/prime_ministers/d'alema/csv_out/217848_dalema_s2t.csv,1.5325670498084292,0.0,2610
d'alema,/home/mhetac/Documents/GitHub/crossdem/datasets/prime_ministers/d'alema/csv_out/217537_dalema_s2t.csv,6.788290199406025,0.0,2357
d'alema,/home/mhetac/Documents/GitHub/crossdem/datasets/prime_ministers/d'alema/csv_out/217219_dalema_s2t.csv,4.663816556548776,0.0,2573
d'alema,/home/mhetac/Documents/GitHub/crossdem/datasets/prime_ministers/d'alema/csv_out/216766_dalema_s2t.csv,6.391818472355385,9.615384615384615,3129
d'alema,/home/mhetac/Documents/GitHub/crossdem/datasets/prime_ministers/d'alema/csv_out/215925_dalema_s2t.csv,3.3792565635560177,0.0,3847
d'alema,/home/mhetac/Documents/GitHub/crossdem/datasets/prime_ministers/d'alema/csv_out/213237_dalema_s2t.csv,3.2438277167057126,15.384615384615385,5549
d'alema,/home/mhetac/Documents/GitHub/crossdem/datasets/prime_ministers/d'alema/csv_out/211407_dalema_s2t.csv,17.490494296577946,17.54385964912281,2630
d'alema,/home/mhetac/Documents/GitHub/crossdem/datasets/prime_ministers/d'alema/csv_out/210366_dalema_s2t.csv,6.616800920598389,0.0,3476
d'alema,/home/mhetac/Documents/GitHub/crossdem/datasets/prime_ministers/d'alema/csv_out/209378_dalema_s2t.csv,6.295585412667946,9.029345372460497,13025
d'alema,/home/mhetac/Documents/GitHub/crossdem/datasets/prime_ministers/d'alema/csv_out/209365_dalema_s2t.csv,5.100039231071008,0.0,2549
d'alema,/home/mhetac/Documents/GitHub/crossdem/datasets/prime_ministers/d'alema/csv_out/208071_dalema_s2t.csv,1.2024048096192386,0.0,2495
d'alema,/home/mhetac/Documents/GitHub/crossdem/datasets/prime_ministers/d'alema/csv_out/206760_dalema_s2t.csv,7.22588752748979,27.522935779816514,6366
d'alema,/home/mhetac/Documents/GitHub/crossdem/datasets/prime_ministers/d'alema/csv_out/206319_dalema_s2t.csv,3.5629453681710213,0.0,3368
d'alema,/home/mhetac/Documents/GitHub/crossdem/datasets/prime_ministers/d'alema/csv_out/205865_dalema_s2t.csv,4.705882352941177,9.523809523809524,4250
d'alema,/home/mhetac/Documents/GitHub/crossdem/datasets/prime_ministers/d'alema/csv_out/203115_dalema_s2t.csv,3.16288877174486,0.0,3794
d'alema,/home/mhetac/Documents/GitHub/crossdem/datasets/prime_ministers/d'alema/csv_out/200204_dalema_s2t.csv,2.3346303501945527,0.0,1285
d'alema,/home/mhetac/Documents/GitHub/crossdem/datasets/prime_ministers/d'alema/csv_out/200262_dalema_s2t.csv,0.9705596894208994,0.0,3091
d'alema,/home/mhetac/Documents/GitHub/crossdem/datasets/prime_ministers/d'alema/csv_out/199404_dalema_s2t.csv,0.4131377814501136,0.0,4841
d'alema,/home/mhetac/Documents/GitHub/crossdem/datasets/prime_ministers/d'alema/csv_out/197375_dalema_s2t.csv,4.901960784313726,0.0,3264
d'alema,/home/mhetac/Documents/GitHub/crossdem/datasets/prime_ministers/d'alema/csv_out/233070_dalema_s2t.csv,5.094043887147335,0.0,2552
d'alema,/home/mhetac/Documents/GitHub/crossdem/datasets/prime_ministers/d'alema/csv_out/256820_dalema_s2t.csv,1.89897455374098,0.0,5266
d'alema,/home/mhetac/Documents/GitHub/crossdem/datasets/prime_ministers/d'alema/csv_out/232392_dalema_s2t.csv,2.1551724137931036,0.0,3248
d'alema,/home/mhetac/Documents/GitHub/crossdem/datasets/prime_ministers/d'alema/csv_out/245626_dalema_s2t.csv,0.29735355337496283,0.0,3363
d'alema,/home/mhetac/Documents/GitHub/crossdem/datasets/prime_ministers/d'alema/csv_out/245970_dalema_s2t.csv,5.624629958555358,0.0,3378
d'alema,/home/mhetac/Documents/GitHub/crossdem/datasets/prime_ministers/d'alema/csv_out/255869_dalema_s2t.csv,6.25211220006759,0.0,5918
d'alema,/home/mhetac/Documents/GitHub/crossdem/datasets/prime_ministers/d'alema/csv_out/247395_dalema_s2t.csv,5.122575923893158,0.0,2733
d'alema,/home/mhetac/Documents/GitHub/crossdem/datasets/prime_ministers/d'alema/csv_out/209409_dalema_s2t.csv,3.7136066547831255,0.0,6732
d'alema,/home/mhetac/Documents/GitHub/crossdem/datasets/prime_ministers/d'alema/csv_out/233500_dalema_s2t.csv,3.1195522525002293,16.949152542372882,10899
d'alema,/home/mhetac/Documents/GitHub/crossdem/datasets/prime_ministers/d'alema/csv_out/237355_dalema_s2t.csv,3.687315634218289,0.0,1356
d'alema,/home/mhetac/Documents/GitHub/crossdem/datasets/prime_ministers/d'alema/csv_out/223517_dalema_s2t.csv,5.501618122977346,21.27659574468085,3090
d'alema,/home/mhetac/Documents/GitHub/crossdem/datasets/prime_ministers/d'alema/csv_out/223451_dalema_s2t.csv,2.851033499643621,0.0,7015
d'alema,/home/mhetac/Documents/GitHub/crossdem/datasets/prime_ministers/d'alema/csv_out/230016_dalema_s2t.csv,2.5178902729923136,0.0,7546
d'alema,/home/mhetac/Documents/GitHub/crossdem/datasets/prime_ministers/d'alema/csv_out/220791_dalema_s2t.csv,5.365898788046998,48.0,10809
d'alema,/home/mhetac/Documents/GitHub/crossdem/datasets/prime_ministers/d'alema/csv_out/220790_dalema_s2t.csv,5.223230941425196,7.092198581560283,8041
d'alema,/home/mhetac/Documents/GitHub/crossdem/datasets/prime_ministers/d'alema/csv_out/162934_dalema_s2t.csv,0.0,0.0,370
d'alema,/home/mhetac/Documents/GitHub/crossdem/datasets/prime_ministers/d'alema/csv_out/214070_dalema_s2t.csv,4.5608108108108105,0.0,5920
d'alema,/home/mhetac/Documents/GitHub/crossdem/datasets/prime_ministers/d'alema/csv_out/209097_dalema_s2t.csv,3.5335689045936394,0.0,283
d'alema,/home/mhetac/Documents/GitHub/crossdem/datasets/prime_ministers/d'alema/csv_out/160587_dalema_s2t.csv,0.0,0.0,393
d'alema,/home/mhetac/Documents/GitHub/crossdem/datasets/prime_ministers/d'alema/csv_out/229761_dalema_s2t.csv,2.998500749625187,0.0,1334
d'alema,/home/mhetac/Documents/GitHub/crossdem/datasets/prime_ministers/d'alema/csv_out/229760_dalema_s2t.csv,3.46489906598373,125.0,6638
d'alema,/home/mhetac/Documents/GitHub/crossdem/datasets/prime_ministers/d'alema/csv_out/229736_dalema_s2t.csv,2.1806853582554515,0.0,3210
d'alema,/home/mhetac/Documents/GitHub/crossdem/datasets/prime_ministers/d'alema/csv_out/162456_dalema_s2t.csv,5.212143379663496,0.0,10936
d'alema,/home/mhetac/Documents/GitHub/crossdem/datasets/prime_ministers/d'alema/csv_out/160359_dalema_s2t.csv,1.3574660633484164,0.0,2210
d'alema,/home/mhetac/Documents/GitHub/crossdem/datasets/prime_ministers/d'alema/csv_out/162343_dalema_s2t.csv,6.229036895064686,40.0,2087
d'alema,/home/mhetac/Documents/GitHub/crossdem/datasets/prime_ministers/d'alema/csv_out/161839_dalema_s2t.csv,2.937936099889827,0.0,2723
d'alema,/home/mhetac/Documents/GitHub/crossdem/datasets/prime_ministers/d'alema/csv_out/220827_dalema_s2t.csv,1.5565548253199586,0.0,5782
d'alema,/home/mhetac/Documents/GitHub/crossdem/datasets/prime_ministers/d'alema/csv_out/159610_dalema_s2t.csv,4.6283691805063985,0.0,3673
d'alema,/home/mhetac/Documents/GitHub/crossdem/datasets/prime_ministers/d'alema/csv_out/159722_dalema_s2t.csv,1.8115942028985508,0.0,552
d'alema,/home/mhetac/Documents/GitHub/crossdem/datasets/prime_ministers/d'alema/csv_out/156796_dalema_s2t.csv,1.8485712085034276,0.0,12983
d'alema,/home/mhetac/Documents/GitHub/crossdem/datasets/prime_ministers/d'alema/csv_out/158697_dalema_s2t.csv,1.4170996693434106,0.0,4234
d'alema,/home/mhetac/Documents/GitHub/crossdem/datasets/prime_ministers/d'alema/csv_out/160619_dalema_s2t.csv,0.0,0.0,2861
d'alema,/home/mhetac/Documents/GitHub/crossdem/datasets/prime_ministers/d'alema/csv_out/159349_dalema_s2t.csv,4.740941415509651,0.0,2953
d'alema,/home/mhetac/Documents/GitHub/crossdem/datasets/prime_ministers/d'alema/csv_out/158820_dalema_s2t.csv,6.015859994531036,11.764705882352942,3657
d'alema,/home/mhetac/Documents/GitHub/crossdem/datasets/prime_ministers/d'alema/csv_out/158395_dalema_s2t.csv,2.411873840445269,0.0,5390
d'alema,/home/mhetac/Documents/GitHub/crossdem/datasets/prime_ministers/d'alema/csv_out/163606_dalema_s2t.csv,3.2315978456014363,0.0,2785
d'alema,/home/mhetac/Documents/GitHub/crossdem/datasets/prime_ministers/d'alema/csv_out/157840_dalema_s2t.csv,9.270859433725883,83.33333333333333,3991
d'alema,/home/mhetac/Documents/GitHub/crossdem/datasets/prime_ministers/d'alema/csv_out/153307_dalema_s2t.csv,3.6889025514909313,0.0,3253
d'alema,/home/mhetac/Documents/GitHub/crossdem/datasets/prime_ministers/d'alema/csv_out/155625_dalema_s2t.csv,4.843304843304844,0.0,3510
d'alema,/home/mhetac/Documents/GitHub/crossdem/datasets/prime_ministers/d'alema/csv_out/153191_dalema_s2t.csv,2.9382957884427032,0.0,3063
d'alema,/home/mhetac/Documents/GitHub/crossdem/datasets/prime_ministers/d'alema/csv_out/156288_dalema_s2t.csv,2.7286413248024086,0.0,10628
d'alema,/home/mhetac/Documents/GitHub/crossdem/datasets/prime_ministers/d'alema/csv_out/153629_dalema_s2t.csv,4.414361389052384,111.11111111111111,3398
d'alema,/home/mhetac/Documents/GitHub/crossdem/datasets/prime_ministers/d'alema/csv_out/154117_dalema_s2t.csv,12.048192771084338,0.0,2822
d'alema,/home/mhetac/Documents/GitHub/crossdem/datasets/prime_ministers/d'alema/csv_out/153436_dalema_s2t.csv,2.0768431983385254,0.0,1926
d'alema,/home/mhetac/Documents/GitHub/crossdem/datasets/prime_ministers/d'alema/csv_out/151247_dalema_s2t.csv,3.1595576619273302,0.0,3165
d'alema,/home/mhetac/Documents/GitHub/crossdem/datasets/prime_ministers/d'alema/csv_out/151246_dalema_s2t.csv,0.0,0.0,155
d'alema,/home/mhetac/Documents/GitHub/crossdem/datasets/prime_ministers/d'alema/csv_out/153923_dalema_s2t.csv,1.2410797393732547,0.0,3223
d'alema,/home/mhetac/Documents/GitHub/crossdem/datasets/prime_ministers/d'alema/csv_out/152756_dalema_s2t.csv,10.376134889753567,0.0,3084
d'alema,/home/mhetac/Documents/GitHub/crossdem/datasets/prime_ministers/d'alema/csv_out/156425_dalema_s2t.csv,0.333000333000333,0.0,3003
d'alema,/home/mhetac/Documents/GitHub/crossdem/datasets/prime_ministers/d'alema/csv_out/151357_dalema_s2t.csv,1.3054830287206267,0.0,3830
d'alema,/home/mhetac/Documents/GitHub/crossdem/datasets/prime_ministers/d'alema/csv_out/152295_dalema_s2t.csv,5.709992486851991,0.0,6655
d'alema,/home/mhetac/Documents/GitHub/crossdem/datasets/prime_ministers/d'alema/csv_out/151450_dalema_s2t.csv,4.9079754601226995,0.0,8150
d'alema,/home/mhetac/Documents/GitHub/crossdem/datasets/prime_ministers/d'alema/csv_out/151240_dalema_s2t.csv,2.175264139216905,0.0,3218
d'alema,/home/mhetac/Documents/GitHub/crossdem/datasets/prime_ministers/d'alema/csv_out/152547_dalema_s2t.csv,9.925558312655086,0.0,1612
d'alema,/home/mhetac/Documents/GitHub/crossdem/datasets/prime_ministers/d'alema/csv_out/152027_dalema_s2t.csv,4.3726235741444865,0.0,5260
d'alema,/home/mhetac/Documents/GitHub/crossdem/datasets/prime_ministers/d'alema/csv_out/149281_dalema_s2t.csv,10.601808543810415,9.803921568627452,3207
d'alema,/home/mhetac/Documents/GitHub/crossdem/datasets/prime_ministers/d'alema/csv_out/150841_dalema_s2t.csv,1.644736842105263,0.0,608
d'alema,/home/mhetac/Documents/GitHub/crossdem/datasets/prime_ministers/d'alema/csv_out/150852_dalema_s2t.csv,3.537318712415989,6.802721088435374,5654
d'alema,/home/mhetac/Documents/GitHub/crossdem/datasets/prime_ministers/d'alema/csv_out/151826_dalema_s2t.csv,2.7842227378190256,0.0,2155
d'alema,/home/mhetac/Documents/GitHub/crossdem/datasets/prime_ministers/d'alema/csv_out/151255_dalema_s2t.csv,2.407704654895666,0.0,2492
d'alema,/home/mhetac/Documents/GitHub/crossdem/datasets/prime_ministers/d'alema/csv_out/147578_dalema_s2t.csv,2.5977774570645114,0.0,6929
d'alema,/home/mhetac/Documents/GitHub/crossdem/datasets/prime_ministers/d'alema/csv_out/150186_dalema_s2t.csv,6.09537468626748,0.0,5578
d'alema,/home/mhetac/Documents/GitHub/crossdem/datasets/prime_ministers/d'alema/csv_out/147758_dalema_s2t.csv,3.048780487804878,0.0,984
d'alema,/home/mhetac/Documents/GitHub/crossdem/datasets/prime_ministers/d'alema/csv_out/148975_dalema_s2t.csv,15.168539325842696,0.0,1780
d'alema,/home/mhetac/Documents/GitHub/crossdem/datasets/prime_ministers/d'alema/csv_out/146502_dalema_s2t.csv,15.05856107083101,15.384615384615385,5379
d'alema,/home/mhetac/Documents/GitHub/crossdem/datasets/prime_ministers/d'alema/csv_out/148338_dalema_s2t.csv,1.977587343441002,0.0,3034
d'alema,/home/mhetac/Documents/GitHub/crossdem/datasets/prime_ministers/d'alema/csv_out/147688_dalema_s2t.csv,7.257448433919022,0.0,2618
d'alema,/home/mhetac/Documents/GitHub/crossdem/datasets/prime_ministers/d'alema/csv_out/145810_dalema_s2t.csv,3.6101083032490973,0.0,5817
d'alema,/home/mhetac/Documents/GitHub/crossdem/datasets/prime_ministers/d'alema/csv_out/148980_dalema_s2t.csv,10.823587957203284,14.184397163120567,8038
d'alema,/home/mhetac/Documents/GitHub/crossdem/datasets/prime_ministers/d'alema/csv_out/144252_dalema_s2t.csv,6.896551724137931,0.0,145
d'alema,/home/mhetac/Documents/GitHub/crossdem/datasets/prime_ministers/d'alema/csv_out/148296_dalema_s2t.csv,1.3180192054227076,0.0,5311
d'alema,/home/mhetac/Documents/GitHub/crossdem/datasets/prime_ministers/d'alema/csv_out/144298_dalema_s2t.csv,0.0,0.0,141
d'alema,/home/mhetac/Documents/GitHub/crossdem/datasets/prime_ministers/d'alema/csv_out/144297_dalema_s2t.csv,11.24859392575928,0.0,889
d'alema,/home/mhetac/Documents/GitHub/crossdem/datasets/prime_ministers/d'alema/csv_out/148545_dalema_s2t.csv,1.1534025374855825,0.0,867
d'alema,/home/mhetac/Documents/GitHub/crossdem/datasets/prime_ministers/d'alema/csv_out/148651_dalema_s2t.csv,0.5720823798627003,0.0,3496
d'alema,/home/mhetac/Documents/GitHub/crossdem/datasets/prime_ministers/d'alema/csv_out/151089_dalema_s2t.csv,2.3076923076923075,14.084507042253522,6500
d'alema,/home/mhetac/Documents/GitHub/crossdem/datasets/prime_ministers/d'alema/csv_out/143089_dalema_s2t.csv,0.0,0.0,1341
d'alema,/home/mhetac/Documents/GitHub/crossdem/datasets/prime_ministers/d'alema/csv_out/142972_dalema_s2t.csv,4.809343868086568,29.41176470588235,2911
d'alema,/home/mhetac/Documents/GitHub/crossdem/datasets/prime_ministers/d'alema/csv_out/146291_dalema_s2t.csv,3.711827231314324,90.9090909090909,5927
d'alema,/home/mhetac/Documents/GitHub/crossdem/datasets/prime_ministers/d'alema/csv_out/141825_dalema_s2t.csv,4.754358161648177,0.0,1893
d'alema,/home/mhetac/Documents/GitHub/crossdem/datasets/prime_ministers/d'alema/csv_out/143895_dalema_s2t.csv,0.0,0.0,210
d'alema,/home/mhetac/Documents/GitHub/crossdem/datasets/prime_ministers/d'alema/csv_out/142741_dalema_s2t.csv,2.685078634445723,0.0,2607
d'alema,/home/mhetac/Documents/GitHub/crossdem/datasets/prime_ministers/d'alema/csv_out/144559_dalema_s2t.csv,1.931159831875497,0.0,8803
d'alema,/home/mhetac/Documents/GitHub/crossdem/datasets/prime_ministers/d'alema/csv_out/145866_dalema_s2t.csv,3.516624040920716,0.0,3128
d'alema,/home/mhetac/Documents/GitHub/crossdem/datasets/prime_ministers/d'alema/csv_out/144865_dalema_s2t.csv,2.3240371845949537,0.0,3012
d'alema,/home/mhetac/Documents/GitHub/crossdem/datasets/prime_ministers/d'alema/csv_out/136749_dalema_s2t.csv,2.0629190304280556,0.0,7756
d'alema,/home/mhetac/Documents/GitHub/crossdem/datasets/prime_ministers/d'alema/csv_out/146480_dalema_s2t.csv,3.8095238095238093,0.0,2100
d'alema,/home/mhetac/Documents/GitHub/crossdem/datasets/prime_ministers/d'alema/csv_out/142648_dalema_s2t.csv,8.30405621207282,0.0,3131
d'alema,/home/mhetac/Documents/GitHub/crossdem/datasets/prime_ministers/d'alema/csv_out/142621_dalema_s2t.csv,4.329004329004329,0.0,7161
d'alema,/home/mhetac/Documents/GitHub/crossdem/datasets/prime_ministers/d'alema/csv_out/135122_dalema_s2t.csv,2.7137042062415198,0.0,3685
d'alema,/home/mhetac/Documents/GitHub/crossdem/datasets/prime_ministers/d'alema/csv_out/708110_dalema_s2t.csv,4.649360712901976,0.0,2581
d'alema,/home/mhetac/Documents/GitHub/crossdem/datasets/prime_ministers/d'alema/csv_out/133681_dalema_s2t.csv,11.461318051575931,0.0,349
d'alema,/home/mhetac/Documents/GitHub/crossdem/datasets/prime_ministers/d'alema/csv_out/140528_dalema_s2t.csv,2.237136465324385,0.0,2682
d'alema,/home/mhetac/Documents/GitHub/crossdem/datasets/prime_ministers/d'alema/csv_out/141567_dalema_s2t.csv,3.9402737453338865,0.0,4822
d'alema,/home/mhetac/Documents/GitHub/crossdem/datasets/prime_ministers/d'alema/csv_out/141514_dalema_s2t.csv,3.3259423503325944,0.0,3608
d'alema,/home/mhetac/Documents/GitHub/crossdem/datasets/prime_ministers/d'alema/csv_out/140031_dalema_s2t.csv,3.21853878339234,0.0,3107
d'alema,/home/mhetac/Documents/GitHub/crossdem/datasets/prime_ministers/d'alema/csv_out/139737_dalema_s2t.csv,3.3222591362126246,0.0,6321
d'alema,/home/mhetac/Documents/GitHub/crossdem/datasets/prime_ministers/d'alema/csv_out/130030_dalema_s2t.csv,2.133821063862216,0.0,6561
d'alema,/home/mhetac/Documents/GitHub/crossdem/datasets/prime_ministers/d'alema/csv_out/139079_dalema_s2t.csv,1.6085790884718498,0.0,3730
d'alema,/home/mhetac/Documents/GitHub/crossdem/datasets/prime_ministers/d'alema/csv_out/139273_dalema_s2t.csv,0.6222775357809583,0.0,1607
d'alema,/home/mhetac/Documents/GitHub/crossdem/datasets/prime_ministers/d'alema/csv_out/139188_dalema_s2t.csv,5.920344456404736,16.39344262295082,1858
d'alema,/home/mhetac/Documents/GitHub/crossdem/datasets/prime_ministers/d'alema/csv_out/137857_dalema_s2t.csv,1.297016861219196,0.0,2313
d'alema,/home/mhetac/Documents/GitHub/crossdem/datasets/prime_ministers/d'alema/csv_out/139192_dalema_s2t.csv,1.8484288354898337,0.0,2164
d'alema,/home/mhetac/Documents/GitHub/crossdem/datasets/prime_ministers/d'alema/csv_out/135294_dalema_s2t.csv,5.296343001261034,28.571428571428573,3965
d'alema,/home/mhetac/Documents/GitHub/crossdem/datasets/prime_ministers/d'alema/csv_out/136950_dalema_s2t.csv,1.3454423141607803,0.0,2973
d'alema,/home/mhetac/Documents/GitHub/crossdem/datasets/prime_ministers/d'alema/csv_out/137109_dalema_s2t.csv,0.21048200378867607,0.0,4751
d'alema,/home/mhetac/Documents/GitHub/crossdem/datasets/prime_ministers/d'alema/csv_out/134986_dalema_s2t.csv,1.8807092960773777,0.0,3722
d'alema,/home/mhetac/Documents/GitHub/crossdem/datasets/prime_ministers/d'alema/csv_out/127272_dalema_s2t.csv,4.746440169872596,0.0,4003
d'alema,/home/mhetac/Documents/GitHub/crossdem/datasets/prime_ministers/d'alema/csv_out/126379_dalema_s2t.csv,2.0394289598912305,0.0,2942
d'alema,/home/mhetac/Documents/GitHub/crossdem/datasets/prime_ministers/d'alema/csv_out/125813_dalema_s2t.csv,3.024470717624416,0.0,3637
d'alema,/home/mhetac/Documents/GitHub/crossdem/datasets/prime_ministers/d'alema/csv_out/135416_dalema_s2t.csv,1.439366678661389,0.0,2779
d'alema,/home/mhetac/Documents/GitHub/crossdem/datasets/prime_ministers/d'alema/csv_out/127274_dalema_s2t.csv,1.4255167498218104,0.0,2806
d'alema,/home/mhetac/Documents/GitHub/crossdem/datasets/prime_ministers/d'alema/csv_out/126674_dalema_s2t.csv,1.66270783847981,0.0,4210
d'alema,/home/mhetac/Documents/GitHub/crossdem/datasets/prime_ministers/d'alema/csv_out/133252_dalema_s2t.csv,11.512134411947729,0.0,3214
d'alema,/home/mhetac/Documents/GitHub/crossdem/datasets/prime_ministers/d'alema/csv_out/133261_dalema_s2t.csv,6.791171477079796,500.0,589
d'alema,/home/mhetac/Documents/GitHub/crossdem/datasets/prime_ministers/d'alema/csv_out/124603_dalema_s2t.csv,0.24721878862793573,0.0,4045
d'alema,/home/mhetac/Documents/GitHub/crossdem/datasets/prime_ministers/d'alema/csv_out/132444_dalema_s2t.csv,1.20870265914585,0.0,2482
d'alema,/home/mhetac/Documents/GitHub/crossdem/datasets/prime_ministers/d'alema/csv_out/123084_dalema_s2t.csv,3.9676916536772,0.0,7057
d'alema,/home/mhetac/Documents/GitHub/crossdem/datasets/prime_ministers/d'alema/csv_out/131816_dalema_s2t.csv,3.7603409375783405,0.0,11967
d'alema,/home/mhetac/Documents/GitHub/crossdem/datasets/prime_ministers/d'alema/csv_out/122596_dalema_s2t.csv,0.0,0.0,1782
d'alema,/home/mhetac/Documents/GitHub/crossdem/datasets/prime_ministers/d'alema/csv_out/131747_dalema_s2t.csv,2.773575390821987,0.0,3966
d'alema,/home/mhetac/Documents/GitHub/crossdem/datasets/prime_ministers/d'alema/csv_out/122822_dalema_s2t.csv,0.8613264427217916,0.0,2322
d'alema,/home/mhetac/Documents/GitHub/crossdem/datasets/prime_ministers/d'alema/csv_out/121691_dalema_s2t.csv,0.0,0.0,223
d'alema,/home/mhetac/Documents/GitHub/crossdem/datasets/prime_ministers/d'alema/csv_out/130860_dalema_s2t.csv,0.3122073056509522,0.0,3203
d'alema,/home/mhetac/Documents/GitHub/crossdem/datasets/prime_ministers/d'alema/csv_out/121686_dalema_s2t.csv,1.3063357282821686,0.0,3062
d'alema,/home/mhetac/Documents/GitHub/crossdem/datasets/prime_ministers/d'alema/csv_out/129726_dalema_s2t.csv,0.2175331738090059,0.0,4597
d'alema,/home/mhetac/Documents/GitHub/crossdem/datasets/prime_ministers/d'alema/csv_out/129743_dalema_s2t.csv,3.313348059324708,0.0,6338
d'alema,/home/mhetac/Documents/GitHub/crossdem/datasets/prime_ministers/d'alema/csv_out/129281_dalema_s2t.csv,1.9056693663649358,0.0,6297
d'alema,/home/mhetac/Documents/GitHub/crossdem/datasets/prime_ministers/d'alema/csv_out/129276_dalema_s2t.csv,0.8718395815170009,0.0,4588
d'alema,/home/mhetac/Documents/GitHub/crossdem/datasets/prime_ministers/d'alema/csv_out/130232_dalema_s2t.csv,1.2567324955116697,0.0,5570
d'alema,/home/mhetac/Documents/GitHub/crossdem/datasets/prime_ministers/d'alema/csv_out/127771_dalema_s2t.csv,0.3699593044765076,0.0,5406
d'alema,/home/mhetac/Documents/GitHub/crossdem/datasets/prime_ministers/d'alema/csv_out/128598_dalema_s2t.csv,0.6965405154399814,0.0,4307
d'alema,/home/mhetac/Documents/GitHub/crossdem/datasets/prime_ministers/d'alema/csv_out/121472_dalema_s2t.csv,0.7404664938911514,0.0,2701
d'alema,/home/mhetac/Documents/GitHub/crossdem/datasets/prime_ministers/d'alema/csv_out/119571_dalema_s2t.csv,0.0,0.0,4248
d'alema,/home/mhetac/Documents/GitHub/crossdem/datasets/prime_ministers/d'alema/csv_out/117981_dalema_s2t.csv,1.9224607497596924,0.0,6242
d'alema,/home/mhetac/Documents/GitHub/crossdem/datasets/prime_ministers/d'alema/csv_out/127514_dalema_s2t.csv,0.0,0.0,395
d'alema,/home/mhetac/Documents/GitHub/crossdem/datasets/prime_ministers/d'alema/csv_out/116866_dalema_s2t.csv,0.0,0.0,950
d'alema,/home/mhetac/Documents/GitHub/crossdem/datasets/prime_ministers/d'alema/csv_out/126164_dalema_s2t.csv,1.5978695073235685,0.0,3755
d'alema,/home/mhetac/Documents/GitHub/crossdem/datasets/prime_ministers/d'alema/csv_out/126163_dalema_s2t.csv,1.3280212483399734,0.0,753
d'alema,/home/mhetac/Documents/GitHub/crossdem/datasets/prime_ministers/d'alema/csv_out/116273_dalema_s2t.csv,1.0770059235325795,0.0,1857
d'alema,/home/mhetac/Documents/GitHub/crossdem/datasets/prime_ministers/d'alema/csv_out/114323_dalema_s2t.csv,1.721170395869191,0.0,4067
d'alema,/home/mhetac/Documents/GitHub/crossdem/datasets/prime_ministers/d'alema/csv_out/114883_dalema_s2t.csv,1.530221882172915,0.0,2614
d'alema,/home/mhetac/Documents/GitHub/crossdem/datasets/prime_ministers/d'alema/csv_out/114343_dalema_s2t.csv,4.057591623036649,0.0,7640
d'alema,/home/mhetac/Documents/GitHub/crossdem/datasets/prime_ministers/d'alema/csv_out/114155_dalema_s2t.csv,0.7952286282306164,0.0,2515
d'alema,/home/mhetac/Documents/GitHub/crossdem/datasets/prime_ministers/d'alema/csv_out/125543_dalema_s2t.csv,1.39799978492311,0.0,9299
d'alema,/home/mhetac/Documents/GitHub/crossdem/datasets/prime_ministers/d'alema/csv_out/117852_dalema_s2t.csv,5.072565872904044,8.19672131147541,7097
d'alema,/home/mhetac/Documents/GitHub/crossdem/datasets/prime_ministers/d'alema/csv_out/117167_dalema_s2t.csv,1.952065936449409,0.0,9221
d'alema,/home/mhetac/Documents/GitHub/crossdem/datasets/prime_ministers/d'alema/csv_out/122809_dalema_s2t.csv,0.8136696501220505,0.0,11061
d'alema,/home/mhetac/Documents/GitHub/crossdem/datasets/prime_ministers/d'alema/csv_out/113597_dalema_s2t.csv,0.8860011813349085,0.0,6772
d'alema,/home/mhetac/Documents/GitHub/crossdem/datasets/prime_ministers/d'alema/csv_out/112791_dalema_s2t.csv,0.5242922055225445,0.0,5722
d'alema,/home/mhetac/Documents/GitHub/crossdem/datasets/prime_ministers/d'alema/csv_out/114287_dalema_s2t.csv,3.2679738562091503,0.0,6120
d'alema,/home/mhetac/Documents/GitHub/crossdem/datasets/prime_ministers/d'alema/csv_out/111309_dalema_s2t.csv,3.074558032282859,0.0,1301
d'alema,/home/mhetac/Documents/GitHub/crossdem/datasets/prime_ministers/d'alema/csv_out/113098_dalema_s2t.csv,2.5792188651436994,0.0,5428
d'alema,/home/mhetac/Documents/GitHub/crossdem/datasets/prime_ministers/d'alema/csv_out/150957_dalema_s2t.csv,3.4438226431338785,0.0,2323
d'alema,/home/mhetac/Documents/GitHub/crossdem/datasets/prime_ministers/d'alema/csv_out/110174_dalema_s2t.csv,1.5212981744421907,0.0,5916
d'alema,/home/mhetac/Documents/GitHub/crossdem/datasets/prime_ministers/d'alema/csv_out/109587_dalema_s2t.csv,1.0309278350515463,0.0,3880
d'alema,/home/mhetac/Documents/GitHub/crossdem/datasets/prime_ministers/d'alema/csv_out/122896_dalema_s2t.csv,0.25012506253126565,0.0,3998
d'alema,/home/mhetac/Documents/GitHub/crossdem/datasets/prime_ministers/d'alema/csv_out/108081_dalema_s2t.csv,2.068863602778188,0.0,6767
d'alema,/home/mhetac/Documents/GitHub/crossdem/datasets/prime_ministers/d'alema/csv_out/115619_dalema_s2t.csv,0.0,0.0,458
d'alema,/home/mhetac/Documents/GitHub/crossdem/datasets/prime_ministers/d'alema/csv_out/110194_dalema_s2t.csv,1.0741138560687433,0.0,2793
d'alema,/home/mhetac/Documents/GitHub/crossdem/datasets/prime_ministers/d'alema/csv_out/108485_dalema_s2t.csv,2.558048012593467,0.0,5082
d'alema,/home/mhetac/Documents/GitHub/crossdem/datasets/prime_ministers/d'alema/csv_out/115301_dalema_s2t.csv,1.7597184450487922,0.0,6251
d'alema,/home/mhetac/Documents/GitHub/crossdem/datasets/prime_ministers/d'alema/csv_out/106607_dalema_s2t.csv,3.60082304526749,0.0,5832
d'alema,/home/mhetac/Documents/GitHub/crossdem/datasets/prime_ministers/d'alema/csv_out/108821_dalema_s2t.csv,2.1141649048625792,0.0,5676
d'alema,/home/mhetac/Documents/GitHub/crossdem/datasets/prime_ministers/d'alema/csv_out/105693_dalema_s2t.csv,2.1621621621621623,0.0,1850
d'alema,/home/mhetac/Documents/GitHub/crossdem/datasets/prime_ministers/d'alema/csv_out/106185_dalema_s2t.csv,1.0764262648008611,0.0,1858
d'alema,/home/mhetac/Documents/GitHub/crossdem/datasets/prime_ministers/d'alema/csv_out/106401_dalema_s2t.csv,1.600731763091699,0.0,4373
d'alema,/home/mhetac/Documents/GitHub/crossdem/datasets/prime_ministers/d'alema/csv_out/114291_dalema_s2t.csv,3.473318598042311,0.0,9501
d'alema,/home/mhetac/Documents/GitHub/crossdem/datasets/prime_ministers/d'alema/csv_out/110767_dalema_s2t.csv,2.9505778214900418,0.0,4067
d'alema,/home/mhetac/Documents/GitHub/crossdem/datasets/prime_ministers/d'alema/csv_out/104087_dalema_s2t.csv,11.682242990654206,0.0,428
d'alema,/home/mhetac/Documents/GitHub/crossdem/datasets/prime_ministers/d'alema/csv_out/101913_dalema_s2t.csv,2.46747420367878,0.0,4458
d'alema,/home/mhetac/Documents/GitHub/crossdem/datasets/prime_ministers/d'alema/csv_out/102084_dalema_s2t.csv,0.6731740154830024,0.0,2971
d'alema,/home/mhetac/Documents/GitHub/crossdem/datasets/prime_ministers/d'alema/csv_out/116815_dalema_s2t.csv,1.1957821502337211,0.0,9199
d'alema,/home/mhetac/Documents/GitHub/crossdem/datasets/prime_ministers/d'alema/csv_out/101997_dalema_s2t.csv,1.221001221001221,0.0,4914
d'alema,/home/mhetac/Documents/GitHub/crossdem/datasets/prime_ministers/d'alema/csv_out/101431_dalema_s2t.csv,1.4073494917904612,0.0,6395
d'alema,/home/mhetac/Documents/GitHub/crossdem/datasets/prime_ministers/d'alema/csv_out/102121_dalema_s2t.csv,4.2680324370465215,0.0,2343
d'alema,/home/mhetac/Documents/GitHub/crossdem/datasets/prime_ministers/d'alema/csv_out/100639_dalema_s2t.csv,4.383218534752661,0.0,3194
d'alema,/home/mhetac/Documents/GitHub/crossdem/datasets/prime_ministers/d'alema/csv_out/100960_dalema_s2t.csv,0.8067769261799113,0.0,2479
d'alema,/home/mhetac/Documents/GitHub/crossdem/datasets/prime_ministers/d'alema/csv_out/100860_dalema_s2t.csv,2.76327909118821,0.0,3257
d'alema,/home/mhetac/Documents/GitHub/crossdem/datasets/prime_ministers/d'alema/csv_out/100725_dalema_s2t.csv,1.429388221841052,0.0,3498
d'alema,/home/mhetac/Documents/GitHub/crossdem/datasets/prime_ministers/d'alema/csv_out/101864_dalema_s2t.csv,0.2748007694421544,0.0,3639
d'alema,/home/mhetac/Documents/GitHub/crossdem/datasets/prime_ministers/d'alema/csv_out/99171_dalema_s2t.csv,2.7417746759720836,0.0,4012
d'alema,/home/mhetac/Documents/GitHub/crossdem/datasets/prime_ministers/d'alema/csv_out/101553_dalema_s2t.csv,0.8181632235631008,0.0,4889
d'alema,/home/mhetac/Documents/GitHub/crossdem/datasets/prime_ministers/d'alema/csv_out/109132_dalema_s2t.csv,2.916302128900554,52.63157894736842,3429
d'alema,/home/mhetac/Documents/GitHub/crossdem/datasets/prime_ministers/d'alema/csv_out/99140_dalema_s2t.csv,4.184975936388366,0.0,4779
d'alema,/home/mhetac/Documents/GitHub/crossdem/datasets/prime_ministers/d'alema/csv_out/96169_dalema_s2t.csv,0.0,0.0,3423
d'alema,/home/mhetac/Documents/GitHub/crossdem/datasets/prime_ministers/d'alema/csv_out/95994_dalema_s2t.csv,0.975609756097561,0.0,3075
d'alema,/home/mhetac/Documents/GitHub/crossdem/datasets/prime_ministers/d'alema/csv_out/96484_dalema_s2t.csv,2.8337531486146097,0.0,3176
d'alema,/home/mhetac/Documents/GitHub/crossdem/datasets/prime_ministers/d'alema/csv_out/94597_dalema_s2t.csv,2.4662939822426835,0.0,6082
d'alema,/home/mhetac/Documents/GitHub/crossdem/datasets/prime_ministers/d'alema/csv_out/96631_dalema_s2t.csv,4.400440044004401,0.0,1818
d'alema,/home/mhetac/Documents/GitHub/crossdem/datasets/prime_ministers/d'alema/csv_out/104387_dalema_s2t.csv,3.2606830272867686,0.0,5827
d'alema,/home/mhetac/Documents/GitHub/crossdem/datasets/prime_ministers/d'alema/csv_out/94282_dalema_s2t.csv,1.080205238995409,0.0,3703
d'alema,/home/mhetac/Documents/GitHub/crossdem/datasets/prime_ministers/d'alema/csv_out/96702_dalema_s2t.csv,0.9984310369419483,0.0,7011
d'alema,/home/mhetac/Documents/GitHub/crossdem/datasets/prime_ministers/d'alema/csv_out/94546_dalema_s2t.csv,0.0,0.0,3351
d'alema,/home/mhetac/Documents/GitHub/crossdem/datasets/prime_ministers/d'alema/csv_out/93226_dalema_s2t.csv,1.5818234109864826,0.0,6954
d'alema,/home/mhetac/Documents/GitHub/crossdem/datasets/prime_ministers/d'alema/csv_out/95003_dalema_s2t.csv,1.0915044569765326,0.0,5497
d'alema,/home/mhetac/Documents/GitHub/crossdem/datasets/prime_ministers/d'alema/csv_out/90750_dalema_s2t.csv,0.9430149535228345,0.0,7423
d'alema,/home/mhetac/Documents/GitHub/crossdem/datasets/prime_ministers/d'alema/csv_out/95091_dalema_s2t.csv,9.21942224953903,76.92307692307692,1627
d'alema,/home/mhetac/Documents/GitHub/crossdem/datasets/prime_ministers/d'alema/csv_out/89372_dalema_s2t.csv,0.6172839506172839,0.0,3240
d'alema,/home/mhetac/Documents/GitHub/crossdem/datasets/prime_ministers/d'alema/csv_out/90116_dalema_s2t.csv,0.17940437746681018,0.0,5574
d'alema,/home/mhetac/Documents/GitHub/crossdem/datasets/prime_ministers/d'alema/csv_out/90917_dalema_s2t.csv,5.85480093676815,90.9090909090909,4270
d'alema,/home/mhetac/Documents/GitHub/crossdem/datasets/prime_ministers/d'alema/csv_out/89636_dalema_s2t.csv,0.6510416666666666,0.0,6144
d'alema,/home/mhetac/Documents/GitHub/crossdem/datasets/prime_ministers/d'alema/csv_out/89268_dalema_s2t.csv,2.0268558398783885,0.0,7894
d'alema,/home/mhetac/Documents/GitHub/crossdem/datasets/prime_ministers/d'alema/csv_out/88974_dalema_s2t.csv,1.4010507880910683,0.0,2855
d'alema,/home/mhetac/Documents/GitHub/crossdem/datasets/prime_ministers/d'alema/csv_out/89527_dalema_s2t.csv,1.383399209486166,0.0,5060
d'alema,/home/mhetac/Documents/GitHub/crossdem/datasets/prime_ministers/d'alema/csv_out/93272_dalema_s2t.csv,1.4258555133079849,0.0,2104
d'alema,/home/mhetac/Documents/GitHub/crossdem/datasets/prime_ministers/d'alema/csv_out/88050_dalema_s2t.csv,3.854307188282906,0.0,5189
d'alema,/home/mhetac/Documents/GitHub/crossdem/datasets/prime_ministers/d'alema/csv_out/87752_dalema_s2t.csv,1.0775862068965518,0.0,928
d'alema,/home/mhetac/Documents/GitHub/crossdem/datasets/prime_ministers/d'alema/csv_out/87142_dalema_s2t.csv,6.115317414094351,0.0,3434
d'alema,/home/mhetac/Documents/GitHub/crossdem/datasets/prime_ministers/d'alema/csv_out/87312_dalema_s2t.csv,3.0832476875642345,0.0,2919
d'alema,/home/mhetac/Documents/GitHub/crossdem/datasets/prime_ministers/d'alema/csv_out/86539_dalema_s2t.csv,0.4300150505267684,0.0,4651
d'alema,/home/mhetac/Documents/GitHub/crossdem/datasets/prime_ministers/d'alema/csv_out/91263_dalema_s2t.csv,1.134154244977317,0.0,6172
d'alema,/home/mhetac/Documents/GitHub/crossdem/datasets/prime_ministers/d'alema/csv_out/86143_dalema_s2t.csv,4.272043745727956,0.0,5852
d'alema,/home/mhetac/Documents/GitHub/crossdem/datasets/prime_ministers/d'alema/csv_out/84450_dalema_s2t.csv,5.536757920639803,125.0,3251
d'alema,/home/mhetac/Documents/GitHub/crossdem/datasets/prime_ministers/d'alema/csv_out/97591_dalema_s2t.csv,1.6845329249617151,0.0,6530
d'alema,/home/mhetac/Documents/GitHub/crossdem/datasets/prime_ministers/d'alema/csv_out/249743_dalema_s2t.csv,0.42158516020236086,0.0,2372
d'alema,/home/mhetac/Documents/GitHub/crossdem/datasets/prime_ministers/d'alema/csv_out/248935_dalema_s2t.csv,1.1180322632167385,0.0,6261
d'alema,/home/mhetac/Documents/GitHub/crossdem/datasets/prime_ministers/d'alema/csv_out/83797_dalema_s2t.csv,1.7260316962184215,0.0,6373
d'alema,/home/mhetac/Documents/GitHub/crossdem/datasets/prime_ministers/d'alema/csv_out/83216_dalema_s2t.csv,2.97441998810232,50.0,3362
d'alema,/home/mhetac/Documents/GitHub/crossdem/datasets/prime_ministers/d'alema/csv_out/83309_dalema_s2t.csv,1.1398176291793314,0.0,7896
d'alema,/home/mhetac/Documents/GitHub/crossdem/datasets/prime_ministers/d'alema/csv_out/82029_dalema_s2t.csv,3.8188761593016913,0.0,1833
d'alema,/home/mhetac/Documents/GitHub/crossdem/datasets/prime_ministers/d'alema/csv_out/81003_dalema_s2t.csv,5.05050505050505,0.0,2772
d'alema,/home/mhetac/Documents/GitHub/crossdem/datasets/prime_ministers/d'alema/csv_out/80534_dalema_s2t.csv,2.9154518950437316,0.0,3430
d'alema,/home/mhetac/Documents/GitHub/crossdem/datasets/prime_ministers/d'alema/csv_out/82898_dalema_s2t.csv,5.676209279368213,30.303030303030305,4052
d'alema,/home/mhetac/Documents/GitHub/crossdem/datasets/prime_ministers/d'alema/csv_out/79519_dalema_s2t.csv,2.342834830144475,0.0,7683
d'alema,/home/mhetac/Documents/GitHub/crossdem/datasets/prime_ministers/d'alema/csv_out/79132_dalema_s2t.csv,2.182453077258839,0.0,2291
d'alema,/home/mhetac/Documents/GitHub/crossdem/datasets/prime_ministers/d'alema/csv_out/78039_dalema_s2t.csv,3.5335689045936394,0.0,4245
d'alema,/home/mhetac/Documents/GitHub/crossdem/datasets/prime_ministers/d'alema/csv_out/78957_dalema_s2t.csv,3.0292830696735105,0.0,2971
d'alema,/home/mhetac/Documents/GitHub/crossdem/datasets/prime_ministers/d'alema/csv_out/76984_dalema_s2t.csv,7.184241019698725,15.625,4315
d'alema,/home/mhetac/Documents/GitHub/crossdem/datasets/prime_ministers/d'alema/csv_out/76117_dalema_s2t.csv,1.4779781259237363,0.0,3383
d'alema,/home/mhetac/Documents/GitHub/crossdem/datasets/prime_ministers/d'alema/csv_out/78301_dalema_s2t.csv,3.9202874877491016,0.0,3061
d'alema,/home/mhetac/Documents/GitHub/crossdem/datasets/prime_ministers/d'alema/csv_out/75434_dalema_s2t.csv,0.9746588693957114,0.0,3078
d'alema,/home/mhetac/Documents/GitHub/crossdem/datasets/prime_ministers/d'alema/csv_out/75504_dalema_s2t.csv,0.6253908692933083,0.0,3198
d'alema,/home/mhetac/Documents/GitHub/crossdem/datasets/prime_ministers/d'alema/csv_out/81538_dalema_s2t.csv,0.6721935917544253,0.0,4463
d'alema,/home/mhetac/Documents/GitHub/crossdem/datasets/prime_ministers/d'alema/csv_out/74044_dalema_s2t.csv,0.4575611988103409,0.0,4371
d'alema,/home/mhetac/Documents/GitHub/crossdem/datasets/prime_ministers/d'alema/csv_out/74290_dalema_s2t.csv,1.2097749818533752,0.0,4133
d'alema,/home/mhetac/Documents/GitHub/crossdem/datasets/prime_ministers/d'alema/csv_out/74631_dalema_s2t.csv,0.5640157924421884,0.0,3546
d'alema,/home/mhetac/Documents/GitHub/crossdem/datasets/prime_ministers/d'alema/csv_out/74888_dalema_s2t.csv,3.693444136657433,0.0,2166
d'alema,/home/mhetac/Documents/GitHub/crossdem/datasets/prime_ministers/d'alema/csv_out/73630_dalema_s2t.csv,2.596365088875574,0.0,5007
d'alema,/home/mhetac/Documents/GitHub/crossdem/datasets/prime_ministers/d'alema/csv_out/70820_dalema_s2t.csv,1.4423076923076923,0.0,2080
d'alema,/home/mhetac/Documents/GitHub/crossdem/datasets/prime_ministers/d'alema/csv_out/70973_dalema_s2t.csv,3.2768978700163847,21.73913043478261,1831
d'alema,/home/mhetac/Documents/GitHub/crossdem/datasets/prime_ministers/d'alema/csv_out/70286_dalema_s2t.csv,2.795248078266946,0.0,4293
d'alema,/home/mhetac/Documents/GitHub/crossdem/datasets/prime_ministers/d'alema/csv_out/69547_dalema_s2t.csv,6.748826291079812,0.0,6816
d'alema,/home/mhetac/Documents/GitHub/crossdem/datasets/prime_ministers/d'alema/csv_out/69999_dalema_s2t.csv,5.850690381465013,0.0,4273
d'alema,/home/mhetac/Documents/GitHub/crossdem/datasets/prime_ministers/d'alema/csv_out/68773_dalema_s2t.csv,3.660024400162668,0.0,2459
d'alema,/home/mhetac/Documents/GitHub/crossdem/datasets/prime_ministers/d'alema/csv_out/69948_dalema_s2t.csv,3.0995738086013174,0.0,2581
d'alema,/home/mhetac/Documents/GitHub/crossdem/datasets/prime_ministers/d'alema/csv_out/69997_dalema_s2t.csv,3.7364130434782608,0.0,5888
d'alema,/home/mhetac/Documents/GitHub/crossdem/datasets/prime_ministers/d'alema/csv_out/68775_dalema_s2t.csv,0.5194805194805194,0.0,1925
d'alema,/home/mhetac/Documents/GitHub/crossdem/datasets/prime_ministers/d'alema/csv_out/68553_dalema_s2t.csv,1.9857029388403495,0.0,7554
d'alema,/home/mhetac/Documents/GitHub/crossdem/datasets/prime_ministers/d'alema/csv_out/68350_dalema_s2t.csv,4.247286455875413,0.0,2119
d'alema,/home/mhetac/Documents/GitHub/crossdem/datasets/prime_ministers/d'alema/csv_out/68038_dalema_s2t.csv,2.7962250961202377,0.0,8583
d'alema,/home/mhetac/Documents/GitHub/crossdem/datasets/prime_ministers/d'alema/csv_out/67449_dalema_s2t.csv,2.31023102310231,0.0,3030
d'alema,/home/mhetac/Documents/GitHub/crossdem/datasets/prime_ministers/d'alema/csv_out/67464_dalema_s2t.csv,6.046863189720333,0.0,2646
d'alema,/home/mhetac/Documents/GitHub/crossdem/datasets/prime_ministers/d'alema/csv_out/66998_dalema_s2t.csv,1.054629824931449,0.0,4741
d'alema,/home/mhetac/Documents/GitHub/crossdem/datasets/prime_ministers/d'alema/csv_out/67405_dalema_s2t.csv,1.509433962264151,0.0,2650
d'alema,/home/mhetac/Documents/GitHub/crossdem/datasets/prime_ministers/d'alema/csv_out/66771_dalema_s2t.csv,1.2195121951219512,5.813953488372093,7380
d'alema,/home/mhetac/Documents/GitHub/crossdem/datasets/prime_ministers/d'alema/csv_out/66279_dalema_s2t.csv,1.0050251256281406,0.0,995
d'alema,/home/mhetac/Documents/GitHub/crossdem/datasets/prime_ministers/d'alema/csv_out/64836_dalema_s2t.csv,1.705999431333523,0.0,3517
d'alema,/home/mhetac/Documents/GitHub/crossdem/datasets/prime_ministers/d'alema/csv_out/64835_dalema_s2t.csv,3.4602076124567476,0.0,4046
d'alema,/home/mhetac/Documents/GitHub/crossdem/datasets/prime_ministers/d'alema/csv_out/60342_dalema_s2t.csv,7.706422018348624,0.0,2725
d'alema,/home/mhetac/Documents/GitHub/crossdem/datasets/prime_ministers/d'alema/csv_out/60340_dalema_s2t.csv,2.5673940949935816,0.0,3895
d'alema,/home/mhetac/Documents/GitHub/crossdem/datasets/prime_ministers/d'alema/csv_out/64136_dalema_s2t.csv,0.9727626459143969,100.0,2056
d'alema,/home/mhetac/Documents/GitHub/crossdem/datasets/prime_ministers/d'alema/csv_out/60560_dalema_s2t.csv,0.0,0.0,3311
d'alema,/home/mhetac/Documents/GitHub/crossdem/datasets/prime_ministers/d'alema/csv_out/59922_dalema_s2t.csv,2.3923444976076556,0.0,2508
d'alema,/home/mhetac/Documents/GitHub/crossdem/datasets/prime_ministers/d'alema/csv_out/58365_dalema_s2t.csv,1.557632398753894,0.0,1926
d'alema,/home/mhetac/Documents/GitHub/crossdem/datasets/prime_ministers/d'alema/csv_out/58418_dalema_s2t.csv,4.563894523326572,0.0,5916
d'alema,/home/mhetac/Documents/GitHub/crossdem/datasets/prime_ministers/d'alema/csv_out/58678_dalema_s2t.csv,1.7464198393293748,20.0,8589
d'alema,/home/mhetac/Documents/GitHub/crossdem/datasets/prime_ministers/d'alema/csv_out/57415_dalema_s2t.csv,2.7519779841761265,0.0,2907
d'alema,/home/mhetac/Documents/GitHub/crossdem/datasets/prime_ministers/d'alema/csv_out/57361_dalema_s2t.csv,2.444987775061125,0.0,1636
d'alema,/home/mhetac/Documents/GitHub/crossdem/datasets/prime_ministers/d'alema/csv_out/56879_dalema_s2t.csv,2.5078369905956115,0.0,11165
d'alema,/home/mhetac/Documents/GitHub/crossdem/datasets/prime_ministers/d'alema/csv_out/55771_dalema_s2t.csv,0.49975012493753124,0.0,2001
d'alema,/home/mhetac/Documents/GitHub/crossdem/datasets/prime_ministers/d'alema/csv_out/56527_dalema_s2t.csv,2.9465930018416207,0.0,2715
d'alema,/home/mhetac/Documents/GitHub/crossdem/datasets/prime_ministers/d'alema/csv_out/55270_dalema_s2t.csv,2.199951112197507,0.0,4091
d'alema,/home/mhetac/Documents/GitHub/crossdem/datasets/prime_ministers/d'alema/csv_out/54901_dalema_s2t.csv,4.369538077403246,0.0,1602
d'alema,/home/mhetac/Documents/GitHub/crossdem/datasets/prime_ministers/d'alema/csv_out/54242_dalema_s2t.csv,2.2507314877335136,35.714285714285715,4443
d'alema,/home/mhetac/Documents/GitHub/crossdem/datasets/prime_ministers/d'alema/csv_out/53792_dalema_s2t.csv,2.3001725129384702,0.0,3478
d'alema,/home/mhetac/Documents/GitHub/crossdem/datasets/prime_ministers/d'alema/csv_out/53529_dalema_s2t.csv,3.8119440914866582,0.0,3935
d'alema,/home/mhetac/Documents/GitHub/crossdem/datasets/prime_ministers/d'alema/csv_out/75565_dalema_s2t.csv,1.1839924224484963,0.0,4223
d'alema,/home/mhetac/Documents/GitHub/crossdem/datasets/prime_ministers/d'alema/csv_out/41293_dalema_s2t.csv,2.7305187985717287,0.0,4761
d'alema,/home/mhetac/Documents/GitHub/crossdem/datasets/prime_ministers/d'alema/csv_out/58826_dalema_s2t.csv,0.8870490833826138,0.0,3382
d'alema,/home/mhetac/Documents/GitHub/crossdem/datasets/prime_ministers/d'alema/csv_out/43176_dalema_s2t.csv,6.926406926406926,0.0,3465
d'alema,/home/mhetac/Documents/GitHub/crossdem/datasets/prime_ministers/d'alema/csv_out/70355_dalema_s2t.csv,2.0729684908789388,0.0,4824
d'alema,/home/mhetac/Documents/GitHub/crossdem/datasets/prime_ministers/d'alema/csv_out/76606_dalema_s2t.csv,0.0,0.0,1432
d'alema,/home/mhetac/Documents/GitHub/crossdem/datasets/prime_ministers/d'alema/csv_out/37735_dalema_s2t.csv,6.595995288574794,0.0,4245
d'alema,/home/mhetac/Documents/GitHub/crossdem/datasets/prime_ministers/d'alema/csv_out/75695_dalema_s2t.csv,2.3127557374132715,0.0,5621
d'alema,/home/mhetac/Documents/GitHub/crossdem/datasets/prime_ministers/d'alema/csv_out/75682_dalema_s2t.csv,1.2563941487929642,0.0,11143
d'alema,/home/mhetac/Documents/GitHub/crossdem/datasets/prime_ministers/d'alema/csv_out/75667_dalema_s2t.csv,3.503393912853076,0.0,13701
d'alema,/home/mhetac/Documents/GitHub/crossdem/datasets/prime_ministers/d'alema/csv_out/37312_dalema_s2t.csv,1.4854426619132501,0.0,3366
d'alema,/home/mhetac/Documents/GitHub/crossdem/datasets/prime_ministers/d'alema/csv_out/36621_dalema_s2t.csv,5.1194539249146755,0.0,6446
d'alema,/home/mhetac/Documents/GitHub/crossdem/datasets/prime_ministers/d'alema/csv_out/35594_dalema_s2t.csv,1.425371614742415,0.0,4911
d'alema,/home/mhetac/Documents/GitHub/crossdem/datasets/prime_ministers/d'alema/csv_out/35188_dalema_s2t.csv,4.019292604501608,0.0,2488
d'alema,/home/mhetac/Documents/GitHub/crossdem/datasets/prime_ministers/d'alema/csv_out/75649_dalema_s2t.csv,3.8314176245210727,0.0,3393
d'alema,/home/mhetac/Documents/GitHub/crossdem/datasets/prime_ministers/d'alema/csv_out/75646_dalema_s2t.csv,1.4668901927912825,0.0,4772
d'alema,/home/mhetac/Documents/GitHub/crossdem/datasets/prime_ministers/d'alema/csv_out/31651_dalema_s2t.csv,3.1055900621118013,0.0,2254
d'alema,/home/mhetac/Documents/GitHub/crossdem/datasets/prime_ministers/d'alema/csv_out/75624_dalema_s2t.csv,0.9185548071034905,0.0,6532
d'alema,/home/mhetac/Documents/GitHub/crossdem/datasets/prime_ministers/d'alema/csv_out/26737_dalema_s2t.csv,1.6579165515335728,0.0,3619
d'alema,/home/mhetac/Documents/GitHub/crossdem/datasets/prime_ministers/d'alema/csv_out/58752_dalema_s2t.csv,2.1014710297208046,0.0,3331
d'alema,/home/mhetac/Documents/GitHub/crossdem/datasets/prime_ministers/d'alema/csv_out/725963_dalema_s2t.csv,4.408228693561314,0.0,7486
d'alema,/home/mhetac/Documents/GitHub/crossdem/datasets/prime_ministers/d'alema/csv_out/536707_dalema_s2t.csv,7.051969952475854,0.0,6523
d'alema,/home/mhetac/Documents/GitHub/crossdem/datasets/prime_ministers/d'alema/csv_out/240332_dalema_s2t.csv,0.0,0.0,383
d'alema,/home/mhetac/Documents/GitHub/crossdem/datasets/prime_ministers/d'alema/csv_out/158248_dalema_s2t.csv,3.1230480949406623,0.0,1601
d'alema,/home/mhetac/Documents/GitHub/crossdem/datasets/prime_ministers/d'alema/csv_out/157114_dalema_s2t.csv,0.0,0.0,307
d'alema,/home/mhetac/Documents/GitHub/crossdem/datasets/prime_ministers/d'alema/csv_out/81108_dalema_s2t.csv,6.741573033707865,0.0,445
d'alema,/home/mhetac/Documents/GitHub/crossdem/datasets/prime_ministers/d'alema/csv_out/631343_dalema_s2t.csv,5.361434645960436,11.235955056179776,5409
d'alema,/home/mhetac/Documents/GitHub/crossdem/datasets/prime_ministers/d'alema/csv_out/493741_dalema_s2t.csv,0.0,0.0,209
d'alema,/home/mhetac/Documents/GitHub/crossdem/datasets/prime_ministers/d'alema/csv_out/485006_dalema_s2t.csv,2.525252525252525,0.0,396
d'alema,/home/mhetac/Documents/GitHub/crossdem/datasets/prime_ministers/d'alema/csv_out/485012_dalema_s2t.csv,3.0165912518853695,0.0,1989
d'alema,/home/mhetac/Documents/GitHub/crossdem/datasets/prime_ministers/d'alema/csv_out/479512_dalema_s2t.csv,1.3745704467353952,0.0,1455
d'alema,/home/mhetac/Documents/GitHub/crossdem/datasets/prime_ministers/d'alema/csv_out/475582_dalema_s2t.csv,0.0,0.0,362
d'alema,/home/mhetac/Documents/GitHub/crossdem/datasets/prime_ministers/d'alema/csv_out/469380_dalema_s2t.csv,2.7726432532347505,0.0,1082
d'alema,/home/mhetac/Documents/GitHub/crossdem/datasets/prime_ministers/d'alema/csv_out/411393_dalema_s2t.csv,1.0384215991692627,0.0,963
d'alema,/home/mhetac/Documents/GitHub/crossdem/datasets/prime_ministers/d'alema/csv_out/390434_dalema_s2t.csv,5.700871898054997,0.0,2982
d'alema,/home/mhetac/Documents/GitHub/crossdem/datasets/prime_ministers/d'alema/csv_out/373286_dalema_s2t.csv,1.7543859649122806,0.0,3420
d'alema,/home/mhetac/Documents/GitHub/crossdem/datasets/prime_ministers/d'alema/csv_out/363126_dalema_s2t.csv,0.0,0.0,288
d'alema,/home/mhetac/Documents/GitHub/crossdem/datasets/prime_ministers/d'alema/csv_out/355249_dalema_s2t.csv,2.9411764705882355,0.0,1700
d'alema,/home/mhetac/Documents/GitHub/crossdem/datasets/prime_ministers/d'alema/csv_out/340875_dalema_s2t.csv,0.0,0.0,366
d'alema,/home/mhetac/Documents/GitHub/crossdem/datasets/prime_ministers/d'alema/csv_out/332917_dalema_s2t.csv,0.0,0.0,465
d'alema,/home/mhetac/Documents/GitHub/crossdem/datasets/prime_ministers/d'alema/csv_out/320128_dalema_s2t.csv,4.166666666666667,0.0,720
d'alema,/home/mhetac/Documents/GitHub/crossdem/datasets/prime_ministers/d'alema/csv_out/269818_dalema_s2t.csv,5.474452554744525,0.0,548
d'alema,/home/mhetac/Documents/GitHub/crossdem/datasets/prime_ministers/d'alema/csv_out/265804_dalema_s2t.csv,0.0,0.0,240
d'alema,/home/mhetac/Documents/GitHub/crossdem/datasets/prime_ministers/d'alema/csv_out/263323_dalema_s2t.csv,0.0,0.0,512
d'alema,/home/mhetac/Documents/GitHub/crossdem/datasets/prime_ministers/d'alema/csv_out/256770_dalema_s2t.csv,0.0,0.0,354
d'alema,/home/mhetac/Documents/GitHub/crossdem/datasets/prime_ministers/d'alema/csv_out/243151_dalema_s2t.csv,0.0,0.0,231
d'alema,/home/mhetac/Documents/GitHub/crossdem/datasets/prime_ministers/d'alema/csv_out/243149_dalema_s2t.csv,0.0,0.0,546
d'alema,/home/mhetac/Documents/GitHub/crossdem/datasets/prime_ministers/d'alema/csv_out/242401_dalema_s2t.csv,0.7974481658692185,0.0,1254
d'alema,/home/mhetac/Documents/GitHub/crossdem/datasets/prime_ministers/d'alema/csv_out/242627_dalema_s2t.csv,0.8960573476702509,0.0,1116
d'alema,/home/mhetac/Documents/GitHub/crossdem/datasets/prime_ministers/d'alema/csv_out/237748_dalema_s2t.csv,0.0,0.0,243
d'alema,/home/mhetac/Documents/GitHub/crossdem/datasets/prime_ministers/d'alema/csv_out/231798_dalema_s2t.csv,0.0,0.0,235
d'alema,/home/mhetac/Documents/GitHub/crossdem/datasets/prime_ministers/d'alema/csv_out/234405_dalema_s2t.csv,3.454231433506045,0.0,579
d'alema,/home/mhetac/Documents/GitHub/crossdem/datasets/prime_ministers/d'alema/csv_out/230665_dalema_s2t.csv,0.0,0.0,209
d'alema,/home/mhetac/Documents/GitHub/crossdem/datasets/prime_ministers/d'alema/csv_out/266237_dalema_s2t.csv,3.6363636363636362,0.0,550
d'alema,/home/mhetac/Documents/GitHub/crossdem/datasets/prime_ministers/d'alema/csv_out/227053_dalema_s2t.csv,2.5316455696202533,0.0,395
d'alema,/home/mhetac/Documents/GitHub/crossdem/datasets/prime_ministers/d'alema/csv_out/223909_dalema_s2t.csv,4.524886877828054,0.0,442
d'alema,/home/mhetac/Documents/GitHub/crossdem/datasets/prime_ministers/d'alema/csv_out/293830_dalema_s2t.csv,0.0,0.0,392
d'alema,/home/mhetac/Documents/GitHub/crossdem/datasets/prime_ministers/d'alema/csv_out/224348_dalema_s2t.csv,0.0,0.0,396
d'alema,/home/mhetac/Documents/GitHub/crossdem/datasets/prime_ministers/d'alema/csv_out/222888_dalema_s2t.csv,2.386634844868735,0.0,419
d'alema,/home/mhetac/Documents/GitHub/crossdem/datasets/prime_ministers/d'alema/csv_out/212450_dalema_s2t.csv,5.217391304347826,0.0,575
d'alema,/home/mhetac/Documents/GitHub/crossdem/datasets/prime_ministers/d'alema/csv_out/264449_dalema_s2t.csv,9.54653937947494,0.0,419
d'alema,/home/mhetac/Documents/GitHub/crossdem/datasets/prime_ministers/d'alema/csv_out/203971_dalema_s2t.csv,16.80672268907563,0.0,238
d'alema,/home/mhetac/Documents/GitHub/crossdem/datasets/prime_ministers/d'alema/csv_out/261795_dalema_s2t.csv,1.9569471624266144,0.0,511
d'alema,/home/mhetac/Documents/GitHub/crossdem/datasets/prime_ministers/d'alema/csv_out/193869_dalema_s2t.csv,2.0538842575812493,5.05050505050505,8277
d'alema,/home/mhetac/Documents/GitHub/crossdem/datasets/prime_ministers/d'alema/csv_out/261877_dalema_s2t.csv,0.0,0.0,529
d'alema,/home/mhetac/Documents/GitHub/crossdem/datasets/prime_ministers/d'alema/csv_out/264016_dalema_s2t.csv,1.1764705882352942,0.0,850
d'alema,/home/mhetac/Documents/GitHub/crossdem/datasets/prime_ministers/d'alema/csv_out/204740_dalema_s2t.csv,3.117206982543641,0.0,1604
d'alema,/home/mhetac/Documents/GitHub/crossdem/datasets/prime_ministers/d'alema/csv_out/255982_dalema_s2t.csv,2.6666666666666665,0.0,375
d'alema,/home/mhetac/Documents/GitHub/crossdem/datasets/prime_ministers/d'alema/csv_out/263976_dalema_s2t.csv,0.0,0.0,587
d'alema,/home/mhetac/Documents/GitHub/crossdem/datasets/prime_ministers/d'alema/csv_out/261878_dalema_s2t.csv,1.3071895424836601,0.0,3060
d'alema,/home/mhetac/Documents/GitHub/crossdem/datasets/prime_ministers/d'alema/csv_out/261879_dalema_s2t.csv,0.0,0.0,494
d'alema,/home/mhetac/Documents/GitHub/crossdem/datasets/prime_ministers/d'alema/csv_out/163401_dalema_s2t.csv,9.569377990430622,0.0,209
d'alema,/home/mhetac/Documents/GitHub/crossdem/datasets/prime_ministers/d'alema/csv_out/264004_dalema_s2t.csv,22.22222222222222,0.0,225
d'alema,/home/mhetac/Documents/GitHub/crossdem/datasets/prime_ministers/d'alema/csv_out/263974_dalema_s2t.csv,0.0,0.0,494
d'alema,/home/mhetac/Documents/GitHub/crossdem/datasets/prime_ministers/d'alema/csv_out/218722_dalema_s2t.csv,1.7356806347632037,0.0,4033
d'alema,/home/mhetac/Documents/GitHub/crossdem/datasets/prime_ministers/d'alema/csv_out/162162_dalema_s2t.csv,2.728512960436562,0.0,5864
d'alema,/home/mhetac/Documents/GitHub/crossdem/datasets/prime_ministers/d'alema/csv_out/159977_dalema_s2t.csv,0.0,0.0,623
d'alema,/home/mhetac/Documents/GitHub/crossdem/datasets/prime_ministers/d'alema/csv_out/162146_dalema_s2t.csv,2.7041644131963225,0.0,5547
d'alema,/home/mhetac/Documents/GitHub/crossdem/datasets/prime_ministers/d'alema/csv_out/164496_dalema_s2t.csv,1.8889308651303363,0.0,5294
d'alema,/home/mhetac/Documents/GitHub/crossdem/datasets/prime_ministers/d'alema/csv_out/159333_dalema_s2t.csv,5.86756077116513,0.0,1193
d'alema,/home/mhetac/Documents/GitHub/crossdem/datasets/prime_ministers/d'alema/csv_out/158536_dalema_s2t.csv,4.424778761061947,0.0,452
d'alema,/home/mhetac/Documents/GitHub/crossdem/datasets/prime_ministers/d'alema/csv_out/156526_dalema_s2t.csv,0.7077140835102619,0.0,1413
d'alema,/home/mhetac/Documents/GitHub/crossdem/datasets/prime_ministers/d'alema/csv_out/157924_dalema_s2t.csv,0.0,0.0,279
d'alema,/home/mhetac/Documents/GitHub/crossdem/datasets/prime_ministers/d'alema/csv_out/156213_dalema_s2t.csv,0.0,0.0,382
d'alema,/home/mhetac/Documents/GitHub/crossdem/datasets/prime_ministers/d'alema/csv_out/153082_dalema_s2t.csv,0.0,0.0,527
d'alema,/home/mhetac/Documents/GitHub/crossdem/datasets/prime_ministers/d'alema/csv_out/150639_dalema_s2t.csv,2.1739130434782608,0.0,460
d'alema,/home/mhetac/Documents/GitHub/crossdem/datasets/prime_ministers/d'alema/csv_out/145414_dalema_s2t.csv,7.776049766718507,35.714285714285715,643
d'alema,/home/mhetac/Documents/GitHub/crossdem/datasets/prime_ministers/d'alema/csv_out/145295_dalema_s2t.csv,0.0,0.0,20
d'alema,/home/mhetac/Documents/GitHub/crossdem/datasets/prime_ministers/d'alema/csv_out/137263_dalema_s2t.csv,1.187648456057007,0.0,842
d'alema,/home/mhetac/Documents/GitHub/crossdem/datasets/prime_ministers/d'alema/csv_out/137146_dalema_s2t.csv,8.130081300813009,0.0,246
d'alema,/home/mhetac/Documents/GitHub/crossdem/datasets/prime_ministers/d'alema/csv_out/135880_dalema_s2t.csv,12.738853503184714,0.0,628
d'alema,/home/mhetac/Documents/GitHub/crossdem/datasets/prime_ministers/d'alema/csv_out/135906_dalema_s2t.csv,12.72264631043257,0.0,393
d'alema,/home/mhetac/Documents/GitHub/crossdem/datasets/prime_ministers/d'alema/csv_out/140213_dalema_s2t.csv,2.2172949002217295,0.0,451
d'alema,/home/mhetac/Documents/GitHub/crossdem/datasets/prime_ministers/d'alema/csv_out/137035_dalema_s2t.csv,0.0,0.0,240
d'alema,/home/mhetac/Documents/GitHub/crossdem/datasets/prime_ministers/d'alema/csv_out/140253_dalema_s2t.csv,1.4705882352941178,0.0,680
d'alema,/home/mhetac/Documents/GitHub/crossdem/datasets/prime_ministers/d'alema/csv_out/131371_dalema_s2t.csv,0.0,0.0,133
d'alema,/home/mhetac/Documents/GitHub/crossdem/datasets/prime_ministers/d'alema/csv_out/134219_dalema_s2t.csv,17.994858611825194,0.0,389
d'alema,/home/mhetac/Documents/GitHub/crossdem/datasets/prime_ministers/d'alema/csv_out/132546_dalema_s2t.csv,0.0,0.0,379
d'alema,/home/mhetac/Documents/GitHub/crossdem/datasets/prime_ministers/d'alema/csv_out/119051_dalema_s2t.csv,0.0,0.0,181
d'alema,/home/mhetac/Documents/GitHub/crossdem/datasets/prime_ministers/d'alema/csv_out/116244_dalema_s2t.csv,0.0,0.0,388
d'alema,/home/mhetac/Documents/GitHub/crossdem/datasets/prime_ministers/d'alema/csv_out/116242_dalema_s2t.csv,0.0,0.0,25
d'alema,/home/mhetac/Documents/GitHub/crossdem/datasets/prime_ministers/d'alema/csv_out/112137_dalema_s2t.csv,3.4036759700476513,0.0,1469
d'alema,/home/mhetac/Documents/GitHub/crossdem/datasets/prime_ministers/d'alema/csv_out/109531_dalema_s2t.csv,0.0,0.0,218
d'alema,/home/mhetac/Documents/GitHub/crossdem/datasets/prime_ministers/d'alema/csv_out/107312_dalema_s2t.csv,0.0,0.0,70
d'alema,/home/mhetac/Documents/GitHub/crossdem/datasets/prime_ministers/d'alema/csv_out/107117_dalema_s2t.csv,12.26692836113837,0.0,2038
d'alema,/home/mhetac/Documents/GitHub/crossdem/datasets/prime_ministers/d'alema/csv_out/105629_dalema_s2t.csv,0.0,0.0,1016
d'alema,/home/mhetac/Documents/GitHub/crossdem/datasets/prime_ministers/d'alema/csv_out/105676_dalema_s2t.csv,0.42643923240938164,0.0,2345
d'alema,/home/mhetac/Documents/GitHub/crossdem/datasets/prime_ministers/d'alema/csv_out/105590_dalema_s2t.csv,1.05318588730911,0.0,1899
d'alema,/home/mhetac/Documents/GitHub/crossdem/datasets/prime_ministers/d'alema/csv_out/105526_dalema_s2t.csv,0.0,0.0,302
d'alema,/home/mhetac/Documents/GitHub/crossdem/datasets/prime_ministers/d'alema/csv_out/105561_dalema_s2t.csv,0.0,0.0,170
d'alema,/home/mhetac/Documents/GitHub/crossdem/datasets/prime_ministers/d'alema/csv_out/104221_dalema_s2t.csv,0.0,0.0,234
d'alema,/home/mhetac/Documents/GitHub/crossdem/datasets/prime_ministers/d'alema/csv_out/101994_dalema_s2t.csv,5.39568345323741,0.0,556
d'alema,/home/mhetac/Documents/GitHub/crossdem/datasets/prime_ministers/d'alema/csv_out/101231_dalema_s2t.csv,0.0,0.0,246
d'alema,/home/mhetac/Documents/GitHub/crossdem/datasets/prime_ministers/d'alema/csv_out/98472_dalema_s2t.csv,0.0,0.0,933
d'alema,/home/mhetac/Documents/GitHub/crossdem/datasets/prime_ministers/d'alema/csv_out/90711_dalema_s2t.csv,0.0,0.0,485
d'alema,/home/mhetac/Documents/GitHub/crossdem/datasets/prime_ministers/d'alema/csv_out/90612_dalema_s2t.csv,0.0,0.0,132
d'alema,/home/mhetac/Documents/GitHub/crossdem/datasets/prime_ministers/d'alema/csv_out/87931_dalema_s2t.csv,0.0,0.0,133
d'alema,/home/mhetac/Documents/GitHub/crossdem/datasets/prime_ministers/d'alema/csv_out/88902_dalema_s2t.csv,4.479283314669653,0.0,893
d'alema,/home/mhetac/Documents/GitHub/crossdem/datasets/prime_ministers/d'alema/csv_out/83424_dalema_s2t.csv,0.0,0.0,382
d'alema,/home/mhetac/Documents/GitHub/crossdem/datasets/prime_ministers/d'alema/csv_out/64860_dalema_s2t.csv,0.0,0.0,456
d'alema,/home/mhetac/Documents/GitHub/crossdem/datasets/prime_ministers/d'alema/csv_out/60304_dalema_s2t.csv,0.0,0.0,540
d'alema,/home/mhetac/Documents/GitHub/crossdem/datasets/prime_ministers/d'alema/csv_out/55850_dalema_s2t.csv,7.462686567164179,0.0,134
d'alema,/home/mhetac/Documents/GitHub/crossdem/datasets/prime_ministers/d'alema/csv_out/55356_dalema_s2t.csv,1.663893510815308,0.0,601
d'alema,/home/mhetac/Documents/GitHub/crossdem/datasets/prime_ministers/d'alema/csv_out/53485_dalema_s2t.csv,1.7761989342806395,0.0,563
d'alema,/home/mhetac/Documents/GitHub/crossdem/datasets/prime_ministers/d'alema/csv_out/53484_dalema_s2t.csv,0.0,0.0,620
d'alema,/home/mhetac/Documents/GitHub/crossdem/datasets/prime_ministers/d'alema/csv_out/52322_dalema_s2t.csv,5.037783375314861,0.0,397
d'alema,/home/mhetac/Documents/GitHub/crossdem/datasets/prime_ministers/d'alema/csv_out/46794_dalema_s2t.csv,1.1098779134295227,0.0,901
d'alema,/home/mhetac/Documents/GitHub/crossdem/datasets/prime_ministers/d'alema/csv_out/43370_dalema_s2t.csv,12.145748987854251,0.0,247
d'alema,/home/mhetac/Documents/GitHub/crossdem/datasets/prime_ministers/d'alema/csv_out/39939_dalema_s2t.csv,2.3696682464454977,0.0,422
d'alema,/home/mhetac/Documents/GitHub/crossdem/datasets/prime_ministers/d'alema/csv_out/31022_dalema_s2t.csv,0.0,0.0,186
d'alema,/home/mhetac/Documents/GitHub/crossdem/datasets/prime_ministers/d'alema/csv_out/21285_dalema_s2t.csv,0.0,0.0,1322
d'alema,/home/mhetac/Documents/GitHub/crossdem/datasets/prime_ministers/d'alema/csv_out/382402_dalema_s2t.csv,3.365114974761638,0.0,1783
d'alema,/home/mhetac/Documents/GitHub/crossdem/datasets/prime_ministers/d'alema/csv_out/327193_dalema_s2t.csv,2.82574568288854,0.0,3185
d'alema,/home/mhetac/Documents/GitHub/crossdem/datasets/prime_ministers/d'alema/csv_out/323140_dalema_s2t.csv,4.784688995215311,0.0,5225
d'alema,/home/mhetac/Documents/GitHub/crossdem/datasets/prime_ministers/d'alema/csv_out/300930_dalema_s2t.csv,3.83421581157568,0.0,5477
d'alema,/home/mhetac/Documents/GitHub/crossdem/datasets/prime_ministers/d'alema/csv_out/300212_dalema_s2t.csv,5.503955968352253,0.0,2907
d'alema,/home/mhetac/Documents/GitHub/crossdem/datasets/prime_ministers/d'alema/csv_out/300031_dalema_s2t.csv,7.872078720787208,0.0,4065
d'alema,/home/mhetac/Documents/GitHub/crossdem/datasets/prime_ministers/d'alema/csv_out/280667_dalema_s2t.csv,4.4620723847297965,15.267175572519085,4034
d'alema,/home/mhetac/Documents/GitHub/crossdem/datasets/prime_ministers/d'alema/csv_out/279701_dalema_s2t.csv,5.136986301369863,12.422360248447205,4672
d'alema,/home/mhetac/Documents/GitHub/crossdem/datasets/prime_ministers/d'alema/csv_out/264146_dalema_s2t.csv,3.3936651583710407,0.0,884
d'alema,/home/mhetac/Documents/GitHub/crossdem/datasets/prime_ministers/d'alema/csv_out/255976_dalema_s2t.csv,1.0148849797023005,0.0,2956
d'alema,/home/mhetac/Documents/GitHub/crossdem/datasets/prime_ministers/d'alema/csv_out/252387_dalema_s2t.csv,3.6463081130355515,0.0,2194
d'alema,/home/mhetac/Documents/GitHub/crossdem/datasets/prime_ministers/d'alema/csv_out/251643_dalema_s2t.csv,1.8651745270450306,0.0,3753
d'alema,/home/mhetac/Documents/GitHub/crossdem/datasets/prime_ministers/d'alema/csv_out/250155_dalema_s2t.csv,6.897740989825832,5.747126436781609,5799
d'alema,/home/mhetac/Documents/GitHub/crossdem/datasets/prime_ministers/d'alema/csv_out/249846_dalema_s2t.csv,2.236198462613557,0.0,7155
d'alema,/home/mhetac/Documents/GitHub/crossdem/datasets/prime_ministers/d'alema/csv_out/249538_dalema_s2t.csv,4.8161823727725155,4.672897196261682,6229
d'alema,/home/mhetac/Documents/GitHub/crossdem/datasets/prime_ministers/d'alema/csv_out/247095_dalema_s2t.csv,4.250386398763524,0.0,2588
d'alema,/home/mhetac/Documents/GitHub/crossdem/datasets/prime_ministers/d'alema/csv_out/224180_dalema_s2t.csv,4.332755632582322,32.25806451612903,2308
d'alema,/home/mhetac/Documents/GitHub/crossdem/datasets/prime_ministers/d'alema/csv_out/218406_dalema_s2t.csv,2.4715768660405337,0.0,6069
d'alema,/home/mhetac/Documents/GitHub/crossdem/datasets/prime_ministers/d'alema/csv_out/213316_dalema_s2t.csv,0.0,0.0,1878
d'alema,/home/mhetac/Documents/GitHub/crossdem/datasets/prime_ministers/d'alema/csv_out/210116_dalema_s2t.csv,4.249893752656184,0.0,2353
d'alema,/home/mhetac/Documents/GitHub/crossdem/datasets/prime_ministers/d'alema/csv_out/207348_dalema_s2t.csv,6.722197866432851,17.094017094017094,6843
d'alema,/home/mhetac/Documents/GitHub/crossdem/datasets/prime_ministers/d'alema/csv_out/198346_dalema_s2t.csv,1.3894402540690751,0.0,5038
d'alema,/home/mhetac/Documents/GitHub/crossdem/datasets/prime_ministers/d'alema/csv_out/198276_dalema_s2t.csv,2.773497688751926,0.0,3245
d'alema,/home/mhetac/Documents/GitHub/crossdem/datasets/prime_ministers/d'alema/csv_out/247704_dalema_s2t.csv,0.9269988412514485,0.0,4315
d'alema,/home/mhetac/Documents/GitHub/crossdem/datasets/prime_ministers/d'alema/csv_out/246808_dalema_s2t.csv,2.770631308133782,0.0,5053
d'alema,/home/mhetac/Documents/GitHub/crossdem/datasets/prime_ministers/d'alema/csv_out/255851_dalema_s2t.csv,2.0062416406598307,0.0,4486
d'alema,/home/mhetac/Documents/GitHub/crossdem/datasets/prime_ministers/d'alema/csv_out/256336_dalema_s2t.csv,1.3407393219689714,0.0,5221
d'alema,/home/mhetac/Documents/GitHub/crossdem/datasets/prime_ministers/d'alema/csv_out/257361_dalema_s2t.csv,6.0,15.625,7000
d'alema,/home/mhetac/Documents/GitHub/crossdem/datasets/prime_ministers/d'alema/csv_out/243709_dalema_s2t.csv,1.423027166882277,3.5587188612099645,7730
d'alema,/home/mhetac/Documents/GitHub/crossdem/datasets/prime_ministers/d'alema/csv_out/198218_dalema_s2t.csv,3.6429872495446265,0.0,1098
d'alema,/home/mhetac/Documents/GitHub/crossdem/datasets/prime_ministers/d'alema/csv_out/199005_dalema_s2t.csv,2.2797927461139897,0.0,4825
d'alema,/home/mhetac/Documents/GitHub/crossdem/datasets/prime_ministers/d'alema/csv_out/158971_dalema_s2t.csv,4.9680624556423,29.41176470588235,1409
d'alema,/home/mhetac/Documents/GitHub/crossdem/datasets/prime_ministers/d'alema/csv_out/158740_dalema_s2t.csv,6.131919124958568,0.0,6034
d'alema,/home/mhetac/Documents/GitHub/crossdem/datasets/prime_ministers/d'alema/csv_out/158387_dalema_s2t.csv,7.943262411347518,0.0,3525
d'alema,/home/mhetac/Documents/GitHub/crossdem/datasets/prime_ministers/d'alema/csv_out/158699_dalema_s2t.csv,7.142857142857143,10.75268817204301,5320
d'alema,/home/mhetac/Documents/GitHub/crossdem/datasets/prime_ministers/d'alema/csv_out/149384_dalema_s2t.csv,2.73224043715847,0.0,732
d'alema,/home/mhetac/Documents/GitHub/crossdem/datasets/prime_ministers/d'alema/csv_out/152505_dalema_s2t.csv,4.140282513395031,500.0,4106
d'alema,/home/mhetac/Documents/GitHub/crossdem/datasets/prime_ministers/d'alema/csv_out/152496_dalema_s2t.csv,3.793501566881082,0.0,6063
d'alema,/home/mhetac/Documents/GitHub/crossdem/datasets/prime_ministers/d'alema/csv_out/150187_dalema_s2t.csv,5.931938807368092,32.25806451612903,3203
d'alema,/home/mhetac/Documents/GitHub/crossdem/datasets/prime_ministers/d'alema/csv_out/150375_dalema_s2t.csv,8.97521768251842,5.2356020942408374,7465
d'alema,/home/mhetac/Documents/GitHub/crossdem/datasets/prime_ministers/d'alema/csv_out/150471_dalema_s2t.csv,5.312627707396812,0.0,2447
d'alema,/home/mhetac/Documents/GitHub/crossdem/datasets/prime_ministers/d'alema/csv_out/150143_dalema_s2t.csv,9.09484625378952,0.0,6927
d'alema,/home/mhetac/Documents/GitHub/crossdem/datasets/prime_ministers/d'alema/csv_out/149151_dalema_s2t.csv,15.846257585974376,0.0,2966
d'alema,/home/mhetac/Documents/GitHub/crossdem/datasets/prime_ministers/d'alema/csv_out/149014_dalema_s2t.csv,7.88197251414713,0.0,4948
d'alema,/home/mhetac/Documents/GitHub/crossdem/datasets/prime_ministers/d'alema/csv_out/146259_dalema_s2t.csv,5.175388154111558,0.0,1739
d'alema,/home/mhetac/Documents/GitHub/crossdem/datasets/prime_ministers/d'alema/csv_out/147195_dalema_s2t.csv,1.5263846489315307,0.0,4586
d'alema,/home/mhetac/Documents/GitHub/crossdem/datasets/prime_ministers/d'alema/csv_out/143849_dalema_s2t.csv,5.690799873537781,4.366812227074236,6326
d'alema,/home/mhetac/Documents/GitHub/crossdem/datasets/prime_ministers/d'alema/csv_out/143421_dalema_s2t.csv,3.316749585406302,7.462686567164179,6633
d'alema,/home/mhetac/Documents/GitHub/crossdem/datasets/prime_ministers/d'alema/csv_out/143361_dalema_s2t.csv,7.580543272267846,0.0,6332
d'alema,/home/mhetac/Documents/GitHub/crossdem/datasets/prime_ministers/d'alema/csv_out/141662_dalema_s2t.csv,4.697219753713343,8.928571428571429,7877
d'alema,/home/mhetac/Documents/GitHub/crossdem/datasets/prime_ministers/d'alema/csv_out/138312_dalema_s2t.csv,5.557180462123428,0.0,3419
d'alema,/home/mhetac/Documents/GitHub/crossdem/datasets/prime_ministers/d'alema/csv_out/138668_dalema_s2t.csv,0.2886002886002886,0.0,3465
d'alema,/home/mhetac/Documents/GitHub/crossdem/datasets/prime_ministers/d'alema/csv_out/137976_dalema_s2t.csv,1.203659123736158,0.0,4154
d'alema,/home/mhetac/Documents/GitHub/crossdem/datasets/prime_ministers/d'alema/csv_out/137974_dalema_s2t.csv,2.7159152634437804,0.0,3682
d'alema,/home/mhetac/Documents/GitHub/crossdem/datasets/prime_ministers/d'alema/csv_out/136806_dalema_s2t.csv,3.561253561253561,0.0,1404
d'alema,/home/mhetac/Documents/GitHub/crossdem/datasets/prime_ministers/d'alema/csv_out/137858_dalema_s2t.csv,3.226354219731703,0.0,5889
d'alema,/home/mhetac/Documents/GitHub/crossdem/datasets/prime_ministers/d'alema/csv_out/135417_dalema_s2t.csv,3.851091142490372,0.0,2337
d'alema,/home/mhetac/Documents/GitHub/crossdem/datasets/prime_ministers/d'alema/csv_out/132545_dalema_s2t.csv,4.490057729313663,0.0,1559
d'alema,/home/mhetac/Documents/GitHub/crossdem/datasets/prime_ministers/d'alema/csv_out/130725_dalema_s2t.csv,1.1584129742253113,0.0,10359
d'alema,/home/mhetac/Documents/GitHub/crossdem/datasets/prime_ministers/d'alema/csv_out/130249_dalema_s2t.csv,0.5970149253731343,0.0,3350
d'alema,/home/mhetac/Documents/GitHub/crossdem/datasets/prime_ministers/d'alema/csv_out/128791_dalema_s2t.csv,2.0026702269692924,13.071895424836601,4494
d'alema,/home/mhetac/Documents/GitHub/crossdem/datasets/prime_ministers/d'alema/csv_out/129605_dalema_s2t.csv,0.36968576709796674,200.0,5410
d'alema,/home/mhetac/Documents/GitHub/crossdem/datasets/prime_ministers/d'alema/csv_out/129606_dalema_s2t.csv,0.0,0.0,1478
d'alema,/home/mhetac/Documents/GitHub/crossdem/datasets/prime_ministers/d'alema/csv_out/127874_dalema_s2t.csv,0.0,0.0,1495
d'alema,/home/mhetac/Documents/GitHub/crossdem/datasets/prime_ministers/d'alema/csv_out/128585_dalema_s2t.csv,1.0697093956141914,0.0,5609
d'alema,/home/mhetac/Documents/GitHub/crossdem/datasets/prime_ministers/d'alema/csv_out/128586_dalema_s2t.csv,3.227408142999007,0.0,4028
d'alema,/home/mhetac/Documents/GitHub/crossdem/datasets/prime_ministers/d'alema/csv_out/126113_dalema_s2t.csv,2.2998118335772526,0.0,4783
d'alema,/home/mhetac/Documents/GitHub/crossdem/datasets/prime_ministers/d'alema/csv_out/126114_dalema_s2t.csv,0.5878894767783657,0.0,1701
d'alema,/home/mhetac/Documents/GitHub/crossdem/datasets/prime_ministers/d'alema/csv_out/113611_dalema_s2t.csv,4.012036108324975,6.211180124223603,5982
d'alema,/home/mhetac/Documents/GitHub/crossdem/datasets/prime_ministers/d'alema/csv_out/109971_dalema_s2t.csv,0.0,0.0,167
d'alema,/home/mhetac/Documents/GitHub/crossdem/datasets/prime_ministers/d'alema/csv_out/116169_dalema_s2t.csv,0.0,0.0,999
d'alema,/home/mhetac/Documents/GitHub/crossdem/datasets/prime_ministers/d'alema/csv_out/106026_dalema_s2t.csv,3.946569520340012,0.0,6588
d'alema,/home/mhetac/Documents/GitHub/crossdem/datasets/prime_ministers/d'alema/csv_out/115973_dalema_s2t.csv,1.3344008540165466,0.0,3747
d'alema,/home/mhetac/Documents/GitHub/crossdem/datasets/prime_ministers/d'alema/csv_out/101819_dalema_s2t.csv,0.8032128514056225,0.0,3735
d'alema,/home/mhetac/Documents/GitHub/crossdem/datasets/prime_ministers/d'alema/csv_out/115970_dalema_s2t.csv,2.8005170185264974,62.5,4642
d'alema,/home/mhetac/Documents/GitHub/crossdem/datasets/prime_ministers/d'alema/csv_out/104071_dalema_s2t.csv,2.49424405218726,0.0,5212
d'alema,/home/mhetac/Documents/GitHub/crossdem/datasets/prime_ministers/d'alema/csv_out/95755_dalema_s2t.csv,0.0,0.0,571
d'alema,/home/mhetac/Documents/GitHub/crossdem/datasets/prime_ministers/d'alema/csv_out/95622_dalema_s2t.csv,1.3854253255749516,0.0,3609
d'alema,/home/mhetac/Documents/GitHub/crossdem/datasets/prime_ministers/d'alema/csv_out/98538_dalema_s2t.csv,1.7061781609195403,0.0,11136
d'alema,/home/mhetac/Documents/GitHub/crossdem/datasets/prime_ministers/d'alema/csv_out/102598_dalema_s2t.csv,3.9682539682539684,0.0,4284
d'alema,/home/mhetac/Documents/GitHub/crossdem/datasets/prime_ministers/d'alema/csv_out/95786_dalema_s2t.csv,0.0,0.0,1532
d'alema,/home/mhetac/Documents/GitHub/crossdem/datasets/prime_ministers/d'alema/csv_out/94355_dalema_s2t.csv,2.493765586034913,0.0,1604
d'alema,/home/mhetac/Documents/GitHub/crossdem/datasets/prime_ministers/d'alema/csv_out/85340_dalema_s2t.csv,4.862953138815207,0.0,2262
d'alema,/home/mhetac/Documents/GitHub/crossdem/datasets/prime_ministers/d'alema/csv_out/84268_dalema_s2t.csv,1.3012361743656473,0.0,3074
d'alema,/home/mhetac/Documents/GitHub/crossdem/datasets/prime_ministers/d'alema/csv_out/84469_dalema_s2t.csv,2.2831050228310503,0.0,438
d'alema,/home/mhetac/Documents/GitHub/crossdem/datasets/prime_ministers/d'alema/csv_out/84880_dalema_s2t.csv,1.4394406744807733,0.0,4863
d'alema,/home/mhetac/Documents/GitHub/crossdem/datasets/prime_ministers/d'alema/csv_out/82987_dalema_s2t.csv,2.9191753329684365,19.23076923076923,5481
d'alema,/home/mhetac/Documents/GitHub/crossdem/datasets/prime_ministers/d'alema/csv_out/81086_dalema_s2t.csv,5.974607916355489,0.0,1339
d'alema,/home/mhetac/Documents/GitHub/crossdem/datasets/prime_ministers/d'alema/csv_out/74558_dalema_s2t.csv,2.235707441711913,0.0,6262
d'alema,/home/mhetac/Documents/GitHub/crossdem/datasets/prime_ministers/d'alema/csv_out/74714_dalema_s2t.csv,1.697792869269949,0.0,6479
d'alema,/home/mhetac/Documents/GitHub/crossdem/datasets/prime_ministers/d'alema/csv_out/73458_dalema_s2t.csv,3.089598352214212,0.0,971
d'alema,/home/mhetac/Documents/GitHub/crossdem/datasets/prime_ministers/d'alema/csv_out/65945_dalema_s2t.csv,0.0,0.0,884
d'alema,/home/mhetac/Documents/GitHub/crossdem/datasets/prime_ministers/d'alema/csv_out/64159_dalema_s2t.csv,3.2986551636640447,0.0,3941
d'alema,/home/mhetac/Documents/GitHub/crossdem/datasets/prime_ministers/d'alema/csv_out/35679_dalema_s2t.csv,5.7663690476190474,0.0,5376
d'alema,/home/mhetac/Documents/GitHub/crossdem/datasets/prime_ministers/d'alema/csv_out/33135_dalema_s2t.csv,3.367003367003367,0.0,891
d'alema,/home/mhetac/Documents/GitHub/crossdem/datasets/prime_ministers/d'alema/csv_out/32315_dalema_s2t.csv,1.8066847335140017,0.0,4428
d'alema,/home/mhetac/Documents/GitHub/crossdem/datasets/prime_ministers/d'alema/csv_out/514312_dalema_s2t.csv,3.7159920371599204,5.434782608695652,7535
d'alema,/home/mhetac/Documents/GitHub/crossdem/datasets/prime_ministers/d'alema/csv_out/290809_dalema_s2t.csv,3.028582244936589,55.55555555555556,5283
d'alema,/home/mhetac/Documents/GitHub/crossdem/datasets/prime_ministers/d'alema/csv_out/274698_dalema_s2t.csv,4.486133768352365,31.914893617021278,2452
d'alema,/home/mhetac/Documents/GitHub/crossdem/datasets/prime_ministers/d'alema/csv_out/261320_dalema_s2t.csv,3.147273905396649,2.9154518950437316,10803
d'alema,/home/mhetac/Documents/GitHub/crossdem/datasets/prime_ministers/d'alema/csv_out/221456_dalema_s2t.csv,4.827586206896552,0.0,4350
d'alema,/home/mhetac/Documents/GitHub/crossdem/datasets/prime_ministers/d'alema/csv_out/164638_dalema_s2t.csv,0.0,0.0,2256
d'alema,/home/mhetac/Documents/GitHub/crossdem/datasets/prime_ministers/d'alema/csv_out/160101_dalema_s2t.csv,0.21390374331550802,0.0,4675
d'alema,/home/mhetac/Documents/GitHub/crossdem/datasets/prime_ministers/d'alema/csv_out/158893_dalema_s2t.csv,2.584765090466778,0.0,6577
d'alema,/home/mhetac/Documents/GitHub/crossdem/datasets/prime_ministers/d'alema/csv_out/157423_dalema_s2t.csv,3.2367569274492776,0.0,12667
d'alema,/home/mhetac/Documents/GitHub/crossdem/datasets/prime_ministers/d'alema/csv_out/157143_dalema_s2t.csv,3.970880211780278,0.0,3022
d'alema,/home/mhetac/Documents/GitHub/crossdem/datasets/prime_ministers/d'alema/csv_out/155736_dalema_s2t.csv,1.8111254851228977,0.0,3865
d'alema,/home/mhetac/Documents/GitHub/crossdem/datasets/prime_ministers/d'alema/csv_out/157908_dalema_s2t.csv,0.0,0.0,885
d'alema,/home/mhetac/Documents/GitHub/crossdem/datasets/prime_ministers/d'alema/csv_out/157565_dalema_s2t.csv,6.067172264355363,0.0,4615
d'alema,/home/mhetac/Documents/GitHub/crossdem/datasets/prime_ministers/d'alema/csv_out/156879_dalema_s2t.csv,3.378854005349852,5.780346820809249,7103
d'alema,/home/mhetac/Documents/GitHub/crossdem/datasets/prime_ministers/d'alema/csv_out/153482_dalema_s2t.csv,2.7434842249657065,0.0,2187
d'alema,/home/mhetac/Documents/GitHub/crossdem/datasets/prime_ministers/d'alema/csv_out/154131_dalema_s2t.csv,4.294013639808032,0.0,3959
d'alema,/home/mhetac/Documents/GitHub/crossdem/datasets/prime_ministers/d'alema/csv_out/152338_dalema_s2t.csv,0.0,0.0,3309
d'alema,/home/mhetac/Documents/GitHub/crossdem/datasets/prime_ministers/d'alema/csv_out/151242_dalema_s2t.csv,2.1174477696216827,0.0,7084
d'alema,/home/mhetac/Documents/GitHub/crossdem/datasets/prime_ministers/d'alema/csv_out/150992_dalema_s2t.csv,5.35077288941736,9.70873786407767,6728
d'alema,/home/mhetac/Documents/GitHub/crossdem/datasets/prime_ministers/d'alema/csv_out/150304_dalema_s2t.csv,1.706900755913192,0.0,4101
d'alema,/home/mhetac/Documents/GitHub/crossdem/datasets/prime_ministers/d'alema/csv_out/150764_dalema_s2t.csv,2.7578599007170435,0.0,5439
d'alema,/home/mhetac/Documents/GitHub/crossdem/datasets/prime_ministers/d'alema/csv_out/147378_dalema_s2t.csv,14.033118158854897,0.0,3563
d'alema,/home/mhetac/Documents/GitHub/crossdem/datasets/prime_ministers/d'alema/csv_out/129315_dalema_s2t.csv,4.486987735566856,0.0,3343
d'alema,/home/mhetac/Documents/GitHub/crossdem/datasets/prime_ministers/d'alema/csv_out/134960_dalema_s2t.csv,1.181235234559568,0.0,5926
d'alema,/home/mhetac/Documents/GitHub/crossdem/datasets/prime_ministers/d'alema/csv_out/137445_dalema_s2t.csv,1.9204389574759946,0.0,3645
d'alema,/home/mhetac/Documents/GitHub/crossdem/datasets/prime_ministers/d'alema/csv_out/137281_dalema_s2t.csv,1.2858979854264896,0.0,2333
d'alema,/home/mhetac/Documents/GitHub/crossdem/datasets/prime_ministers/d'alema/csv_out/137549_dalema_s2t.csv,0.46360686138154844,0.0,2157
d'alema,/home/mhetac/Documents/GitHub/crossdem/datasets/prime_ministers/d'alema/csv_out/129213_dalema_s2t.csv,3.2822757111597376,0.0,5484
d'alema,/home/mhetac/Documents/GitHub/crossdem/datasets/prime_ministers/d'alema/csv_out/134966_dalema_s2t.csv,0.9871668311944719,52.63157894736842,3039
d'alema,/home/mhetac/Documents/GitHub/crossdem/datasets/prime_ministers/d'alema/csv_out/126900_dalema_s2t.csv,6.447453255963894,0.0,3102
d'alema,/home/mhetac/Documents/GitHub/crossdem/datasets/prime_ministers/d'alema/csv_out/125814_dalema_s2t.csv,2.9873039581777445,0.0,4017
d'alema,/home/mhetac/Documents/GitHub/crossdem/datasets/prime_ministers/d'alema/csv_out/132282_dalema_s2t.csv,1.7094017094017093,0.0,1755
d'alema,/home/mhetac/Documents/GitHub/crossdem/datasets/prime_ministers/d'alema/csv_out/124045_dalema_s2t.csv,4.030746156730409,0.0,10668
d'alema,/home/mhetac/Documents/GitHub/crossdem/datasets/prime_ministers/d'alema/csv_out/124730_dalema_s2t.csv,0.6650410108623365,0.0,4511
d'alema,/home/mhetac/Documents/GitHub/crossdem/datasets/prime_ministers/d'alema/csv_out/132542_dalema_s2t.csv,6.072382803011902,0.0,4117
d'alema,/home/mhetac/Documents/GitHub/crossdem/datasets/prime_ministers/d'alema/csv_out/132823_dalema_s2t.csv,2.643171806167401,0.0,1135
d'alema,/home/mhetac/Documents/GitHub/crossdem/datasets/prime_ministers/d'alema/csv_out/123720_dalema_s2t.csv,1.3290140377107733,0.0,12039
d'alema,/home/mhetac/Documents/GitHub/crossdem/datasets/prime_ministers/d'alema/csv_out/121690_dalema_s2t.csv,0.7161125319693095,0.0,9775
d'alema,/home/mhetac/Documents/GitHub/crossdem/datasets/prime_ministers/d'alema/csv_out/121831_dalema_s2t.csv,0.5743825387708213,0.0,3482
d'alema,/home/mhetac/Documents/GitHub/crossdem/datasets/prime_ministers/d'alema/csv_out/129280_dalema_s2t.csv,0.3137254901960784,0.0,6375
d'alema,/home/mhetac/Documents/GitHub/crossdem/datasets/prime_ministers/d'alema/csv_out/129275_dalema_s2t.csv,1.7485064840448783,0.0,6863
d'alema,/home/mhetac/Documents/GitHub/crossdem/datasets/prime_ministers/d'alema/csv_out/121290_dalema_s2t.csv,0.9968102073365231,0.0,5016
d'alema,/home/mhetac/Documents/GitHub/crossdem/datasets/prime_ministers/d'alema/csv_out/117606_dalema_s2t.csv,2.3144799652828003,0.0,6913
d'alema,/home/mhetac/Documents/GitHub/crossdem/datasets/prime_ministers/d'alema/csv_out/128418_dalema_s2t.csv,1.5920750044224306,5.681818181818182,5653
d'alema,/home/mhetac/Documents/GitHub/crossdem/datasets/prime_ministers/d'alema/csv_out/128583_dalema_s2t.csv,2.203683299228711,6.896551724137931,6353
d'alema,/home/mhetac/Documents/GitHub/crossdem/datasets/prime_ministers/d'alema/csv_out/119570_dalema_s2t.csv,1.2610340479192939,0.0,4758
d'alema,/home/mhetac/Documents/GitHub/crossdem/datasets/prime_ministers/d'alema/csv_out/117274_dalema_s2t.csv,2.0260492040520983,0.0,3455
d'alema,/home/mhetac/Documents/GitHub/crossdem/datasets/prime_ministers/d'alema/csv_out/116251_dalema_s2t.csv,0.9082652134423251,0.0,3303
d'alema,/home/mhetac/Documents/GitHub/crossdem/datasets/prime_ministers/d'alema/csv_out/116741_dalema_s2t.csv,0.0,0.0,4129
d'alema,/home/mhetac/Documents/GitHub/crossdem/datasets/prime_ministers/d'alema/csv_out/149947_dalema_s2t.csv,0.690846286701209,0.0,2895
d'alema,/home/mhetac/Documents/GitHub/crossdem/datasets/prime_ministers/d'alema/csv_out/115436_dalema_s2t.csv,1.2453300124533002,0.0,4818
d'alema,/home/mhetac/Documents/GitHub/crossdem/datasets/prime_ministers/d'alema/csv_out/114819_dalema_s2t.csv,6.0848400556328235,33.333333333333336,5752
d'alema,/home/mhetac/Documents/GitHub/crossdem/datasets/prime_ministers/d'alema/csv_out/125528_dalema_s2t.csv,1.3806545927068952,0.0,12313
d'alema,/home/mhetac/Documents/GitHub/crossdem/datasets/prime_ministers/d'alema/csv_out/125149_dalema_s2t.csv,1.5313935681470139,0.0,4571
d'alema,/home/mhetac/Documents/GitHub/crossdem/datasets/prime_ministers/d'alema/csv_out/111656_dalema_s2t.csv,4.048582995951417,0.0,4940
d'alema,/home/mhetac/Documents/GitHub/crossdem/datasets/prime_ministers/d'alema/csv_out/124913_dalema_s2t.csv,0.0,0.0,165
d'alema,/home/mhetac/Documents/GitHub/crossdem/datasets/prime_ministers/d'alema/csv_out/111390_dalema_s2t.csv,0.9653674429829854,0.0,8287
d'alema,/home/mhetac/Documents/GitHub/crossdem/datasets/prime_ministers/d'alema/csv_out/110125_dalema_s2t.csv,8.412698412698413,9.433962264150944,6300
d'alema,/home/mhetac/Documents/GitHub/crossdem/datasets/prime_ministers/d'alema/csv_out/115620_dalema_s2t.csv,0.44291883512346364,0.0,9031
d'alema,/home/mhetac/Documents/GitHub/crossdem/datasets/prime_ministers/d'alema/csv_out/111959_dalema_s2t.csv,4.081632653061225,0.0,1470
d'alema,/home/mhetac/Documents/GitHub/crossdem/datasets/prime_ministers/d'alema/csv_out/105827_dalema_s2t.csv,2.5902262130892764,0.0,5791
d'alema,/home/mhetac/Documents/GitHub/crossdem/datasets/prime_ministers/d'alema/csv_out/106084_dalema_s2t.csv,2.1561017680034498,0.0,4638
d'alema,/home/mhetac/Documents/GitHub/crossdem/datasets/prime_ministers/d'alema/csv_out/105609_dalema_s2t.csv,1.126669885723483,0.0,6213
d'alema,/home/mhetac/Documents/GitHub/crossdem/datasets/prime_ministers/d'alema/csv_out/103176_dalema_s2t.csv,1.9104803493449782,0.0,3664
d'alema,/home/mhetac/Documents/GitHub/crossdem/datasets/prime_ministers/d'alema/csv_out/106009_dalema_s2t.csv,2.0214916480476646,0.0,9399
d'alema,/home/mhetac/Documents/GitHub/crossdem/datasets/prime_ministers/d'alema/csv_out/103605_dalema_s2t.csv,0.8972633467922836,0.0,4458
d'alema,/home/mhetac/Documents/GitHub/crossdem/datasets/prime_ministers/d'alema/csv_out/103592_dalema_s2t.csv,1.130673558391213,0.0,6191
d'alema,/home/mhetac/Documents/GitHub/crossdem/datasets/prime_ministers/d'alema/csv_out/102610_dalema_s2t.csv,2.2271714922048997,0.0,898
d'alema,/home/mhetac/Documents/GitHub/crossdem/datasets/prime_ministers/d'alema/csv_out/102791_dalema_s2t.csv,1.2317167051578137,0.0,6495
d'alema,/home/mhetac/Documents/GitHub/crossdem/datasets/prime_ministers/d'alema/csv_out/101285_dalema_s2t.csv,0.4417936823503424,0.0,4527
d'alema,/home/mhetac/Documents/GitHub/crossdem/datasets/prime_ministers/d'alema/csv_out/100650_dalema_s2t.csv,1.6846361185983827,0.0,2968
d'alema,/home/mhetac/Documents/GitHub/crossdem/datasets/prime_ministers/d'alema/csv_out/100508_dalema_s2t.csv,2.286933983839,0.0,6559
d'alema,/home/mhetac/Documents/GitHub/crossdem/datasets/prime_ministers/d'alema/csv_out/97492_dalema_s2t.csv,6.527415143603133,0.0,5362
d'alema,/home/mhetac/Documents/GitHub/crossdem/datasets/prime_ministers/d'alema/csv_out/97778_dalema_s2t.csv,5.390835579514825,0.0,3710
d'alema,/home/mhetac/Documents/GitHub/crossdem/datasets/prime_ministers/d'alema/csv_out/94602_dalema_s2t.csv,4.2545949625595645,0.0,5876
d'alema,/home/mhetac/Documents/GitHub/crossdem/datasets/prime_ministers/d'alema/csv_out/92542_dalema_s2t.csv,0.95654550423613,0.0,7318
d'alema,/home/mhetac/Documents/GitHub/crossdem/datasets/prime_ministers/d'alema/csv_out/95594_dalema_s2t.csv,2.472042377869335,0.0,8495
d'alema,/home/mhetac/Documents/GitHub/crossdem/datasets/prime_ministers/d'alema/csv_out/94698_dalema_s2t.csv,1.0735373054213635,0.0,1863
d'alema,/home/mhetac/Documents/GitHub/crossdem/datasets/prime_ministers/d'alema/csv_out/90525_dalema_s2t.csv,2.4102193299590264,0.0,4149
d'alema,/home/mhetac/Documents/GitHub/crossdem/datasets/prime_ministers/d'alema/csv_out/95046_dalema_s2t.csv,5.5852355512384655,0.0,4118
d'alema,/home/mhetac/Documents/GitHub/crossdem/datasets/prime_ministers/d'alema/csv_out/90241_dalema_s2t.csv,3.6536353671903545,83.33333333333333,5474
d'alema,/home/mhetac/Documents/GitHub/crossdem/datasets/prime_ministers/d'alema/csv_out/89464_dalema_s2t.csv,3.04228780042592,54.794520547945204,6574
d'alema,/home/mhetac/Documents/GitHub/crossdem/datasets/prime_ministers/d'alema/csv_out/87236_dalema_s2t.csv,6.1551674778127685,0.0,6986
d'alema,/home/mhetac/Documents/GitHub/crossdem/datasets/prime_ministers/d'alema/csv_out/86958_dalema_s2t.csv,2.185792349726776,0.0,4575
d'alema,/home/mhetac/Documents/GitHub/crossdem/datasets/prime_ministers/d'alema/csv_out/86139_dalema_s2t.csv,3.4210526315789473,0.0,3800
d'alema,/home/mhetac/Documents/GitHub/crossdem/datasets/prime_ministers/d'alema/csv_out/87272_dalema_s2t.csv,3.0971032975040993,0.0,5489
d'alema,/home/mhetac/Documents/GitHub/crossdem/datasets/prime_ministers/d'alema/csv_out/85660_dalema_s2t.csv,0.37579857196542654,0.0,2661
d'alema,/home/mhetac/Documents/GitHub/crossdem/datasets/prime_ministers/d'alema/csv_out/85278_dalema_s2t.csv,0.5615874204417821,0.0,5342
d'alema,/home/mhetac/Documents/GitHub/crossdem/datasets/prime_ministers/d'alema/csv_out/85167_dalema_s2t.csv,0.7541478129713424,0.0,2652
d'alema,/home/mhetac/Documents/GitHub/crossdem/datasets/prime_ministers/d'alema/csv_out/85049_dalema_s2t.csv,5.215973920130399,0.0,6135
d'alema,/home/mhetac/Documents/GitHub/crossdem/datasets/prime_ministers/d'alema/csv_out/85202_dalema_s2t.csv,3.0532131433556264,30.303030303030305,6878
d'alema,/home/mhetac/Documents/GitHub/crossdem/datasets/prime_ministers/d'alema/csv_out/84033_dalema_s2t.csv,1.9450207468879668,0.0,7712
d'alema,/home/mhetac/Documents/GitHub/crossdem/datasets/prime_ministers/d'alema/csv_out/80624_dalema_s2t.csv,1.0298661174047374,0.0,2913
d'alema,/home/mhetac/Documents/GitHub/crossdem/datasets/prime_ministers/d'alema/csv_out/77577_dalema_s2t.csv,0.6147540983606558,0.0,4880
d'alema,/home/mhetac/Documents/GitHub/crossdem/datasets/prime_ministers/d'alema/csv_out/80262_dalema_s2t.csv,4.461221688400824,0.0,2914
d'alema,/home/mhetac/Documents/GitHub/crossdem/datasets/prime_ministers/d'alema/csv_out/75566_dalema_s2t.csv,5.020538566864445,9.00900900900901,6573
d'alema,/home/mhetac/Documents/GitHub/crossdem/datasets/prime_ministers/d'alema/csv_out/75377_dalema_s2t.csv,4.387247733255338,0.0,3419
d'alema,/home/mhetac/Documents/GitHub/crossdem/datasets/prime_ministers/d'alema/csv_out/47276_dalema_s2t.csv,3.9775386055217594,0.0,4274
d'alema,/home/mhetac/Documents/GitHub/crossdem/datasets/prime_ministers/d'alema/csv_out/43234_dalema_s2t.csv,4.551201011378002,0.0,3955
d'alema,/home/mhetac/Documents/GitHub/crossdem/datasets/prime_ministers/d'alema/csv_out/43866_dalema_s2t.csv,1.200960768614892,0.0,12490
d'alema,/home/mhetac/Documents/GitHub/crossdem/datasets/prime_ministers/d'alema/csv_out/43910_dalema_s2t.csv,3.690036900369004,0.0,3523
d'alema,/home/mhetac/Documents/GitHub/crossdem/datasets/prime_ministers/d'alema/csv_out/41034_dalema_s2t.csv,4.430587463078438,0.0,6094
d'alema,/home/mhetac/Documents/GitHub/crossdem/datasets/prime_ministers/d'alema/csv_out/41772_dalema_s2t.csv,8.56327307326356,0.0,2102
d'alema,/home/mhetac/Documents/GitHub/crossdem/datasets/prime_ministers/d'alema/csv_out/42821_dalema_s2t.csv,1.013856032443393,0.0,2959
d'alema,/home/mhetac/Documents/GitHub/crossdem/datasets/prime_ministers/d'alema/csv_out/42817_dalema_s2t.csv,3.9249890972525074,0.0,4586
d'alema,/home/mhetac/Documents/GitHub/crossdem/datasets/prime_ministers/d'alema/csv_out/159723_dalema_s2t.csv,12.400354295837024,43.47826086956522,3387
d'alema,/home/mhetac/Documents/GitHub/crossdem/datasets/prime_ministers/d'alema/csv_out/150144_dalema_s2t.csv,9.424603174603174,0.0,2016
d'alema,/home/mhetac/Documents/GitHub/crossdem/datasets/prime_ministers/d'alema/csv_out/147856_dalema_s2t.csv,9.913258983890954,9.803921568627452,7263
d'alema,/home/mhetac/Documents/GitHub/crossdem/datasets/prime_ministers/d'alema/csv_out/144413_dalema_s2t.csv,0.767067246228586,0.0,3911
d'alema,/home/mhetac/Documents/GitHub/crossdem/datasets/prime_ministers/d'alema/csv_out/147035_dalema_s2t.csv,0.8032128514056225,0.0,2490
d'alema,/home/mhetac/Documents/GitHub/crossdem/datasets/prime_ministers/d'alema/csv_out/148456_dalema_s2t.csv,4.669591057025612,0.0,7067
d'alema,/home/mhetac/Documents/GitHub/crossdem/datasets/prime_ministers/d'alema/csv_out/145933_dalema_s2t.csv,4.2387848816672555,9.433962264150944,8493
d'alema,/home/mhetac/Documents/GitHub/crossdem/datasets/prime_ministers/d'alema/csv_out/146104_dalema_s2t.csv,0.0,0.0,215
d'alema,/home/mhetac/Documents/GitHub/crossdem/datasets/prime_ministers/d'alema/csv_out/146258_dalema_s2t.csv,1.7873100983020553,0.0,2238
d'alema,/home/mhetac/Documents/GitHub/crossdem/datasets/prime_ministers/d'alema/csv_out/141653_dalema_s2t.csv,10.105263157894736,0.0,2375
d'alema,/home/mhetac/Documents/GitHub/crossdem/datasets/prime_ministers/d'alema/csv_out/144651_dalema_s2t.csv,2.9856147652221114,0.0,11053
d'alema,/home/mhetac/Documents/GitHub/crossdem/datasets/prime_ministers/d'alema/csv_out/140162_dalema_s2t.csv,3.4246575342465753,0.0,1752
d'alema,/home/mhetac/Documents/GitHub/crossdem/datasets/prime_ministers/d'alema/csv_out/143544_dalema_s2t.csv,3.8071065989847717,0.0,4728
d'alema,/home/mhetac/Documents/GitHub/crossdem/datasets/prime_ministers/d'alema/csv_out/144875_dalema_s2t.csv,1.8134715025906736,0.0,3860
d'alema,/home/mhetac/Documents/GitHub/crossdem/datasets/prime_ministers/d'alema/csv_out/137384_dalema_s2t.csv,4.1662721333207084,0.0,10561
d'alema,/home/mhetac/Documents/GitHub/crossdem/datasets/prime_ministers/d'alema/csv_out/135717_dalema_s2t.csv,0.9214891264283082,0.0,5426
d'alema,/home/mhetac/Documents/GitHub/crossdem/datasets/prime_ministers/d'alema/csv_out/136797_dalema_s2t.csv,1.0197144799456153,0.0,5884
d'alema,/home/mhetac/Documents/GitHub/crossdem/datasets/prime_ministers/d'alema/csv_out/142115_dalema_s2t.csv,3.656554712892741,0.0,7384
d'alema,/home/mhetac/Documents/GitHub/crossdem/datasets/prime_ministers/d'alema/csv_out/140252_dalema_s2t.csv,6.269061335140631,30.927835051546392,5902
d'alema,/home/mhetac/Documents/GitHub/crossdem/datasets/prime_ministers/d'alema/csv_out/139783_dalema_s2t.csv,6.109022556390977,13.333333333333334,4256
d'alema,/home/mhetac/Documents/GitHub/crossdem/datasets/prime_ministers/d'alema/csv_out/139780_dalema_s2t.csv,4.658529768005217,4.166666666666667,10733
d'alema,/home/mhetac/Documents/GitHub/crossdem/datasets/prime_ministers/d'alema/csv_out/139676_dalema_s2t.csv,3.3741786538803056,5.813953488372093,11262
d'alema,/home/mhetac/Documents/GitHub/crossdem/datasets/prime_ministers/d'alema/csv_out/130754_dalema_s2t.csv,1.8718801996672212,0.0,4808
d'alema,/home/mhetac/Documents/GitHub/crossdem/datasets/prime_ministers/d'alema/csv_out/141277_dalema_s2t.csv,10.81081081081081,0.0,1850
d'alema,/home/mhetac/Documents/GitHub/crossdem/datasets/prime_ministers/d'alema/csv_out/76676_dalema_s2t.csv,8.348457350272232,0.0,2755
d'alema,/home/mhetac/Documents/GitHub/crossdem/datasets/prime_ministers/d'alema/csv_out/77658_dalema_s2t.csv,2.8542885685742827,0.0,7007
d'alema,/home/mhetac/Documents/GitHub/crossdem/datasets/prime_ministers/d'alema/csv_out/74951_dalema_s2t.csv,1.129305477131564,0.0,1771
d'alema,/home/mhetac/Documents/GitHub/crossdem/datasets/prime_ministers/d'alema/csv_out/73611_dalema_s2t.csv,1.6021972991531244,0.0,4369
d'alema,/home/mhetac/Documents/GitHub/crossdem/datasets/prime_ministers/d'alema/csv_out/74091_dalema_s2t.csv,3.7465940054495914,0.0,11744
d'alema,/home/mhetac/Documents/GitHub/crossdem/datasets/prime_ministers/d'alema/csv_out/74473_dalema_s2t.csv,1.8651745270450306,0.0,7506
d'alema,/home/mhetac/Documents/GitHub/crossdem/datasets/prime_ministers/d'alema/csv_out/72834_dalema_s2t.csv,0.0,0.0,593
d'alema,/home/mhetac/Documents/GitHub/crossdem/datasets/prime_ministers/d'alema/csv_out/71181_dalema_s2t.csv,2.2518765638031693,0.0,11990
d'alema,/home/mhetac/Documents/GitHub/crossdem/datasets/prime_ministers/d'alema/csv_out/79366_dalema_s2t.csv,2.40064017071219,0.0,3749
d'alema,/home/mhetac/Documents/GitHub/crossdem/datasets/prime_ministers/d'alema/csv_out/74642_dalema_s2t.csv,6.151953245155337,0.0,3251
d'alema,/home/mhetac/Documents/GitHub/crossdem/datasets/prime_ministers/d'alema/csv_out/70986_dalema_s2t.csv,5.324813631522897,0.0,3756
d'alema,/home/mhetac/Documents/GitHub/crossdem/datasets/prime_ministers/d'alema/csv_out/73643_dalema_s2t.csv,6.3954975697109235,0.0,3909
d'alema,/home/mhetac/Documents/GitHub/crossdem/datasets/prime_ministers/d'alema/csv_out/68941_dalema_s2t.csv,3.2875929102344195,0.0,6996
d'alema,/home/mhetac/Documents/GitHub/crossdem/datasets/prime_ministers/d'alema/csv_out/68386_dalema_s2t.csv,1.7929179740026895,0.0,2231
d'alema,/home/mhetac/Documents/GitHub/crossdem/datasets/prime_ministers/d'alema/csv_out/67879_dalema_s2t.csv,4.059539918809202,0.0,5173
d'alema,/home/mhetac/Documents/GitHub/crossdem/datasets/prime_ministers/d'alema/csv_out/66665_dalema_s2t.csv,0.47103155911446065,0.0,2123
d'alema,/home/mhetac/Documents/GitHub/crossdem/datasets/prime_ministers/d'alema/csv_out/60192_dalema_s2t.csv,1.6034206306787815,0.0,1871
d'alema,/home/mhetac/Documents/GitHub/crossdem/datasets/prime_ministers/d'alema/csv_out/64128_dalema_s2t.csv,3.2853566958698375,0.0,6392
d'alema,/home/mhetac/Documents/GitHub/crossdem/datasets/prime_ministers/d'alema/csv_out/57037_dalema_s2t.csv,1.603592046183451,0.0,6236
d'alema,/home/mhetac/Documents/GitHub/crossdem/datasets/prime_ministers/d'alema/csv_out/56878_dalema_s2t.csv,2.751504729148753,0.0,5815
d'alema,/home/mhetac/Documents/GitHub/crossdem/datasets/prime_ministers/d'alema/csv_out/55872_dalema_s2t.csv,1.2206286237412267,11.627906976744185,6554
d'alema,/home/mhetac/Documents/GitHub/crossdem/datasets/prime_ministers/d'alema/csv_out/55186_dalema_s2t.csv,1.9653515795603436,0.0,13738
d'alema,/home/mhetac/Documents/GitHub/crossdem/datasets/prime_ministers/d'alema/csv_out/49392_dalema_s2t.csv,3.411028993746447,0.0,5277
d'alema,/home/mhetac/Documents/GitHub/crossdem/datasets/prime_ministers/d'alema/csv_out/114576_dalema_s2t.csv,0.544069640914037,0.0,5514
d'alema,/home/mhetac/Documents/GitHub/crossdem/datasets/prime_ministers/d'alema/csv_out/75685_dalema_s2t.csv,1.277139208173691,10.1010101010101,5481
d'alema,/home/mhetac/Documents/GitHub/crossdem/datasets/prime_ministers/d'alema/csv_out/36458_dalema_s2t.csv,0.7583417593528817,0.0,3956
d'alema,/home/mhetac/Documents/GitHub/crossdem/datasets/prime_ministers/d'alema/csv_out/36289_dalema_s2t.csv,2.876318312559923,0.0,5215
d'alema,/home/mhetac/Documents/GitHub/crossdem/datasets/prime_ministers/d'alema/csv_out/36115_dalema_s2t.csv,2.7739251040221915,0.0,2884
d'alema,/home/mhetac/Documents/GitHub/crossdem/datasets/prime_ministers/d'alema/csv_out/34404_dalema_s2t.csv,1.3157894736842106,0.0,7600
d'alema,/home/mhetac/Documents/GitHub/crossdem/datasets/prime_ministers/d'alema/csv_out/29858_dalema_s2t.csv,0.78125,0.0,2560
d'alema,/home/mhetac/Documents/GitHub/crossdem/datasets/prime_ministers/d'alema/csv_out/25597_dalema_s2t.csv,1.3022952954582452,0.0,6143
d'alema,/home/mhetac/Documents/GitHub/crossdem/datasets/prime_ministers/d'alema/csv_out/75620_dalema_s2t.csv,2.2667170381564037,0.0,2647
d'alema,/home/mhetac/Documents/GitHub/crossdem/datasets/prime_ministers/d'alema/csv_out/17056_dalema_s2t.csv,2.1246458923512748,0.0,4236
d'alema,/home/mhetac/Documents/GitHub/crossdem/datasets/prime_ministers/d'alema/csv_out/158693_dalema_s2t.csv,6.753497346840328,10.526315789473685,6219
d'alema,/home/mhetac/Documents/GitHub/crossdem/datasets/prime_ministers/d'alema/csv_out/158591_dalema_s2t.csv,6.598127972993709,0.0,6517
d'alema,/home/mhetac/Documents/GitHub/crossdem/datasets/prime_ministers/d'alema/csv_out/157054_dalema_s2t.csv,4.634099246958872,250.0,5179
d'alema,/home/mhetac/Documents/GitHub/crossdem/datasets/prime_ministers/d'alema/csv_out/137978_dalema_s2t.csv,1.6840687100033682,0.0,5938
d'alema,/home/mhetac/Documents/GitHub/crossdem/datasets/prime_ministers/d'alema/csv_out/137280_dalema_s2t.csv,1.9848430169613858,0.0,5542
d'alema,/home/mhetac/Documents/GitHub/crossdem/datasets/prime_ministers/d'alema/csv_out/130538_dalema_s2t.csv,1.3144922773578704,0.0,3043
d'alema,/home/mhetac/Documents/GitHub/crossdem/datasets/prime_ministers/d'alema/csv_out/113422_dalema_s2t.csv,2.7430661383724475,0.0,3281
d'alema,/home/mhetac/Documents/GitHub/crossdem/datasets/prime_ministers/d'alema/csv_out/122484_dalema_s2t.csv,8.274231678486998,0.0,3384
d'alema,/home/mhetac/Documents/GitHub/crossdem/datasets/prime_ministers/d'alema/csv_out/124408_dalema_s2t.csv,7.646559048428207,0.0,3531
d'alema,/home/mhetac/Documents/GitHub/crossdem/datasets/prime_ministers/d'alema/csv_out/106499_dalema_s2t.csv,0.0,0.0,187
d'alema,/home/mhetac/Documents/GitHub/crossdem/datasets/prime_ministers/d'alema/csv_out/101881_dalema_s2t.csv,1.5762925598991173,0.0,3172
d'alema,/home/mhetac/Documents/GitHub/crossdem/datasets/prime_ministers/d'alema/csv_out/95519_dalema_s2t.csv,1.8712574850299402,0.0,5344
d'alema,/home/mhetac/Documents/GitHub/crossdem/datasets/prime_ministers/d'alema/csv_out/81139_dalema_s2t.csv,1.6240956739997048,0.0,6773
d'alema,/home/mhetac/Documents/GitHub/crossdem/datasets/prime_ministers/d'alema/csv_out/80954_dalema_s2t.csv,3.528818685935137,0.0,5951
d'alema,/home/mhetac/Documents/GitHub/crossdem/datasets/prime_ministers/d'alema/csv_out/80236_dalema_s2t.csv,0.0,0.0,551
d'alema,/home/mhetac/Documents/GitHub/crossdem/datasets/prime_ministers/d'alema/csv_out/300319_dalema_s2t.csv,0.9874917709019092,0.0,3038
monti,/home/mhetac/Documents/GitHub/crossdem/datasets/prime_ministers/monti/csv_out/503165_monti_s2t.csv,0.6064281382656155,0.0,3298
monti,/home/mhetac/Documents/GitHub/crossdem/datasets/prime_ministers/monti/csv_out/493169_monti_s2t.csv,6.155950752393981,0.0,2924
monti,/home/mhetac/Documents/GitHub/crossdem/datasets/prime_ministers/monti/csv_out/472751_monti_s2t.csv,3.607809847198642,0.0,9424
monti,/home/mhetac/Documents/GitHub/crossdem/datasets/prime_ministers/monti/csv_out/426347_monti_s2t.csv,0.8849557522123894,0.0,2260
monti,/home/mhetac/Documents/GitHub/crossdem/datasets/prime_ministers/monti/csv_out/396721_monti_s2t.csv,2.4150943396226414,0.0,6625
monti,/home/mhetac/Documents/GitHub/crossdem/datasets/prime_ministers/monti/csv_out/396218_monti_s2t.csv,1.4035087719298245,0.0,2850
monti,/home/mhetac/Documents/GitHub/crossdem/datasets/prime_ministers/monti/csv_out/385936_monti_s2t.csv,3.5413899955732626,0.0,2259
monti,/home/mhetac/Documents/GitHub/crossdem/datasets/prime_ministers/monti/csv_out/385229_monti_s2t.csv,0.5396654074473827,0.0,1853
monti,/home/mhetac/Documents/GitHub/crossdem/datasets/prime_ministers/monti/csv_out/385186_monti_s2t.csv,4.001455074572572,0.0,2749
monti,/home/mhetac/Documents/GitHub/crossdem/datasets/prime_ministers/monti/csv_out/379361_monti_s2t.csv,0.5561735261401557,0.0,1798
monti,/home/mhetac/Documents/GitHub/crossdem/datasets/prime_ministers/monti/csv_out/372927_monti_s2t.csv,1.3774104683195592,0.0,2178
monti,/home/mhetac/Documents/GitHub/crossdem/datasets/prime_ministers/monti/csv_out/365811_monti_s2t.csv,1.2285012285012284,0.0,814
monti,/home/mhetac/Documents/GitHub/crossdem/datasets/prime_ministers/monti/csv_out/363719_monti_s2t.csv,2.16076058772688,0.0,2314
monti,/home/mhetac/Documents/GitHub/crossdem/datasets/prime_ministers/monti/csv_out/361733_monti_s2t.csv,2.6469031233456857,0.0,1889
monti,/home/mhetac/Documents/GitHub/crossdem/datasets/prime_ministers/monti/csv_out/331309_monti_s2t.csv,1.4614541468761417,0.0,2737
monti,/home/mhetac/Documents/GitHub/crossdem/datasets/prime_ministers/monti/csv_out/329718_monti_s2t.csv,0.6743088334457181,0.0,1483
monti,/home/mhetac/Documents/GitHub/crossdem/datasets/prime_ministers/monti/csv_out/312153_monti_s2t.csv,2.8244388286011595,0.0,6727
monti,/home/mhetac/Documents/GitHub/crossdem/datasets/prime_ministers/monti/csv_out/309936_monti_s2t.csv,7.019438444924406,0.0,3704
monti,/home/mhetac/Documents/GitHub/crossdem/datasets/prime_ministers/monti/csv_out/304508_monti_s2t.csv,6.1438380917961695,0.0,2767
monti,/home/mhetac/Documents/GitHub/crossdem/datasets/prime_ministers/monti/csv_out/299229_monti_s2t.csv,3.228931223764934,0.0,3097
monti,/home/mhetac/Documents/GitHub/crossdem/datasets/prime_ministers/monti/csv_out/290309_monti_s2t.csv,1.858736059479554,0.0,538
monti,/home/mhetac/Documents/GitHub/crossdem/datasets/prime_ministers/monti/csv_out/289843_monti_s2t.csv,10.284035259549462,0.0,2042
monti,/home/mhetac/Documents/GitHub/crossdem/datasets/prime_ministers/monti/csv_out/276594_monti_s2t.csv,4.408817635270541,0.0,4990
monti,/home/mhetac/Documents/GitHub/crossdem/datasets/prime_ministers/monti/csv_out/274907_monti_s2t.csv,1.9389238972370335,0.0,2063
monti,/home/mhetac/Documents/GitHub/crossdem/datasets/prime_ministers/monti/csv_out/274393_monti_s2t.csv,0.0,0.0,576
monti,/home/mhetac/Documents/GitHub/crossdem/datasets/prime_ministers/monti/csv_out/264811_monti_s2t.csv,3.7449392712550607,0.0,9880
monti,/home/mhetac/Documents/GitHub/crossdem/datasets/prime_ministers/monti/csv_out/262993_monti_s2t.csv,0.0,0.0,569
monti,/home/mhetac/Documents/GitHub/crossdem/datasets/prime_ministers/monti/csv_out/261955_monti_s2t.csv,1.3897662665824384,0.0,7915
monti,/home/mhetac/Documents/GitHub/crossdem/datasets/prime_ministers/monti/csv_out/256314_monti_s2t.csv,0.45207956600361665,500.0,2212
monti,/home/mhetac/Documents/GitHub/crossdem/datasets/prime_ministers/monti/csv_out/255227_monti_s2t.csv,3.3855268726195513,0.0,2363
monti,/home/mhetac/Documents/GitHub/crossdem/datasets/prime_ministers/monti/csv_out/253775_monti_s2t.csv,1.1853022520742789,0.0,2531
monti,/home/mhetac/Documents/GitHub/crossdem/datasets/prime_ministers/monti/csv_out/253773_monti_s2t.csv,0.7062146892655368,0.0,2832
monti,/home/mhetac/Documents/GitHub/crossdem/datasets/prime_ministers/monti/csv_out/253566_monti_s2t.csv,1.1025358324145536,0.0,907
monti,/home/mhetac/Documents/GitHub/crossdem/datasets/prime_ministers/monti/csv_out/252231_monti_s2t.csv,1.3280212483399734,0.0,2259
monti,/home/mhetac/Documents/GitHub/crossdem/datasets/prime_ministers/monti/csv_out/251248_monti_s2t.csv,1.4899428855227217,0.0,8054
monti,/home/mhetac/Documents/GitHub/crossdem/datasets/prime_ministers/monti/csv_out/248087_monti_s2t.csv,0.0,0.0,1190
monti,/home/mhetac/Documents/GitHub/crossdem/datasets/prime_ministers/monti/csv_out/239382_monti_s2t.csv,0.9119927040583675,0.0,2193
monti,/home/mhetac/Documents/GitHub/crossdem/datasets/prime_ministers/monti/csv_out/237263_monti_s2t.csv,0.0,0.0,1521
monti,/home/mhetac/Documents/GitHub/crossdem/datasets/prime_ministers/monti/csv_out/235001_monti_s2t.csv,0.0,0.0,1891
monti,/home/mhetac/Documents/GitHub/crossdem/datasets/prime_ministers/monti/csv_out/230894_monti_s2t.csv,2.4390243902439024,0.0,1640
monti,/home/mhetac/Documents/GitHub/crossdem/datasets/prime_ministers/monti/csv_out/224753_monti_s2t.csv,0.5246589716684156,0.0,1906
monti,/home/mhetac/Documents/GitHub/crossdem/datasets/prime_ministers/monti/csv_out/224741_monti_s2t.csv,0.0,0.0,898
monti,/home/mhetac/Documents/GitHub/crossdem/datasets/prime_ministers/monti/csv_out/224739_monti_s2t.csv,0.0,0.0,488
monti,/home/mhetac/Documents/GitHub/crossdem/datasets/prime_ministers/monti/csv_out/224430_monti_s2t.csv,0.0,0.0,2562
monti,/home/mhetac/Documents/GitHub/crossdem/datasets/prime_ministers/monti/csv_out/221577_monti_s2t.csv,1.710961560396943,0.0,8767
monti,/home/mhetac/Documents/GitHub/crossdem/datasets/prime_ministers/monti/csv_out/221557_monti_s2t.csv,1.8438844499078058,0.0,1627
monti,/home/mhetac/Documents/GitHub/crossdem/datasets/prime_ministers/monti/csv_out/219667_monti_s2t.csv,2.39377618192699,0.0,3342
monti,/home/mhetac/Documents/GitHub/crossdem/datasets/prime_ministers/monti/csv_out/219471_monti_s2t.csv,0.6149116064565718,0.0,6505
monti,/home/mhetac/Documents/GitHub/crossdem/datasets/prime_ministers/monti/csv_out/218348_monti_s2t.csv,0.5211047420531527,0.0,1919
monti,/home/mhetac/Documents/GitHub/crossdem/datasets/prime_ministers/monti/csv_out/217537_monti_s2t.csv,2.4606299212598426,0.0,4064
monti,/home/mhetac/Documents/GitHub/crossdem/datasets/prime_ministers/monti/csv_out/215285_monti_s2t.csv,0.0,0.0,6212
monti,/home/mhetac/Documents/GitHub/crossdem/datasets/prime_ministers/monti/csv_out/209136_monti_s2t.csv,0.892458723784025,0.0,2241
monti,/home/mhetac/Documents/GitHub/crossdem/datasets/prime_ministers/monti/csv_out/208080_monti_s2t.csv,0.6596306068601583,0.0,1516
monti,/home/mhetac/Documents/GitHub/crossdem/datasets/prime_ministers/monti/csv_out/203546_monti_s2t.csv,0.0,0.0,1845
monti,/home/mhetac/Documents/GitHub/crossdem/datasets/prime_ministers/monti/csv_out/198709_monti_s2t.csv,0.0,0.0,2077
monti,/home/mhetac/Documents/GitHub/crossdem/datasets/prime_ministers/monti/csv_out/251103_monti_s2t.csv,0.0,0.0,547
monti,/home/mhetac/Documents/GitHub/crossdem/datasets/prime_ministers/monti/csv_out/254202_monti_s2t.csv,0.2794076557697681,0.0,7158
monti,/home/mhetac/Documents/GitHub/crossdem/datasets/prime_ministers/monti/csv_out/252832_monti_s2t.csv,0.499001996007984,0.0,2004
monti,/home/mhetac/Documents/GitHub/crossdem/datasets/prime_ministers/monti/csv_out/254118_monti_s2t.csv,2.718622564567286,0.0,2207
monti,/home/mhetac/Documents/GitHub/crossdem/datasets/prime_ministers/monti/csv_out/254131_monti_s2t.csv,0.5167958656330749,0.0,1935
monti,/home/mhetac/Documents/GitHub/crossdem/datasets/prime_ministers/monti/csv_out/246114_monti_s2t.csv,0.0,0.0,1725
monti,/home/mhetac/Documents/GitHub/crossdem/datasets/prime_ministers/monti/csv_out/246045_monti_s2t.csv,1.2815036309269543,0.0,2341
monti,/home/mhetac/Documents/GitHub/crossdem/datasets/prime_ministers/monti/csv_out/247286_monti_s2t.csv,1.263157894736842,0.0,2375
monti,/home/mhetac/Documents/GitHub/crossdem/datasets/prime_ministers/monti/csv_out/237419_monti_s2t.csv,2.058319039451115,0.0,2915
monti,/home/mhetac/Documents/GitHub/crossdem/datasets/prime_ministers/monti/csv_out/209996_monti_s2t.csv,2.44140625,0.0,2048
monti,/home/mhetac/Documents/GitHub/crossdem/datasets/prime_ministers/monti/csv_out/218752_monti_s2t.csv,7.211538461538462,0.0,2080
monti,/home/mhetac/Documents/GitHub/crossdem/datasets/prime_ministers/monti/csv_out/218751_monti_s2t.csv,0.3257328990228013,0.0,3070
monti,/home/mhetac/Documents/GitHub/crossdem/datasets/prime_ministers/monti/csv_out/201536_monti_s2t.csv,0.0,0.0,145
monti,/home/mhetac/Documents/GitHub/crossdem/datasets/prime_ministers/monti/csv_out/215834_monti_s2t.csv,0.0,0.0,675
monti,/home/mhetac/Documents/GitHub/crossdem/datasets/prime_ministers/monti/csv_out/233348_monti_s2t.csv,0.2832058906825262,0.0,3531
monti,/home/mhetac/Documents/GitHub/crossdem/datasets/prime_ministers/monti/csv_out/162858_monti_s2t.csv,0.8451299387280794,0.0,9466
monti,/home/mhetac/Documents/GitHub/crossdem/datasets/prime_ministers/monti/csv_out/164027_monti_s2t.csv,2.5012506253126565,0.0,1999
monti,/home/mhetac/Documents/GitHub/crossdem/datasets/prime_ministers/monti/csv_out/159378_monti_s2t.csv,0.6858710562414266,0.0,1458
monti,/home/mhetac/Documents/GitHub/crossdem/datasets/prime_ministers/monti/csv_out/159610_monti_s2t.csv,0.885478158205431,0.0,3388
monti,/home/mhetac/Documents/GitHub/crossdem/datasets/prime_ministers/monti/csv_out/159722_monti_s2t.csv,0.0,0.0,404
monti,/home/mhetac/Documents/GitHub/crossdem/datasets/prime_ministers/monti/csv_out/158730_monti_s2t.csv,0.8200082000820008,0.0,2439
monti,/home/mhetac/Documents/GitHub/crossdem/datasets/prime_ministers/monti/csv_out/163619_monti_s2t.csv,0.0,0.0,3433
monti,/home/mhetac/Documents/GitHub/crossdem/datasets/prime_ministers/monti/csv_out/158027_monti_s2t.csv,5.48033526756931,0.0,3102
monti,/home/mhetac/Documents/GitHub/crossdem/datasets/prime_ministers/monti/csv_out/157535_monti_s2t.csv,0.0,0.0,2065
monti,/home/mhetac/Documents/GitHub/crossdem/datasets/prime_ministers/monti/csv_out/154532_monti_s2t.csv,0.0,0.0,891
monti,/home/mhetac/Documents/GitHub/crossdem/datasets/prime_ministers/monti/csv_out/154531_monti_s2t.csv,0.7498125468632841,0.0,8002
monti,/home/mhetac/Documents/GitHub/crossdem/datasets/prime_ministers/monti/csv_out/157753_monti_s2t.csv,2.280328367284889,0.0,6578
monti,/home/mhetac/Documents/GitHub/crossdem/datasets/prime_ministers/monti/csv_out/153623_monti_s2t.csv,0.19054878048780488,0.0,5248
monti,/home/mhetac/Documents/GitHub/crossdem/datasets/prime_ministers/monti/csv_out/154057_monti_s2t.csv,0.4140786749482402,0.0,2415
monti,/home/mhetac/Documents/GitHub/crossdem/datasets/prime_ministers/monti/csv_out/163553_monti_s2t.csv,0.0,0.0,2695
monti,/home/mhetac/Documents/GitHub/crossdem/datasets/prime_ministers/monti/csv_out/164427_monti_s2t.csv,0.0,0.0,3518
monti,/home/mhetac/Documents/GitHub/crossdem/datasets/prime_ministers/monti/csv_out/151884_monti_s2t.csv,0.13902405116085081,0.0,7193
monti,/home/mhetac/Documents/GitHub/crossdem/datasets/prime_ministers/monti/csv_out/148141_monti_s2t.csv,0.29612081729345574,0.0,3377
monti,/home/mhetac/Documents/GitHub/crossdem/datasets/prime_ministers/monti/csv_out/149037_monti_s2t.csv,0.6609385327164574,0.0,3026
monti,/home/mhetac/Documents/GitHub/crossdem/datasets/prime_ministers/monti/csv_out/148719_monti_s2t.csv,1.4326647564469914,0.0,2792
monti,/home/mhetac/Documents/GitHub/crossdem/datasets/prime_ministers/monti/csv_out/150236_monti_s2t.csv,5.2631578947368425,0.0,1710
monti,/home/mhetac/Documents/GitHub/crossdem/datasets/prime_ministers/monti/csv_out/148975_monti_s2t.csv,6.191950464396285,0.0,1292
monti,/home/mhetac/Documents/GitHub/crossdem/datasets/prime_ministers/monti/csv_out/149112_monti_s2t.csv,2.037351443123939,0.0,2945
monti,/home/mhetac/Documents/GitHub/crossdem/datasets/prime_ministers/monti/csv_out/145158_monti_s2t.csv,0.46882325363338023,0.0,2133
monti,/home/mhetac/Documents/GitHub/crossdem/datasets/prime_ministers/monti/csv_out/148870_monti_s2t.csv,0.6906077348066298,0.0,1448
monti,/home/mhetac/Documents/GitHub/crossdem/datasets/prime_ministers/monti/csv_out/145720_monti_s2t.csv,0.352112676056338,0.0,5680
monti,/home/mhetac/Documents/GitHub/crossdem/datasets/prime_ministers/monti/csv_out/144957_monti_s2t.csv,0.0,1000.0,2308
monti,/home/mhetac/Documents/GitHub/crossdem/datasets/prime_ministers/monti/csv_out/141059_monti_s2t.csv,0.0,0.0,2058
monti,/home/mhetac/Documents/GitHub/crossdem/datasets/prime_ministers/monti/csv_out/162363_monti_s2t.csv,1.544998068752414,0.0,5178
monti,/home/mhetac/Documents/GitHub/crossdem/datasets/prime_ministers/monti/csv_out/142806_monti_s2t.csv,0.30469226081657524,0.0,3282
monti,/home/mhetac/Documents/GitHub/crossdem/datasets/prime_ministers/monti/csv_out/142174_monti_s2t.csv,0.0,0.0,2897
monti,/home/mhetac/Documents/GitHub/crossdem/datasets/prime_ministers/monti/csv_out/140193_monti_s2t.csv,0.0,0.0,2051
monti,/home/mhetac/Documents/GitHub/crossdem/datasets/prime_ministers/monti/csv_out/138820_monti_s2t.csv,0.0,0.0,4649
monti,/home/mhetac/Documents/GitHub/crossdem/datasets/prime_ministers/monti/csv_out/135927_monti_s2t.csv,0.5252100840336135,0.0,1904
monti,/home/mhetac/Documents/GitHub/crossdem/datasets/prime_ministers/monti/csv_out/129376_monti_s2t.csv,0.7173601147776184,0.0,2788
monti,/home/mhetac/Documents/GitHub/crossdem/datasets/prime_ministers/monti/csv_out/134970_monti_s2t.csv,0.0,0.0,938
monti,/home/mhetac/Documents/GitHub/crossdem/datasets/prime_ministers/monti/csv_out/137127_monti_s2t.csv,0.23304591004427871,0.0,4291
monti,/home/mhetac/Documents/GitHub/crossdem/datasets/prime_ministers/monti/csv_out/134307_monti_s2t.csv,0.8695652173913043,0.0,2300
monti,/home/mhetac/Documents/GitHub/crossdem/datasets/prime_ministers/monti/csv_out/122776_monti_s2t.csv,0.3198976327575176,0.0,3126
monti,/home/mhetac/Documents/GitHub/crossdem/datasets/prime_ministers/monti/csv_out/130772_monti_s2t.csv,0.0,0.0,3422
monti,/home/mhetac/Documents/GitHub/crossdem/datasets/prime_ministers/monti/csv_out/120645_monti_s2t.csv,0.0,0.0,2344
monti,/home/mhetac/Documents/GitHub/crossdem/datasets/prime_ministers/monti/csv_out/129515_monti_s2t.csv,0.0,0.0,2753
monti,/home/mhetac/Documents/GitHub/crossdem/datasets/prime_ministers/monti/csv_out/115910_monti_s2t.csv,0.286286859433152,0.0,3493
monti,/home/mhetac/Documents/GitHub/crossdem/datasets/prime_ministers/monti/csv_out/114887_monti_s2t.csv,0.576036866359447,0.0,3472
monti,/home/mhetac/Documents/GitHub/crossdem/datasets/prime_ministers/monti/csv_out/113504_monti_s2t.csv,0.29931158335827596,0.0,3341
monti,/home/mhetac/Documents/GitHub/crossdem/datasets/prime_ministers/monti/csv_out/113506_monti_s2t.csv,1.2836970474967908,0.0,3116
monti,/home/mhetac/Documents/GitHub/crossdem/datasets/prime_ministers/monti/csv_out/124925_monti_s2t.csv,0.0,0.0,2788
monti,/home/mhetac/Documents/GitHub/crossdem/datasets/prime_ministers/monti/csv_out/124911_monti_s2t.csv,0.0,0.0,3696
monti,/home/mhetac/Documents/GitHub/crossdem/datasets/prime_ministers/monti/csv_out/149900_monti_s2t.csv,1.4563106796116505,0.0,2060
monti,/home/mhetac/Documents/GitHub/crossdem/datasets/prime_ministers/monti/csv_out/124455_monti_s2t.csv,2.535657686212361,0.0,3155
monti,/home/mhetac/Documents/GitHub/crossdem/datasets/prime_ministers/monti/csv_out/124351_monti_s2t.csv,0.9342883836810962,0.0,3211
monti,/home/mhetac/Documents/GitHub/crossdem/datasets/prime_ministers/monti/csv_out/124144_monti_s2t.csv,0.8576329331046312,0.0,1166
monti,/home/mhetac/Documents/GitHub/crossdem/datasets/prime_ministers/monti/csv_out/110255_monti_s2t.csv,0.0,0.0,1661
monti,/home/mhetac/Documents/GitHub/crossdem/datasets/prime_ministers/monti/csv_out/111426_monti_s2t.csv,1.5797788309636651,0.0,2532
monti,/home/mhetac/Documents/GitHub/crossdem/datasets/prime_ministers/monti/csv_out/110175_monti_s2t.csv,1.6051364365971108,0.0,2492
monti,/home/mhetac/Documents/GitHub/crossdem/datasets/prime_ministers/monti/csv_out/109148_monti_s2t.csv,0.5830903790087464,0.0,1715
monti,/home/mhetac/Documents/GitHub/crossdem/datasets/prime_ministers/monti/csv_out/123957_monti_s2t.csv,3.8977912516240796,0.0,2309
monti,/home/mhetac/Documents/GitHub/crossdem/datasets/prime_ministers/monti/csv_out/115620_monti_s2t.csv,0.9242144177449169,0.0,1082
monti,/home/mhetac/Documents/GitHub/crossdem/datasets/prime_ministers/monti/csv_out/110197_monti_s2t.csv,0.0,0.0,320
monti,/home/mhetac/Documents/GitHub/crossdem/datasets/prime_ministers/monti/csv_out/107346_monti_s2t.csv,2.883506343713956,0.0,1734
monti,/home/mhetac/Documents/GitHub/crossdem/datasets/prime_ministers/monti/csv_out/106571_monti_s2t.csv,0.5030181086519114,0.0,1988
monti,/home/mhetac/Documents/GitHub/crossdem/datasets/prime_ministers/monti/csv_out/110749_monti_s2t.csv,3.0820958251611095,0.0,3569
monti,/home/mhetac/Documents/GitHub/crossdem/datasets/prime_ministers/monti/csv_out/105944_monti_s2t.csv,2.581553625909411,0.0,4261
monti,/home/mhetac/Documents/GitHub/crossdem/datasets/prime_ministers/monti/csv_out/103505_monti_s2t.csv,1.5037593984962405,0.0,3325
monti,/home/mhetac/Documents/GitHub/crossdem/datasets/prime_ministers/monti/csv_out/104085_monti_s2t.csv,0.458295142071494,0.0,2182
monti,/home/mhetac/Documents/GitHub/crossdem/datasets/prime_ministers/monti/csv_out/104727_monti_s2t.csv,0.6211180124223602,0.0,3220
monti,/home/mhetac/Documents/GitHub/crossdem/datasets/prime_ministers/monti/csv_out/102121_monti_s2t.csv,0.0,0.0,1203
monti,/home/mhetac/Documents/GitHub/crossdem/datasets/prime_ministers/monti/csv_out/101158_monti_s2t.csv,0.45310376076121434,0.0,2207
monti,/home/mhetac/Documents/GitHub/crossdem/datasets/prime_ministers/monti/csv_out/100961_monti_s2t.csv,0.4340277777777778,0.0,2304
monti,/home/mhetac/Documents/GitHub/crossdem/datasets/prime_ministers/monti/csv_out/103946_monti_s2t.csv,0.0,0.0,429
monti,/home/mhetac/Documents/GitHub/crossdem/datasets/prime_ministers/monti/csv_out/102461_monti_s2t.csv,0.5341880341880342,0.0,1872
monti,/home/mhetac/Documents/GitHub/crossdem/datasets/prime_ministers/monti/csv_out/103945_monti_s2t.csv,0.40966816878328555,0.0,2441
monti,/home/mhetac/Documents/GitHub/crossdem/datasets/prime_ministers/monti/csv_out/101554_monti_s2t.csv,0.8628127696289906,0.0,2318
monti,/home/mhetac/Documents/GitHub/crossdem/datasets/prime_ministers/monti/csv_out/97495_monti_s2t.csv,1.6286644951140066,0.0,2456
monti,/home/mhetac/Documents/GitHub/crossdem/datasets/prime_ministers/monti/csv_out/99526_monti_s2t.csv,0.0,0.0,1718
monti,/home/mhetac/Documents/GitHub/crossdem/datasets/prime_ministers/monti/csv_out/102865_monti_s2t.csv,3.8797284190106693,0.0,2062
monti,/home/mhetac/Documents/GitHub/crossdem/datasets/prime_ministers/monti/csv_out/95918_monti_s2t.csv,0.34118048447628796,0.0,2931
monti,/home/mhetac/Documents/GitHub/crossdem/datasets/prime_ministers/monti/csv_out/94845_monti_s2t.csv,1.3043478260869565,0.0,2300
monti,/home/mhetac/Documents/GitHub/crossdem/datasets/prime_ministers/monti/csv_out/94844_monti_s2t.csv,0.3993610223642173,0.0,2504
monti,/home/mhetac/Documents/GitHub/crossdem/datasets/prime_ministers/monti/csv_out/97151_monti_s2t.csv,1.5151515151515151,0.0,1320
monti,/home/mhetac/Documents/GitHub/crossdem/datasets/prime_ministers/monti/csv_out/97149_monti_s2t.csv,0.7530120481927711,0.0,1328
monti,/home/mhetac/Documents/GitHub/crossdem/datasets/prime_ministers/monti/csv_out/90525_monti_s2t.csv,0.4723665564478035,0.0,2117
monti,/home/mhetac/Documents/GitHub/crossdem/datasets/prime_ministers/monti/csv_out/89013_monti_s2t.csv,0.23883448770002388,0.0,4187
monti,/home/mhetac/Documents/GitHub/crossdem/datasets/prime_ministers/monti/csv_out/96111_monti_s2t.csv,0.0,0.0,3061
monti,/home/mhetac/Documents/GitHub/crossdem/datasets/prime_ministers/monti/csv_out/90220_monti_s2t.csv,0.4721435316336166,0.0,2118
monti,/home/mhetac/Documents/GitHub/crossdem/datasets/prime_ministers/monti/csv_out/89933_monti_s2t.csv,1.394700139470014,0.0,3585
monti,/home/mhetac/Documents/GitHub/crossdem/datasets/prime_ministers/monti/csv_out/95893_monti_s2t.csv,1.3404825737265416,0.0,1492
monti,/home/mhetac/Documents/GitHub/crossdem/datasets/prime_ministers/monti/csv_out/90949_monti_s2t.csv,0.0,0.0,2473
monti,/home/mhetac/Documents/GitHub/crossdem/datasets/prime_ministers/monti/csv_out/87982_monti_s2t.csv,0.0,0.0,2366
monti,/home/mhetac/Documents/GitHub/crossdem/datasets/prime_ministers/monti/csv_out/88534_monti_s2t.csv,0.5414185165132648,0.0,1847
monti,/home/mhetac/Documents/GitHub/crossdem/datasets/prime_ministers/monti/csv_out/88242_monti_s2t.csv,0.23923444976076555,0.0,4180
monti,/home/mhetac/Documents/GitHub/crossdem/datasets/prime_ministers/monti/csv_out/85031_monti_s2t.csv,7.360157016683022,0.0,2038
monti,/home/mhetac/Documents/GitHub/crossdem/datasets/prime_ministers/monti/csv_out/85200_monti_s2t.csv,1.001669449081803,0.0,2995
monti,/home/mhetac/Documents/GitHub/crossdem/datasets/prime_ministers/monti/csv_out/84338_monti_s2t.csv,3.6617842876165114,0.0,3004
monti,/home/mhetac/Documents/GitHub/crossdem/datasets/prime_ministers/monti/csv_out/83533_monti_s2t.csv,1.1862396204033214,0.0,1686
monti,/home/mhetac/Documents/GitHub/crossdem/datasets/prime_ministers/monti/csv_out/81960_monti_s2t.csv,0.0,0.0,604
monti,/home/mhetac/Documents/GitHub/crossdem/datasets/prime_ministers/monti/csv_out/81931_monti_s2t.csv,0.933997509339975,0.0,3212
monti,/home/mhetac/Documents/GitHub/crossdem/datasets/prime_ministers/monti/csv_out/81929_monti_s2t.csv,0.0,0.0,1458
monti,/home/mhetac/Documents/GitHub/crossdem/datasets/prime_ministers/monti/csv_out/78279_monti_s2t.csv,0.19171779141104295,0.0,5216
monti,/home/mhetac/Documents/GitHub/crossdem/datasets/prime_ministers/monti/csv_out/78300_monti_s2t.csv,1.0570824524312896,0.0,3784
monti,/home/mhetac/Documents/GitHub/crossdem/datasets/prime_ministers/monti/csv_out/74065_monti_s2t.csv,1.784121320249777,0.0,1121
monti,/home/mhetac/Documents/GitHub/crossdem/datasets/prime_ministers/monti/csv_out/64523_monti_s2t.csv,0.6896551724137931,0.0,1450
monti,/home/mhetac/Documents/GitHub/crossdem/datasets/prime_ministers/monti/csv_out/62103_monti_s2t.csv,0.9950248756218906,0.0,4020
monti,/home/mhetac/Documents/GitHub/crossdem/datasets/prime_ministers/monti/csv_out/61482_monti_s2t.csv,1.4970059880239521,0.0,4676
monti,/home/mhetac/Documents/GitHub/crossdem/datasets/prime_ministers/monti/csv_out/55248_monti_s2t.csv,1.0683760683760684,0.0,1872
monti,/home/mhetac/Documents/GitHub/crossdem/datasets/prime_ministers/monti/csv_out/52665_monti_s2t.csv,0.0,0.0,1940
monti,/home/mhetac/Documents/GitHub/crossdem/datasets/prime_ministers/monti/csv_out/55601_monti_s2t.csv,3.0084235860409145,0.0,1662
monti,/home/mhetac/Documents/GitHub/crossdem/datasets/prime_ministers/monti/csv_out/44859_monti_s2t.csv,0.4466279589102278,0.0,2239
monti,/home/mhetac/Documents/GitHub/crossdem/datasets/prime_ministers/monti/csv_out/43028_monti_s2t.csv,1.7953321364452424,0.0,557
monti,/home/mhetac/Documents/GitHub/crossdem/datasets/prime_ministers/monti/csv_out/43495_monti_s2t.csv,0.0,0.0,2342
monti,/home/mhetac/Documents/GitHub/crossdem/datasets/prime_ministers/monti/csv_out/46818_monti_s2t.csv,1.7781729273171816,0.0,4499
monti,/home/mhetac/Documents/GitHub/crossdem/datasets/prime_ministers/monti/csv_out/144462_monti_s2t.csv,2.088409328228333,0.0,5746
monti,/home/mhetac/Documents/GitHub/crossdem/datasets/prime_ministers/monti/csv_out/407690_monti_s2t.csv,0.0,0.0,261
monti,/home/mhetac/Documents/GitHub/crossdem/datasets/prime_ministers/monti/csv_out/390430_monti_s2t.csv,0.0,0.0,122
monti,/home/mhetac/Documents/GitHub/crossdem/datasets/prime_ministers/monti/csv_out/388785_monti_s2t.csv,0.984251968503937,0.0,1016
monti,/home/mhetac/Documents/GitHub/crossdem/datasets/prime_ministers/monti/csv_out/378720_monti_s2t.csv,0.0,0.0,445
monti,/home/mhetac/Documents/GitHub/crossdem/datasets/prime_ministers/monti/csv_out/378432_monti_s2t.csv,2.785515320334262,0.0,359
monti,/home/mhetac/Documents/GitHub/crossdem/datasets/prime_ministers/monti/csv_out/375167_monti_s2t.csv,2.0964360587002098,0.0,477
monti,/home/mhetac/Documents/GitHub/crossdem/datasets/prime_ministers/monti/csv_out/353932_monti_s2t.csv,2.3094688221709005,0.0,433
monti,/home/mhetac/Documents/GitHub/crossdem/datasets/prime_ministers/monti/csv_out/353295_monti_s2t.csv,0.0,0.0,279
monti,/home/mhetac/Documents/GitHub/crossdem/datasets/prime_ministers/monti/csv_out/351431_monti_s2t.csv,0.0,0.0,406
monti,/home/mhetac/Documents/GitHub/crossdem/datasets/prime_ministers/monti/csv_out/347283_monti_s2t.csv,3.1055900621118013,0.0,322
monti,/home/mhetac/Documents/GitHub/crossdem/datasets/prime_ministers/monti/csv_out/303946_monti_s2t.csv,13.68421052631579,0.0,950
monti,/home/mhetac/Documents/GitHub/crossdem/datasets/prime_ministers/monti/csv_out/156374_monti_s2t.csv,1.2025800809008418,0.0,9147
monti,/home/mhetac/Documents/GitHub/crossdem/datasets/prime_ministers/monti/csv_out/150625_monti_s2t.csv,0.3604902667627974,0.0,2774
monti,/home/mhetac/Documents/GitHub/crossdem/datasets/prime_ministers/monti/csv_out/130366_monti_s2t.csv,0.0,0.0,617
monti,/home/mhetac/Documents/GitHub/crossdem/datasets/prime_ministers/monti/csv_out/112271_monti_s2t.csv,6.012024048096192,0.0,499
monti,/home/mhetac/Documents/GitHub/crossdem/datasets/prime_ministers/monti/csv_out/92487_monti_s2t.csv,1.0080645161290323,0.0,992
monti,/home/mhetac/Documents/GitHub/crossdem/datasets/prime_ministers/monti/csv_out/78451_monti_s2t.csv,2.7124773960216997,0.0,1106
monti,/home/mhetac/Documents/GitHub/crossdem/datasets/prime_ministers/monti/csv_out/373669_monti_s2t.csv,2.3826979472140764,45.45454545454545,5456
monti,/home/mhetac/Documents/GitHub/crossdem/datasets/prime_ministers/monti/csv_out/372723_monti_s2t.csv,2.891566265060241,14.084507042253522,4150
monti,/home/mhetac/Documents/GitHub/crossdem/datasets/prime_ministers/monti/csv_out/371677_monti_s2t.csv,3.0211480362537766,0.0,3310
monti,/home/mhetac/Documents/GitHub/crossdem/datasets/prime_ministers/monti/csv_out/265778_monti_s2t.csv,3.2722513089005236,0.0,1528
monti,/home/mhetac/Documents/GitHub/crossdem/datasets/prime_ministers/monti/csv_out/248932_monti_s2t.csv,0.0,0.0,1898
monti,/home/mhetac/Documents/GitHub/crossdem/datasets/prime_ministers/monti/csv_out/224703_monti_s2t.csv,1.124859392575928,0.0,889
monti,/home/mhetac/Documents/GitHub/crossdem/datasets/prime_ministers/monti/csv_out/47176_monti_s2t.csv,0.0,0.0,2413
monti,/home/mhetac/Documents/GitHub/crossdem/datasets/prime_ministers/monti/csv_out/489797_monti_s2t.csv,0.34818941504178275,0.0,2872
monti,/home/mhetac/Documents/GitHub/crossdem/datasets/prime_ministers/monti/csv_out/410975_monti_s2t.csv,4.391100702576113,0.0,3416
monti,/home/mhetac/Documents/GitHub/crossdem/datasets/prime_ministers/monti/csv_out/224746_monti_s2t.csv,0.5711022272986864,0.0,1751
monti,/home/mhetac/Documents/GitHub/crossdem/datasets/prime_ministers/monti/csv_out/223423_monti_s2t.csv,0.4319654427645788,0.0,2315
monti,/home/mhetac/Documents/GitHub/crossdem/datasets/prime_ministers/monti/csv_out/214165_monti_s2t.csv,0.8163265306122449,0.0,4900
monti,/home/mhetac/Documents/GitHub/crossdem/datasets/prime_ministers/monti/csv_out/159582_monti_s2t.csv,0.0,0.0,3181
monti,/home/mhetac/Documents/GitHub/crossdem/datasets/prime_ministers/monti/csv_out/158388_monti_s2t.csv,0.44130626654898497,0.0,2266
monti,/home/mhetac/Documents/GitHub/crossdem/datasets/prime_ministers/monti/csv_out/153913_monti_s2t.csv,0.6597097277198033,0.0,16674
monti,/home/mhetac/Documents/GitHub/crossdem/datasets/prime_ministers/monti/csv_out/156548_monti_s2t.csv,0.9943652635067949,0.0,3017
monti,/home/mhetac/Documents/GitHub/crossdem/datasets/prime_ministers/monti/csv_out/155249_monti_s2t.csv,0.0,0.0,1525
monti,/home/mhetac/Documents/GitHub/crossdem/datasets/prime_ministers/monti/csv_out/134631_monti_s2t.csv,0.3707823507601038,0.0,2697
monti,/home/mhetac/Documents/GitHub/crossdem/datasets/prime_ministers/monti/csv_out/124604_monti_s2t.csv,0.6926406926406926,0.0,5775
monti,/home/mhetac/Documents/GitHub/crossdem/datasets/prime_ministers/monti/csv_out/128964_monti_s2t.csv,0.5856515373352855,0.0,3415
monti,/home/mhetac/Documents/GitHub/crossdem/datasets/prime_ministers/monti/csv_out/109517_monti_s2t.csv,2.4906600249066004,0.0,5621
monti,/home/mhetac/Documents/GitHub/crossdem/datasets/prime_ministers/monti/csv_out/115510_monti_s2t.csv,1.0052777079668258,0.0,7958
monti,/home/mhetac/Documents/GitHub/crossdem/datasets/prime_ministers/monti/csv_out/110748_monti_s2t.csv,6.422018348623853,0.0,1090
monti,/home/mhetac/Documents/GitHub/crossdem/datasets/prime_ministers/monti/csv_out/105957_monti_s2t.csv,0.7757951900698216,0.0,1289
monti,/home/mhetac/Documents/GitHub/crossdem/datasets/prime_ministers/monti/csv_out/103869_monti_s2t.csv,1.5394088669950738,0.0,3248
monti,/home/mhetac/Documents/GitHub/crossdem/datasets/prime_ministers/monti/csv_out/101913_monti_s2t.csv,0.0,0.0,2365
monti,/home/mhetac/Documents/GitHub/crossdem/datasets/prime_ministers/monti/csv_out/101335_monti_s2t.csv,0.0,0.0,2517
monti,/home/mhetac/Documents/GitHub/crossdem/datasets/prime_ministers/monti/csv_out/101864_monti_s2t.csv,1.979218208807521,0.0,2021
monti,/home/mhetac/Documents/GitHub/crossdem/datasets/prime_ministers/monti/csv_out/97105_monti_s2t.csv,0.606501698204755,0.0,8244
monti,/home/mhetac/Documents/GitHub/crossdem/datasets/prime_ministers/monti/csv_out/94820_monti_s2t.csv,0.46678076863233237,0.0,6427
monti,/home/mhetac/Documents/GitHub/crossdem/datasets/prime_ministers/monti/csv_out/88293_monti_s2t.csv,0.8333333333333334,0.0,6000
monti,/home/mhetac/Documents/GitHub/crossdem/datasets/prime_ministers/monti/csv_out/88552_monti_s2t.csv,1.7452006980802792,0.0,2292
monti,/home/mhetac/Documents/GitHub/crossdem/datasets/prime_ministers/monti/csv_out/81400_monti_s2t.csv,0.28776978417266186,0.0,3475
monti,/home/mhetac/Documents/GitHub/crossdem/datasets/prime_ministers/monti/csv_out/85370_monti_s2t.csv,1.2254901960784315,0.0,816
monti,/home/mhetac/Documents/GitHub/crossdem/datasets/prime_ministers/monti/csv_out/77577_monti_s2t.csv,0.0,0.0,1761
monti,/home/mhetac/Documents/GitHub/crossdem/datasets/prime_ministers/monti/csv_out/73384_monti_s2t.csv,0.0,0.0,366
monti,/home/mhetac/Documents/GitHub/crossdem/datasets/prime_ministers/monti/csv_out/71342_monti_s2t.csv,0.0,0.0,2774
monti,/home/mhetac/Documents/GitHub/crossdem/datasets/prime_ministers/monti/csv_out/66626_monti_s2t.csv,0.0,0.0,2092
monti,/home/mhetac/Documents/GitHub/crossdem/datasets/prime_ministers/monti/csv_out/55600_monti_s2t.csv,0.3966679888932963,0.0,2521
monti,/home/mhetac/Documents/GitHub/crossdem/datasets/prime_ministers/monti/csv_out/45974_monti_s2t.csv,0.0,0.0,2140
monti,/home/mhetac/Documents/GitHub/crossdem/datasets/prime_ministers/monti/csv_out/113987_monti_s2t.csv,1.4641288433382138,0.0,2049
letta,/home/mhetac/Documents/GitHub/crossdem/datasets/prime_ministers/letta/csv_out/653586_letta_s2t.csv,2.2194039315155356,0.0,3154
letta,/home/mhetac/Documents/GitHub/crossdem/datasets/prime_ministers/letta/csv_out/521525_letta_s2t.csv,0.5089058524173028,0.0,1965
letta,/home/mhetac/Documents/GitHub/crossdem/datasets/prime_ministers/letta/csv_out/513903_letta_s2t.csv,1.6981772897090457,0.0,8833
letta,/home/mhetac/Documents/GitHub/crossdem/datasets/prime_ministers/letta/csv_out/508245_letta_s2t.csv,0.0,0.0,336
letta,/home/mhetac/Documents/GitHub/crossdem/datasets/prime_ministers/letta/csv_out/503111_letta_s2t.csv,1.1127596439169138,0.0,2696
letta,/home/mhetac/Documents/GitHub/crossdem/datasets/prime_ministers/letta/csv_out/495136_letta_s2t.csv,3.6127935394750823,0.0,9411
letta,/home/mhetac/Documents/GitHub/crossdem/datasets/prime_ministers/letta/csv_out/474399_letta_s2t.csv,0.3277613897082924,0.0,3051
letta,/home/mhetac/Documents/GitHub/crossdem/datasets/prime_ministers/letta/csv_out/461986_letta_s2t.csv,5.61710095178655,0.0,6409
letta,/home/mhetac/Documents/GitHub/crossdem/datasets/prime_ministers/letta/csv_out/444779_letta_s2t.csv,2.596314907872697,5.434782608695652,11940
letta,/home/mhetac/Documents/GitHub/crossdem/datasets/prime_ministers/letta/csv_out/435144_letta_s2t.csv,3.819397080889374,0.0,7331
letta,/home/mhetac/Documents/GitHub/crossdem/datasets/prime_ministers/letta/csv_out/431166_letta_s2t.csv,1.447178002894356,0.0,3455
letta,/home/mhetac/Documents/GitHub/crossdem/datasets/prime_ministers/letta/csv_out/427333_letta_s2t.csv,1.5182186234817814,0.0,3952
letta,/home/mhetac/Documents/GitHub/crossdem/datasets/prime_ministers/letta/csv_out/420005_letta_s2t.csv,0.6257822277847309,0.0,3196
letta,/home/mhetac/Documents/GitHub/crossdem/datasets/prime_ministers/letta/csv_out/413100_letta_s2t.csv,0.0,0.0,2457
letta,/home/mhetac/Documents/GitHub/crossdem/datasets/prime_ministers/letta/csv_out/408533_letta_s2t.csv,3.7212109021422104,25.641025641025642,9943
letta,/home/mhetac/Documents/GitHub/crossdem/datasets/prime_ministers/letta/csv_out/396753_letta_s2t.csv,0.9364757296706727,0.0,6407
letta,/home/mhetac/Documents/GitHub/crossdem/datasets/prime_ministers/letta/csv_out/393682_letta_s2t.csv,0.8508224617129893,0.0,3526
letta,/home/mhetac/Documents/GitHub/crossdem/datasets/prime_ministers/letta/csv_out/392443_letta_s2t.csv,10.432190760059612,0.0,671
letta,/home/mhetac/Documents/GitHub/crossdem/datasets/prime_ministers/letta/csv_out/380050_letta_s2t.csv,1.2292562999385372,0.0,3254
letta,/home/mhetac/Documents/GitHub/crossdem/datasets/prime_ministers/letta/csv_out/380151_letta_s2t.csv,0.0,0.0,820
letta,/home/mhetac/Documents/GitHub/crossdem/datasets/prime_ministers/letta/csv_out/379361_letta_s2t.csv,5.39568345323741,0.0,1668
letta,/home/mhetac/Documents/GitHub/crossdem/datasets/prime_ministers/letta/csv_out/361419_letta_s2t.csv,1.2746972594008923,0.0,6276
letta,/home/mhetac/Documents/GitHub/crossdem/datasets/prime_ministers/letta/csv_out/356595_letta_s2t.csv,2.198492462311558,0.0,3184
letta,/home/mhetac/Documents/GitHub/crossdem/datasets/prime_ministers/letta/csv_out/356170_letta_s2t.csv,7.898894154818326,0.0,1266
letta,/home/mhetac/Documents/GitHub/crossdem/datasets/prime_ministers/letta/csv_out/345783_letta_s2t.csv,3.1520882584712373,0.0,2538
letta,/home/mhetac/Documents/GitHub/crossdem/datasets/prime_ministers/letta/csv_out/345648_letta_s2t.csv,4.940424295263005,0.0,3441
letta,/home/mhetac/Documents/GitHub/crossdem/datasets/prime_ministers/letta/csv_out/337332_letta_s2t.csv,2.2789425706472195,0.0,2194
letta,/home/mhetac/Documents/GitHub/crossdem/datasets/prime_ministers/letta/csv_out/337250_letta_s2t.csv,1.5271838729383018,25.0,3274
letta,/home/mhetac/Documents/GitHub/crossdem/datasets/prime_ministers/letta/csv_out/334727_letta_s2t.csv,2.7636054421768708,0.0,4704
letta,/home/mhetac/Documents/GitHub/crossdem/datasets/prime_ministers/letta/csv_out/331485_letta_s2t.csv,0.0,0.0,1249
letta,/home/mhetac/Documents/GitHub/crossdem/datasets/prime_ministers/letta/csv_out/330262_letta_s2t.csv,1.048584411045089,0.0,2861
letta,/home/mhetac/Documents/GitHub/crossdem/datasets/prime_ministers/letta/csv_out/329955_letta_s2t.csv,2.063983488132095,0.0,1938
letta,/home/mhetac/Documents/GitHub/crossdem/datasets/prime_ministers/letta/csv_out/324024_letta_s2t.csv,1.5267175572519085,13.513513513513514,6550
letta,/home/mhetac/Documents/GitHub/crossdem/datasets/prime_ministers/letta/csv_out/320567_letta_s2t.csv,0.9135200974421437,0.0,3284
letta,/home/mhetac/Documents/GitHub/crossdem/datasets/prime_ministers/letta/csv_out/319099_letta_s2t.csv,3.031451307313376,1000.0,2639
letta,/home/mhetac/Documents/GitHub/crossdem/datasets/prime_ministers/letta/csv_out/316287_letta_s2t.csv,5.597014925373134,0.0,1072
letta,/home/mhetac/Documents/GitHub/crossdem/datasets/prime_ministers/letta/csv_out/316213_letta_s2t.csv,6.022845275181724,0.0,4815
letta,/home/mhetac/Documents/GitHub/crossdem/datasets/prime_ministers/letta/csv_out/314059_letta_s2t.csv,1.2345679012345678,0.0,2430
letta,/home/mhetac/Documents/GitHub/crossdem/datasets/prime_ministers/letta/csv_out/313199_letta_s2t.csv,2.6785714285714284,0.0,2240
letta,/home/mhetac/Documents/GitHub/crossdem/datasets/prime_ministers/letta/csv_out/311205_letta_s2t.csv,0.940733772342427,0.0,2126
letta,/home/mhetac/Documents/GitHub/crossdem/datasets/prime_ministers/letta/csv_out/310471_letta_s2t.csv,0.0,0.0,247
letta,/home/mhetac/Documents/GitHub/crossdem/datasets/prime_ministers/letta/csv_out/303184_letta_s2t.csv,3.3222591362126246,0.0,1505
letta,/home/mhetac/Documents/GitHub/crossdem/datasets/prime_ministers/letta/csv_out/302462_letta_s2t.csv,1.7431725740848345,0.0,3442
letta,/home/mhetac/Documents/GitHub/crossdem/datasets/prime_ministers/letta/csv_out/293266_letta_s2t.csv,6.178707224334601,0.0,2104
letta,/home/mhetac/Documents/GitHub/crossdem/datasets/prime_ministers/letta/csv_out/288514_letta_s2t.csv,6.243996157540826,0.0,2082
letta,/home/mhetac/Documents/GitHub/crossdem/datasets/prime_ministers/letta/csv_out/284585_letta_s2t.csv,0.0,0.0,1525
letta,/home/mhetac/Documents/GitHub/crossdem/datasets/prime_ministers/letta/csv_out/283557_letta_s2t.csv,6.264682850430697,0.0,2554
letta,/home/mhetac/Documents/GitHub/crossdem/datasets/prime_ministers/letta/csv_out/283095_letta_s2t.csv,3.908431044109436,0.0,3582
letta,/home/mhetac/Documents/GitHub/crossdem/datasets/prime_ministers/letta/csv_out/282435_letta_s2t.csv,3.6231884057971016,0.0,1104
letta,/home/mhetac/Documents/GitHub/crossdem/datasets/prime_ministers/letta/csv_out/279071_letta_s2t.csv,5.644811115935736,0.0,2303
letta,/home/mhetac/Documents/GitHub/crossdem/datasets/prime_ministers/letta/csv_out/278324_letta_s2t.csv,11.262318160488034,0.0,2131
letta,/home/mhetac/Documents/GitHub/crossdem/datasets/prime_ministers/letta/csv_out/276951_letta_s2t.csv,2.840909090909091,0.0,3168
letta,/home/mhetac/Documents/GitHub/crossdem/datasets/prime_ministers/letta/csv_out/276594_letta_s2t.csv,7.596067917783736,0.0,2238
letta,/home/mhetac/Documents/GitHub/crossdem/datasets/prime_ministers/letta/csv_out/276113_letta_s2t.csv,10.033444816053512,0.0,2093
letta,/home/mhetac/Documents/GitHub/crossdem/datasets/prime_ministers/letta/csv_out/275680_letta_s2t.csv,5.405405405405405,0.0,1110
letta,/home/mhetac/Documents/GitHub/crossdem/datasets/prime_ministers/letta/csv_out/275311_letta_s2t.csv,5.133747635774115,0.0,3701
letta,/home/mhetac/Documents/GitHub/crossdem/datasets/prime_ministers/letta/csv_out/275112_letta_s2t.csv,1.358695652173913,0.0,2944
letta,/home/mhetac/Documents/GitHub/crossdem/datasets/prime_ministers/letta/csv_out/274812_letta_s2t.csv,1.1330160888284613,0.0,4413
letta,/home/mhetac/Documents/GitHub/crossdem/datasets/prime_ministers/letta/csv_out/274280_letta_s2t.csv,6.569343065693431,0.0,2740
letta,/home/mhetac/Documents/GitHub/crossdem/datasets/prime_ministers/letta/csv_out/273234_letta_s2t.csv,8.677438659485338,0.0,3342
letta,/home/mhetac/Documents/GitHub/crossdem/datasets/prime_ministers/letta/csv_out/273062_letta_s2t.csv,2.995506739890165,0.0,2003
letta,/home/mhetac/Documents/GitHub/crossdem/datasets/prime_ministers/letta/csv_out/272644_letta_s2t.csv,8.440366972477063,0.0,2725
letta,/home/mhetac/Documents/GitHub/crossdem/datasets/prime_ministers/letta/csv_out/270565_letta_s2t.csv,6.807682956479455,0.0,4113
letta,/home/mhetac/Documents/GitHub/crossdem/datasets/prime_ministers/letta/csv_out/265507_letta_s2t.csv,13.343799058084773,0.0,2548
letta,/home/mhetac/Documents/GitHub/crossdem/datasets/prime_ministers/letta/csv_out/264586_letta_s2t.csv,2.1881838074398248,0.0,1371
letta,/home/mhetac/Documents/GitHub/crossdem/datasets/prime_ministers/letta/csv_out/263523_letta_s2t.csv,2.008704385671242,0.0,2987
letta,/home/mhetac/Documents/GitHub/crossdem/datasets/prime_ministers/letta/csv_out/263003_letta_s2t.csv,4.178272980501393,0.0,2154
letta,/home/mhetac/Documents/GitHub/crossdem/datasets/prime_ministers/letta/csv_out/262518_letta_s2t.csv,6.940736785904965,0.0,1873
letta,/home/mhetac/Documents/GitHub/crossdem/datasets/prime_ministers/letta/csv_out/261448_letta_s2t.csv,1.2468827930174564,0.0,1604
letta,/home/mhetac/Documents/GitHub/crossdem/datasets/prime_ministers/letta/csv_out/261229_letta_s2t.csv,0.8923591745677635,0.0,8965
letta,/home/mhetac/Documents/GitHub/crossdem/datasets/prime_ministers/letta/csv_out/258346_letta_s2t.csv,0.0,0.0,1556
letta,/home/mhetac/Documents/GitHub/crossdem/datasets/prime_ministers/letta/csv_out/257284_letta_s2t.csv,10.960334029227557,0.0,1916
letta,/home/mhetac/Documents/GitHub/crossdem/datasets/prime_ministers/letta/csv_out/256917_letta_s2t.csv,5.477308294209703,0.0,2556
letta,/home/mhetac/Documents/GitHub/crossdem/datasets/prime_ministers/letta/csv_out/255774_letta_s2t.csv,0.4633920296570899,0.0,2158
letta,/home/mhetac/Documents/GitHub/crossdem/datasets/prime_ministers/letta/csv_out/255569_letta_s2t.csv,0.5574136008918618,0.0,1794
letta,/home/mhetac/Documents/GitHub/crossdem/datasets/prime_ministers/letta/csv_out/250436_letta_s2t.csv,0.0,0.0,1952
letta,/home/mhetac/Documents/GitHub/crossdem/datasets/prime_ministers/letta/csv_out/247477_letta_s2t.csv,2.079002079002079,0.0,1443
letta,/home/mhetac/Documents/GitHub/crossdem/datasets/prime_ministers/letta/csv_out/242994_letta_s2t.csv,0.0,0.0,2306
letta,/home/mhetac/Documents/GitHub/crossdem/datasets/prime_ministers/letta/csv_out/240937_letta_s2t.csv,0.7472724555372889,0.0,6691
letta,/home/mhetac/Documents/GitHub/crossdem/datasets/prime_ministers/letta/csv_out/240535_letta_s2t.csv,1.214697843911327,0.0,3293
letta,/home/mhetac/Documents/GitHub/crossdem/datasets/prime_ministers/letta/csv_out/238729_letta_s2t.csv,2.183406113537118,0.0,1832
letta,/home/mhetac/Documents/GitHub/crossdem/datasets/prime_ministers/letta/csv_out/236990_letta_s2t.csv,0.29489826010026543,0.0,3391
letta,/home/mhetac/Documents/GitHub/crossdem/datasets/prime_ministers/letta/csv_out/237051_letta_s2t.csv,0.0,14.285714285714286,3568
letta,/home/mhetac/Documents/GitHub/crossdem/datasets/prime_ministers/letta/csv_out/235641_letta_s2t.csv,0.8728542333430317,0.0,3437
letta,/home/mhetac/Documents/GitHub/crossdem/datasets/prime_ministers/letta/csv_out/234986_letta_s2t.csv,0.8775778850372971,0.0,2279
letta,/home/mhetac/Documents/GitHub/crossdem/datasets/prime_ministers/letta/csv_out/234984_letta_s2t.csv,0.0,0.0,664
letta,/home/mhetac/Documents/GitHub/crossdem/datasets/prime_ministers/letta/csv_out/234566_letta_s2t.csv,0.779423226812159,100.0,5132
letta,/home/mhetac/Documents/GitHub/crossdem/datasets/prime_ministers/letta/csv_out/233953_letta_s2t.csv,0.8295313148071339,0.0,2411
letta,/home/mhetac/Documents/GitHub/crossdem/datasets/prime_ministers/letta/csv_out/229615_letta_s2t.csv,0.7441860465116279,0.0,5375
letta,/home/mhetac/Documents/GitHub/crossdem/datasets/prime_ministers/letta/csv_out/228969_letta_s2t.csv,0.0,0.0,3604
letta,/home/mhetac/Documents/GitHub/crossdem/datasets/prime_ministers/letta/csv_out/227245_letta_s2t.csv,0.3178639542275906,0.0,3146
letta,/home/mhetac/Documents/GitHub/crossdem/datasets/prime_ministers/letta/csv_out/225929_letta_s2t.csv,0.0,0.0,2507
letta,/home/mhetac/Documents/GitHub/crossdem/datasets/prime_ministers/letta/csv_out/217730_letta_s2t.csv,2.3222060957910013,0.0,3445
letta,/home/mhetac/Documents/GitHub/crossdem/datasets/prime_ministers/letta/csv_out/216047_letta_s2t.csv,3.508771929824561,0.0,855
letta,/home/mhetac/Documents/GitHub/crossdem/datasets/prime_ministers/letta/csv_out/210693_letta_s2t.csv,0.0,0.0,1215
letta,/home/mhetac/Documents/GitHub/crossdem/datasets/prime_ministers/letta/csv_out/209637_letta_s2t.csv,0.0,0.0,1491
letta,/home/mhetac/Documents/GitHub/crossdem/datasets/prime_ministers/letta/csv_out/209639_letta_s2t.csv,0.0,0.0,1757
letta,/home/mhetac/Documents/GitHub/crossdem/datasets/prime_ministers/letta/csv_out/225667_letta_s2t.csv,1.3440860215053763,0.0,744
letta,/home/mhetac/Documents/GitHub/crossdem/datasets/prime_ministers/letta/csv_out/203094_letta_s2t.csv,0.0,0.0,2113
letta,/home/mhetac/Documents/GitHub/crossdem/datasets/prime_ministers/letta/csv_out/199100_letta_s2t.csv,2.8305701577031943,0.0,2473
letta,/home/mhetac/Documents/GitHub/crossdem/datasets/prime_ministers/letta/csv_out/240028_letta_s2t.csv,1.0934937124111537,0.0,3658
letta,/home/mhetac/Documents/GitHub/crossdem/datasets/prime_ministers/letta/csv_out/254182_letta_s2t.csv,1.7271157167530224,33.333333333333336,4053
letta,/home/mhetac/Documents/GitHub/crossdem/datasets/prime_ministers/letta/csv_out/254205_letta_s2t.csv,0.8576329331046312,25.641025641025642,3498
letta,/home/mhetac/Documents/GitHub/crossdem/datasets/prime_ministers/letta/csv_out/254233_letta_s2t.csv,1.5337423312883436,0.0,2608
letta,/home/mhetac/Documents/GitHub/crossdem/datasets/prime_ministers/letta/csv_out/254319_letta_s2t.csv,0.5518763796909493,0.0,1812
letta,/home/mhetac/Documents/GitHub/crossdem/datasets/prime_ministers/letta/csv_out/251446_letta_s2t.csv,1.1305822498586773,0.0,3538
letta,/home/mhetac/Documents/GitHub/crossdem/datasets/prime_ministers/letta/csv_out/224559_letta_s2t.csv,1.847063169560399,0.0,2707
letta,/home/mhetac/Documents/GitHub/crossdem/datasets/prime_ministers/letta/csv_out/252906_letta_s2t.csv,1.4154281670205238,0.0,2826
letta,/home/mhetac/Documents/GitHub/crossdem/datasets/prime_ministers/letta/csv_out/220654_letta_s2t.csv,0.5509641873278237,0.0,1815
letta,/home/mhetac/Documents/GitHub/crossdem/datasets/prime_ministers/letta/csv_out/222795_letta_s2t.csv,1.1682242990654206,0.0,1712
letta,/home/mhetac/Documents/GitHub/crossdem/datasets/prime_ministers/letta/csv_out/163443_letta_s2t.csv,1.0325245224574084,0.0,1937
letta,/home/mhetac/Documents/GitHub/crossdem/datasets/prime_ministers/letta/csv_out/159854_letta_s2t.csv,0.0,0.0,1783
letta,/home/mhetac/Documents/GitHub/crossdem/datasets/prime_ministers/letta/csv_out/164433_letta_s2t.csv,0.984009840098401,0.0,4065
letta,/home/mhetac/Documents/GitHub/crossdem/datasets/prime_ministers/letta/csv_out/163060_letta_s2t.csv,1.2944983818770226,0.0,3090
letta,/home/mhetac/Documents/GitHub/crossdem/datasets/prime_ministers/letta/csv_out/162276_letta_s2t.csv,4.264392324093817,0.0,6097
letta,/home/mhetac/Documents/GitHub/crossdem/datasets/prime_ministers/letta/csv_out/160150_letta_s2t.csv,5.7896429720167255,0.0,3109
letta,/home/mhetac/Documents/GitHub/crossdem/datasets/prime_ministers/letta/csv_out/161449_letta_s2t.csv,3.950338600451467,0.0,1772
letta,/home/mhetac/Documents/GitHub/crossdem/datasets/prime_ministers/letta/csv_out/155502_letta_s2t.csv,0.0,0.0,1394
letta,/home/mhetac/Documents/GitHub/crossdem/datasets/prime_ministers/letta/csv_out/157761_letta_s2t.csv,0.7665772326561902,0.0,2609
letta,/home/mhetac/Documents/GitHub/crossdem/datasets/prime_ministers/letta/csv_out/154530_letta_s2t.csv,0.0,0.0,160
letta,/home/mhetac/Documents/GitHub/crossdem/datasets/prime_ministers/letta/csv_out/157225_letta_s2t.csv,0.0,0.0,1658
letta,/home/mhetac/Documents/GitHub/crossdem/datasets/prime_ministers/letta/csv_out/157794_letta_s2t.csv,0.49019607843137253,0.0,4080
letta,/home/mhetac/Documents/GitHub/crossdem/datasets/prime_ministers/letta/csv_out/153307_letta_s2t.csv,3.0927835051546393,0.0,970
letta,/home/mhetac/Documents/GitHub/crossdem/datasets/prime_ministers/letta/csv_out/153180_letta_s2t.csv,1.2958963282937366,0.0,2315
letta,/home/mhetac/Documents/GitHub/crossdem/datasets/prime_ministers/letta/csv_out/152768_letta_s2t.csv,0.0,0.0,2194
letta,/home/mhetac/Documents/GitHub/crossdem/datasets/prime_ministers/letta/csv_out/163577_letta_s2t.csv,0.2660989888238425,0.0,3758
letta,/home/mhetac/Documents/GitHub/crossdem/datasets/prime_ministers/letta/csv_out/151494_letta_s2t.csv,1.4534883720930232,0.0,3440
letta,/home/mhetac/Documents/GitHub/crossdem/datasets/prime_ministers/letta/csv_out/152002_letta_s2t.csv,3.1201248049921997,0.0,3205
letta,/home/mhetac/Documents/GitHub/crossdem/datasets/prime_ministers/letta/csv_out/151450_letta_s2t.csv,1.1355893708834885,0.0,4403
letta,/home/mhetac/Documents/GitHub/crossdem/datasets/prime_ministers/letta/csv_out/151386_letta_s2t.csv,0.0,0.0,2051
letta,/home/mhetac/Documents/GitHub/crossdem/datasets/prime_ministers/letta/csv_out/152549_letta_s2t.csv,2.5906735751295336,21.73913043478261,1158
letta,/home/mhetac/Documents/GitHub/crossdem/datasets/prime_ministers/letta/csv_out/151063_letta_s2t.csv,0.7104795737122558,0.0,2815
letta,/home/mhetac/Documents/GitHub/crossdem/datasets/prime_ministers/letta/csv_out/151513_letta_s2t.csv,1.287001287001287,0.0,3885
letta,/home/mhetac/Documents/GitHub/crossdem/datasets/prime_ministers/letta/csv_out/151821_letta_s2t.csv,3.7037037037037037,0.0,2700
letta,/home/mhetac/Documents/GitHub/crossdem/datasets/prime_ministers/letta/csv_out/148097_letta_s2t.csv,1.4829461196243203,0.0,2023
letta,/home/mhetac/Documents/GitHub/crossdem/datasets/prime_ministers/letta/csv_out/150023_letta_s2t.csv,1.6051364365971108,0.0,1869
letta,/home/mhetac/Documents/GitHub/crossdem/datasets/prime_ministers/letta/csv_out/151697_letta_s2t.csv,0.7434944237918215,0.0,2690
letta,/home/mhetac/Documents/GitHub/crossdem/datasets/prime_ministers/letta/csv_out/151325_letta_s2t.csv,0.0,0.0,170
letta,/home/mhetac/Documents/GitHub/crossdem/datasets/prime_ministers/letta/csv_out/148719_letta_s2t.csv,0.0,0.0,1877
letta,/home/mhetac/Documents/GitHub/crossdem/datasets/prime_ministers/letta/csv_out/150561_letta_s2t.csv,3.924646781789639,0.0,2548
letta,/home/mhetac/Documents/GitHub/crossdem/datasets/prime_ministers/letta/csv_out/147598_letta_s2t.csv,1.299545159194282,0.0,1539
letta,/home/mhetac/Documents/GitHub/crossdem/datasets/prime_ministers/letta/csv_out/147163_letta_s2t.csv,1.3863216266173752,0.0,2164
letta,/home/mhetac/Documents/GitHub/crossdem/datasets/prime_ministers/letta/csv_out/147579_letta_s2t.csv,0.0,0.0,74
letta,/home/mhetac/Documents/GitHub/crossdem/datasets/prime_ministers/letta/csv_out/150236_letta_s2t.csv,1.2936610608020698,0.0,2319
letta,/home/mhetac/Documents/GitHub/crossdem/datasets/prime_ministers/letta/csv_out/146459_letta_s2t.csv,0.6157635467980296,0.0,1624
letta,/home/mhetac/Documents/GitHub/crossdem/datasets/prime_ministers/letta/csv_out/151001_letta_s2t.csv,1.0593220338983051,0.0,2832
letta,/home/mhetac/Documents/GitHub/crossdem/datasets/prime_ministers/letta/csv_out/149892_letta_s2t.csv,0.4899559039686428,0.0,2041
letta,/home/mhetac/Documents/GitHub/crossdem/datasets/prime_ministers/letta/csv_out/148975_letta_s2t.csv,2.8625954198473282,0.0,1048
letta,/home/mhetac/Documents/GitHub/crossdem/datasets/prime_ministers/letta/csv_out/149178_letta_s2t.csv,2.2707919386886175,0.0,3523
letta,/home/mhetac/Documents/GitHub/crossdem/datasets/prime_ministers/letta/csv_out/149018_letta_s2t.csv,0.3365870077415012,0.0,2971
letta,/home/mhetac/Documents/GitHub/crossdem/datasets/prime_ministers/letta/csv_out/145952_letta_s2t.csv,0.0,0.0,1739
letta,/home/mhetac/Documents/GitHub/crossdem/datasets/prime_ministers/letta/csv_out/149177_letta_s2t.csv,0.0,0.0,1002
letta,/home/mhetac/Documents/GitHub/crossdem/datasets/prime_ministers/letta/csv_out/149010_letta_s2t.csv,0.5506607929515418,0.0,1816
letta,/home/mhetac/Documents/GitHub/crossdem/datasets/prime_ministers/letta/csv_out/149845_letta_s2t.csv,0.8470986869970352,0.0,2361
letta,/home/mhetac/Documents/GitHub/crossdem/datasets/prime_ministers/letta/csv_out/148362_letta_s2t.csv,0.6901311249137336,0.0,1449
letta,/home/mhetac/Documents/GitHub/crossdem/datasets/prime_ministers/letta/csv_out/148257_letta_s2t.csv,0.0,0.0,1040
letta,/home/mhetac/Documents/GitHub/crossdem/datasets/prime_ministers/letta/csv_out/147571_letta_s2t.csv,1.387604070305273,0.0,2162
letta,/home/mhetac/Documents/GitHub/crossdem/datasets/prime_ministers/letta/csv_out/147755_letta_s2t.csv,0.6934812760055479,0.0,2884
letta,/home/mhetac/Documents/GitHub/crossdem/datasets/prime_ministers/letta/csv_out/146321_letta_s2t.csv,3.6984352773826457,0.0,3515
letta,/home/mhetac/Documents/GitHub/crossdem/datasets/prime_ministers/letta/csv_out/148870_letta_s2t.csv,1.2992637505413598,0.0,2309
letta,/home/mhetac/Documents/GitHub/crossdem/datasets/prime_ministers/letta/csv_out/143930_letta_s2t.csv,1.456876456876457,0.0,3432
letta,/home/mhetac/Documents/GitHub/crossdem/datasets/prime_ministers/letta/csv_out/143622_letta_s2t.csv,0.7204610951008645,0.0,1388
letta,/home/mhetac/Documents/GitHub/crossdem/datasets/prime_ministers/letta/csv_out/148841_letta_s2t.csv,0.0,0.0,3109
letta,/home/mhetac/Documents/GitHub/crossdem/datasets/prime_ministers/letta/csv_out/148778_letta_s2t.csv,0.42140750105351876,0.0,2373
letta,/home/mhetac/Documents/GitHub/crossdem/datasets/prime_ministers/letta/csv_out/143099_letta_s2t.csv,1.6361256544502618,0.0,3056
letta,/home/mhetac/Documents/GitHub/crossdem/datasets/prime_ministers/letta/csv_out/148800_letta_s2t.csv,3.1426775612822127,0.0,3182
letta,/home/mhetac/Documents/GitHub/crossdem/datasets/prime_ministers/letta/csv_out/144388_letta_s2t.csv,0.4185851820845542,0.0,2389
letta,/home/mhetac/Documents/GitHub/crossdem/datasets/prime_ministers/letta/csv_out/145981_letta_s2t.csv,1.093693036820999,0.0,2743
letta,/home/mhetac/Documents/GitHub/crossdem/datasets/prime_ministers/letta/csv_out/148373_letta_s2t.csv,0.5170630816959669,0.0,1934
letta,/home/mhetac/Documents/GitHub/crossdem/datasets/prime_ministers/letta/csv_out/145926_letta_s2t.csv,0.946969696969697,0.0,2112
letta,/home/mhetac/Documents/GitHub/crossdem/datasets/prime_ministers/letta/csv_out/148474_letta_s2t.csv,0.0,0.0,2481
letta,/home/mhetac/Documents/GitHub/crossdem/datasets/prime_ministers/letta/csv_out/146285_letta_s2t.csv,0.4027386226339106,0.0,2483
letta,/home/mhetac/Documents/GitHub/crossdem/datasets/prime_ministers/letta/csv_out/145878_letta_s2t.csv,1.3199577613516367,0.0,3788
letta,/home/mhetac/Documents/GitHub/crossdem/datasets/prime_ministers/letta/csv_out/142605_letta_s2t.csv,1.597676107480029,0.0,6885
letta,/home/mhetac/Documents/GitHub/crossdem/datasets/prime_ministers/letta/csv_out/143224_letta_s2t.csv,0.43010752688172044,0.0,2325
letta,/home/mhetac/Documents/GitHub/crossdem/datasets/prime_ministers/letta/csv_out/147637_letta_s2t.csv,0.0,0.0,503
letta,/home/mhetac/Documents/GitHub/crossdem/datasets/prime_ministers/letta/csv_out/143895_letta_s2t.csv,0.0,0.0,2466
letta,/home/mhetac/Documents/GitHub/crossdem/datasets/prime_ministers/letta/csv_out/147626_letta_s2t.csv,0.0,0.0,3171
letta,/home/mhetac/Documents/GitHub/crossdem/datasets/prime_ministers/letta/csv_out/145204_letta_s2t.csv,2.3130300693909023,0.0,5188
letta,/home/mhetac/Documents/GitHub/crossdem/datasets/prime_ministers/letta/csv_out/147065_letta_s2t.csv,0.0,0.0,2290
letta,/home/mhetac/Documents/GitHub/crossdem/datasets/prime_ministers/letta/csv_out/146884_letta_s2t.csv,0.6887052341597796,0.0,1452
letta,/home/mhetac/Documents/GitHub/crossdem/datasets/prime_ministers/letta/csv_out/146710_letta_s2t.csv,0.44385264092321347,0.0,2253
letta,/home/mhetac/Documents/GitHub/crossdem/datasets/prime_ministers/letta/csv_out/141371_letta_s2t.csv,0.7836990595611285,0.0,3828
letta,/home/mhetac/Documents/GitHub/crossdem/datasets/prime_ministers/letta/csv_out/140410_letta_s2t.csv,0.46210720887245843,0.0,2164
letta,/home/mhetac/Documents/GitHub/crossdem/datasets/prime_ministers/letta/csv_out/146706_letta_s2t.csv,0.0,0.0,752
letta,/home/mhetac/Documents/GitHub/crossdem/datasets/prime_ministers/letta/csv_out/146764_letta_s2t.csv,0.0,0.0,2861
letta,/home/mhetac/Documents/GitHub/crossdem/datasets/prime_ministers/letta/csv_out/140196_letta_s2t.csv,2.1774632553075666,0.0,1837
letta,/home/mhetac/Documents/GitHub/crossdem/datasets/prime_ministers/letta/csv_out/146350_letta_s2t.csv,0.0,0.0,1411
letta,/home/mhetac/Documents/GitHub/crossdem/datasets/prime_ministers/letta/csv_out/146209_letta_s2t.csv,0.40916530278232405,0.0,2444
letta,/home/mhetac/Documents/GitHub/crossdem/datasets/prime_ministers/letta/csv_out/137516_letta_s2t.csv,2.452073116362015,0.0,4486
letta,/home/mhetac/Documents/GitHub/crossdem/datasets/prime_ministers/letta/csv_out/138889_letta_s2t.csv,0.0,0.0,641
letta,/home/mhetac/Documents/GitHub/crossdem/datasets/prime_ministers/letta/csv_out/143865_letta_s2t.csv,0.25125628140703515,0.0,3980
letta,/home/mhetac/Documents/GitHub/crossdem/datasets/prime_ministers/letta/csv_out/142801_letta_s2t.csv,0.0,0.0,2363
letta,/home/mhetac/Documents/GitHub/crossdem/datasets/prime_ministers/letta/csv_out/139829_letta_s2t.csv,0.0,0.0,1289
letta,/home/mhetac/Documents/GitHub/crossdem/datasets/prime_ministers/letta/csv_out/137457_letta_s2t.csv,0.0,0.0,1281
letta,/home/mhetac/Documents/GitHub/crossdem/datasets/prime_ministers/letta/csv_out/135166_letta_s2t.csv,0.0,0.0,2203
letta,/home/mhetac/Documents/GitHub/crossdem/datasets/prime_ministers/letta/csv_out/134242_letta_s2t.csv,0.7074637424831978,0.0,2827
letta,/home/mhetac/Documents/GitHub/crossdem/datasets/prime_ministers/letta/csv_out/133860_letta_s2t.csv,0.0,0.0,885
letta,/home/mhetac/Documents/GitHub/crossdem/datasets/prime_ministers/letta/csv_out/138887_letta_s2t.csv,3.131115459882583,55.55555555555556,2555
letta,/home/mhetac/Documents/GitHub/crossdem/datasets/prime_ministers/letta/csv_out/137600_letta_s2t.csv,0.0,0.0,1926
letta,/home/mhetac/Documents/GitHub/crossdem/datasets/prime_ministers/letta/csv_out/143048_letta_s2t.csv,0.0,0.0,2176
letta,/home/mhetac/Documents/GitHub/crossdem/datasets/prime_ministers/letta/csv_out/133642_letta_s2t.csv,7.077856420626896,0.0,2967
letta,/home/mhetac/Documents/GitHub/crossdem/datasets/prime_ministers/letta/csv_out/136395_letta_s2t.csv,0.6197706848466068,0.0,3227
letta,/home/mhetac/Documents/GitHub/crossdem/datasets/prime_ministers/letta/csv_out/136394_letta_s2t.csv,1.8867924528301887,0.0,3180
letta,/home/mhetac/Documents/GitHub/crossdem/datasets/prime_ministers/letta/csv_out/132849_letta_s2t.csv,0.8156606851549756,0.0,1226
letta,/home/mhetac/Documents/GitHub/crossdem/datasets/prime_ministers/letta/csv_out/140303_letta_s2t.csv,5.684125050751117,0.0,2463
letta,/home/mhetac/Documents/GitHub/crossdem/datasets/prime_ministers/letta/csv_out/142161_letta_s2t.csv,2.363268062120189,0.0,2962
letta,/home/mhetac/Documents/GitHub/crossdem/datasets/prime_ministers/letta/csv_out/134235_letta_s2t.csv,1.255098839033574,0.0,3187
letta,/home/mhetac/Documents/GitHub/crossdem/datasets/prime_ministers/letta/csv_out/131888_letta_s2t.csv,4.942339373970346,0.0,1214
letta,/home/mhetac/Documents/GitHub/crossdem/datasets/prime_ministers/letta/csv_out/130710_letta_s2t.csv,0.3450655624568668,0.0,2898
letta,/home/mhetac/Documents/GitHub/crossdem/datasets/prime_ministers/letta/csv_out/135407_letta_s2t.csv,0.31017369727047145,0.0,3224
letta,/home/mhetac/Documents/GitHub/crossdem/datasets/prime_ministers/letta/csv_out/131777_letta_s2t.csv,0.5707762557077626,0.0,1752
letta,/home/mhetac/Documents/GitHub/crossdem/datasets/prime_ministers/letta/csv_out/139275_letta_s2t.csv,4.180820486020382,0.0,3827
letta,/home/mhetac/Documents/GitHub/crossdem/datasets/prime_ministers/letta/csv_out/137735_letta_s2t.csv,4.29553264604811,0.0,2328
letta,/home/mhetac/Documents/GitHub/crossdem/datasets/prime_ministers/letta/csv_out/129801_letta_s2t.csv,0.0,0.0,215
letta,/home/mhetac/Documents/GitHub/crossdem/datasets/prime_ministers/letta/csv_out/138563_letta_s2t.csv,2.1671826625387,0.0,3230
letta,/home/mhetac/Documents/GitHub/crossdem/datasets/prime_ministers/letta/csv_out/138421_letta_s2t.csv,0.0,0.0,3722
letta,/home/mhetac/Documents/GitHub/crossdem/datasets/prime_ministers/letta/csv_out/131477_letta_s2t.csv,1.529051987767584,0.0,654
letta,/home/mhetac/Documents/GitHub/crossdem/datasets/prime_ministers/letta/csv_out/137355_letta_s2t.csv,0.0,0.0,2302
letta,/home/mhetac/Documents/GitHub/crossdem/datasets/prime_ministers/letta/csv_out/136391_letta_s2t.csv,1.2507817385866167,11.904761904761905,3198
letta,/home/mhetac/Documents/GitHub/crossdem/datasets/prime_ministers/letta/csv_out/131467_letta_s2t.csv,1.1634671320535195,0.0,3438
letta,/home/mhetac/Documents/GitHub/crossdem/datasets/prime_ministers/letta/csv_out/129195_letta_s2t.csv,0.0,0.0,1472
letta,/home/mhetac/Documents/GitHub/crossdem/datasets/prime_ministers/letta/csv_out/127269_letta_s2t.csv,0.0,0.0,696
letta,/home/mhetac/Documents/GitHub/crossdem/datasets/prime_ministers/letta/csv_out/136865_letta_s2t.csv,0.34258307639602603,0.0,2919
letta,/home/mhetac/Documents/GitHub/crossdem/datasets/prime_ministers/letta/csv_out/136949_letta_s2t.csv,1.0380622837370241,0.0,2890
letta,/home/mhetac/Documents/GitHub/crossdem/datasets/prime_ministers/letta/csv_out/136773_letta_s2t.csv,0.8295313148071339,0.0,4822
letta,/home/mhetac/Documents/GitHub/crossdem/datasets/prime_ministers/letta/csv_out/136774_letta_s2t.csv,1.1672016340822877,0.0,3427
letta,/home/mhetac/Documents/GitHub/crossdem/datasets/prime_ministers/letta/csv_out/135571_letta_s2t.csv,0.3763643206624012,0.0,5314
letta,/home/mhetac/Documents/GitHub/crossdem/datasets/prime_ministers/letta/csv_out/129762_letta_s2t.csv,0.7048872180451128,0.0,4256
letta,/home/mhetac/Documents/GitHub/crossdem/datasets/prime_ministers/letta/csv_out/129379_letta_s2t.csv,2.112490097702667,0.0,3787
letta,/home/mhetac/Documents/GitHub/crossdem/datasets/prime_ministers/letta/csv_out/136590_letta_s2t.csv,1.1261261261261262,0.0,2664
letta,/home/mhetac/Documents/GitHub/crossdem/datasets/prime_ministers/letta/csv_out/126374_letta_s2t.csv,1.9230769230769231,0.0,3120
letta,/home/mhetac/Documents/GitHub/crossdem/datasets/prime_ministers/letta/csv_out/125968_letta_s2t.csv,0.0,0.0,1633
letta,/home/mhetac/Documents/GitHub/crossdem/datasets/prime_ministers/letta/csv_out/125969_letta_s2t.csv,1.7494751574527643,0.0,2858
letta,/home/mhetac/Documents/GitHub/crossdem/datasets/prime_ministers/letta/csv_out/134110_letta_s2t.csv,2.1340162185232607,0.0,2343
letta,/home/mhetac/Documents/GitHub/crossdem/datasets/prime_ministers/letta/csv_out/135319_letta_s2t.csv,0.0,0.0,2846
letta,/home/mhetac/Documents/GitHub/crossdem/datasets/prime_ministers/letta/csv_out/164640_letta_s2t.csv,0.4280821917808219,0.0,2336
letta,/home/mhetac/Documents/GitHub/crossdem/datasets/prime_ministers/letta/csv_out/245933_letta_s2t.csv,2.3300970873786406,0.0,2575
letta,/home/mhetac/Documents/GitHub/crossdem/datasets/prime_ministers/letta/csv_out/245823_letta_s2t.csv,2.2148394241417497,0.0,2709
letta,/home/mhetac/Documents/GitHub/crossdem/datasets/prime_ministers/letta/csv_out/243682_letta_s2t.csv,0.9419152276295133,0.0,3185
letta,/home/mhetac/Documents/GitHub/crossdem/datasets/prime_ministers/letta/csv_out/215668_letta_s2t.csv,0.0,0.0,2901
letta,/home/mhetac/Documents/GitHub/crossdem/datasets/prime_ministers/letta/csv_out/215893_letta_s2t.csv,0.5370569280343717,0.0,1862
letta,/home/mhetac/Documents/GitHub/crossdem/datasets/prime_ministers/letta/csv_out/240809_letta_s2t.csv,0.0,0.0,2726
letta,/home/mhetac/Documents/GitHub/crossdem/datasets/prime_ministers/letta/csv_out/223419_letta_s2t.csv,0.0,0.0,2536
letta,/home/mhetac/Documents/GitHub/crossdem/datasets/prime_ministers/letta/csv_out/233512_letta_s2t.csv,0.39984006397441024,0.0,2501
letta,/home/mhetac/Documents/GitHub/crossdem/datasets/prime_ministers/letta/csv_out/230013_letta_s2t.csv,0.350754121360926,0.0,2851
letta,/home/mhetac/Documents/GitHub/crossdem/datasets/prime_ministers/letta/csv_out/237222_letta_s2t.csv,0.9510223490252021,0.0,2103
letta,/home/mhetac/Documents/GitHub/crossdem/datasets/prime_ministers/letta/csv_out/237214_letta_s2t.csv,3.1065548306927617,0.0,3219
letta,/home/mhetac/Documents/GitHub/crossdem/datasets/prime_ministers/letta/csv_out/221420_letta_s2t.csv,3.7926675094816686,0.0,1582
letta,/home/mhetac/Documents/GitHub/crossdem/datasets/prime_ministers/letta/csv_out/220760_letta_s2t.csv,2.485016810407835,10.0,6841
letta,/home/mhetac/Documents/GitHub/crossdem/datasets/prime_ministers/letta/csv_out/195370_letta_s2t.csv,0.6377551020408163,0.0,1568
letta,/home/mhetac/Documents/GitHub/crossdem/datasets/prime_ministers/letta/csv_out/237111_letta_s2t.csv,3.946569520340012,0.0,3294
letta,/home/mhetac/Documents/GitHub/crossdem/datasets/prime_ministers/letta/csv_out/233483_letta_s2t.csv,0.0,0.0,2609
letta,/home/mhetac/Documents/GitHub/crossdem/datasets/prime_ministers/letta/csv_out/233481_letta_s2t.csv,1.5690376569037656,0.0,3824
letta,/home/mhetac/Documents/GitHub/crossdem/datasets/prime_ministers/letta/csv_out/164566_letta_s2t.csv,0.5300821627352239,0.0,3773
letta,/home/mhetac/Documents/GitHub/crossdem/datasets/prime_ministers/letta/csv_out/229775_letta_s2t.csv,0.0,0.0,2865
letta,/home/mhetac/Documents/GitHub/crossdem/datasets/prime_ministers/letta/csv_out/206257_letta_s2t.csv,1.5323322096230463,0.0,3263
letta,/home/mhetac/Documents/GitHub/crossdem/datasets/prime_ministers/letta/csv_out/160118_letta_s2t.csv,0.0,0.0,1604
letta,/home/mhetac/Documents/GitHub/crossdem/datasets/prime_ministers/letta/csv_out/159591_letta_s2t.csv,1.7556179775280898,0.0,2848
letta,/home/mhetac/Documents/GitHub/crossdem/datasets/prime_ministers/letta/csv_out/158895_letta_s2t.csv,2.679528403001072,0.0,1866
letta,/home/mhetac/Documents/GitHub/crossdem/datasets/prime_ministers/letta/csv_out/158726_letta_s2t.csv,5.926724137931035,0.0,1856
letta,/home/mhetac/Documents/GitHub/crossdem/datasets/prime_ministers/letta/csv_out/161067_letta_s2t.csv,1.2334258402713536,15.625,3243
letta,/home/mhetac/Documents/GitHub/crossdem/datasets/prime_ministers/letta/csv_out/157409_letta_s2t.csv,0.8389261744966443,0.0,1192
letta,/home/mhetac/Documents/GitHub/crossdem/datasets/prime_ministers/letta/csv_out/156387_letta_s2t.csv,4.380475594493117,0.0,1598
letta,/home/mhetac/Documents/GitHub/crossdem/datasets/prime_ministers/letta/csv_out/160772_letta_s2t.csv,0.5032712632108707,0.0,1987
letta,/home/mhetac/Documents/GitHub/crossdem/datasets/prime_ministers/letta/csv_out/158671_letta_s2t.csv,2.2165927802406586,0.0,3158
letta,/home/mhetac/Documents/GitHub/crossdem/datasets/prime_ministers/letta/csv_out/158968_letta_s2t.csv,0.0,0.0,2517
letta,/home/mhetac/Documents/GitHub/crossdem/datasets/prime_ministers/letta/csv_out/160224_letta_s2t.csv,0.9199632014719411,0.0,2174
letta,/home/mhetac/Documents/GitHub/crossdem/datasets/prime_ministers/letta/csv_out/160349_letta_s2t.csv,0.6655574043261231,0.0,3005
letta,/home/mhetac/Documents/GitHub/crossdem/datasets/prime_ministers/letta/csv_out/159492_letta_s2t.csv,1.899335232668566,0.0,1053
letta,/home/mhetac/Documents/GitHub/crossdem/datasets/prime_ministers/letta/csv_out/158517_letta_s2t.csv,0.0,0.0,752
letta,/home/mhetac/Documents/GitHub/crossdem/datasets/prime_ministers/letta/csv_out/160619_letta_s2t.csv,0.5975500448162534,0.0,3347
letta,/home/mhetac/Documents/GitHub/crossdem/datasets/prime_ministers/letta/csv_out/158611_letta_s2t.csv,0.0,0.0,2396
letta,/home/mhetac/Documents/GitHub/crossdem/datasets/prime_ministers/letta/csv_out/158091_letta_s2t.csv,1.576789656259855,0.0,3171
letta,/home/mhetac/Documents/GitHub/crossdem/datasets/prime_ministers/letta/csv_out/159353_letta_s2t.csv,0.0,0.0,2895
letta,/home/mhetac/Documents/GitHub/crossdem/datasets/prime_ministers/letta/csv_out/158820_letta_s2t.csv,0.0,0.0,2718
letta,/home/mhetac/Documents/GitHub/crossdem/datasets/prime_ministers/letta/csv_out/157166_letta_s2t.csv,4.1459369817578775,23.25581395348837,2412
letta,/home/mhetac/Documents/GitHub/crossdem/datasets/prime_ministers/letta/csv_out/154929_letta_s2t.csv,0.47619047619047616,0.0,2100
letta,/home/mhetac/Documents/GitHub/crossdem/datasets/prime_ministers/letta/csv_out/156647_letta_s2t.csv,2.441505595116989,0.0,4915
letta,/home/mhetac/Documents/GitHub/crossdem/datasets/prime_ministers/letta/csv_out/153893_letta_s2t.csv,3.371009319849296,37.735849056603776,5043
letta,/home/mhetac/Documents/GitHub/crossdem/datasets/prime_ministers/letta/csv_out/156484_letta_s2t.csv,0.6871907641561298,0.0,7276
letta,/home/mhetac/Documents/GitHub/crossdem/datasets/prime_ministers/letta/csv_out/156055_letta_s2t.csv,2.373685995252628,0.0,2949
letta,/home/mhetac/Documents/GitHub/crossdem/datasets/prime_ministers/letta/csv_out/154171_letta_s2t.csv,1.927710843373494,0.0,2075
letta,/home/mhetac/Documents/GitHub/crossdem/datasets/prime_ministers/letta/csv_out/153561_letta_s2t.csv,1.9550342130987293,0.0,3069
letta,/home/mhetac/Documents/GitHub/crossdem/datasets/prime_ministers/letta/csv_out/154913_letta_s2t.csv,0.8134490238611713,0.0,3688
letta,/home/mhetac/Documents/GitHub/crossdem/datasets/prime_ministers/letta/csv_out/151723_letta_s2t.csv,5.030447445062219,0.0,3777
letta,/home/mhetac/Documents/GitHub/crossdem/datasets/prime_ministers/letta/csv_out/154147_letta_s2t.csv,1.2269938650306749,0.0,3260
letta,/home/mhetac/Documents/GitHub/crossdem/datasets/prime_ministers/letta/csv_out/154959_letta_s2t.csv,2.4180548092423426,0.0,3722
letta,/home/mhetac/Documents/GitHub/crossdem/datasets/prime_ministers/letta/csv_out/152339_letta_s2t.csv,1.7908309455587392,0.0,2792
letta,/home/mhetac/Documents/GitHub/crossdem/datasets/prime_ministers/letta/csv_out/128099_letta_s2t.csv,1.089621356578589,0.0,3671
letta,/home/mhetac/Documents/GitHub/crossdem/datasets/prime_ministers/letta/csv_out/133179_letta_s2t.csv,0.0,0.0,5400
letta,/home/mhetac/Documents/GitHub/crossdem/datasets/prime_ministers/letta/csv_out/122119_letta_s2t.csv,0.0,0.0,2434
letta,/home/mhetac/Documents/GitHub/crossdem/datasets/prime_ministers/letta/csv_out/130862_letta_s2t.csv,6.936736958934517,0.0,3604
letta,/home/mhetac/Documents/GitHub/crossdem/datasets/prime_ministers/letta/csv_out/130808_letta_s2t.csv,0.5420054200542005,0.0,1845
letta,/home/mhetac/Documents/GitHub/crossdem/datasets/prime_ministers/letta/csv_out/130801_letta_s2t.csv,0.36683785766691124,0.0,2726
letta,/home/mhetac/Documents/GitHub/crossdem/datasets/prime_ministers/letta/csv_out/130558_letta_s2t.csv,1.9071837253655435,0.0,1573
letta,/home/mhetac/Documents/GitHub/crossdem/datasets/prime_ministers/letta/csv_out/128795_letta_s2t.csv,0.0,0.0,2138
letta,/home/mhetac/Documents/GitHub/crossdem/datasets/prime_ministers/letta/csv_out/130588_letta_s2t.csv,0.0,0.0,1828
letta,/home/mhetac/Documents/GitHub/crossdem/datasets/prime_ministers/letta/csv_out/119624_letta_s2t.csv,0.37467216185837393,0.0,2669
letta,/home/mhetac/Documents/GitHub/crossdem/datasets/prime_ministers/letta/csv_out/122151_letta_s2t.csv,0.5403944879762227,0.0,3701
letta,/home/mhetac/Documents/GitHub/crossdem/datasets/prime_ministers/letta/csv_out/121291_letta_s2t.csv,0.0,0.0,185
letta,/home/mhetac/Documents/GitHub/crossdem/datasets/prime_ministers/letta/csv_out/129515_letta_s2t.csv,0.5078720162519045,0.0,1969
letta,/home/mhetac/Documents/GitHub/crossdem/datasets/prime_ministers/letta/csv_out/129079_letta_s2t.csv,0.5664117813650524,0.0,3531
letta,/home/mhetac/Documents/GitHub/crossdem/datasets/prime_ministers/letta/csv_out/129147_letta_s2t.csv,0.0,0.0,882
letta,/home/mhetac/Documents/GitHub/crossdem/datasets/prime_ministers/letta/csv_out/117268_letta_s2t.csv,1.7969451931716083,125.0,4452
letta,/home/mhetac/Documents/GitHub/crossdem/datasets/prime_ministers/letta/csv_out/122066_letta_s2t.csv,1.5364354697102722,0.0,4556
letta,/home/mhetac/Documents/GitHub/crossdem/datasets/prime_ministers/letta/csv_out/116273_letta_s2t.csv,0.0,0.0,1466
letta,/home/mhetac/Documents/GitHub/crossdem/datasets/prime_ministers/letta/csv_out/118238_letta_s2t.csv,3.0415680973301793,0.0,2959
letta,/home/mhetac/Documents/GitHub/crossdem/datasets/prime_ministers/letta/csv_out/115274_letta_s2t.csv,0.0,0.0,3160
letta,/home/mhetac/Documents/GitHub/crossdem/datasets/prime_ministers/letta/csv_out/119890_letta_s2t.csv,0.7820646506777894,0.0,3836
letta,/home/mhetac/Documents/GitHub/crossdem/datasets/prime_ministers/letta/csv_out/114887_letta_s2t.csv,0.0,0.0,2514
letta,/home/mhetac/Documents/GitHub/crossdem/datasets/prime_ministers/letta/csv_out/117693_letta_s2t.csv,1.530612244897959,0.0,1960
letta,/home/mhetac/Documents/GitHub/crossdem/datasets/prime_ministers/letta/csv_out/117073_letta_s2t.csv,1.6711229946524064,0.0,2992
letta,/home/mhetac/Documents/GitHub/crossdem/datasets/prime_ministers/letta/csv_out/123044_letta_s2t.csv,1.6191709844559585,0.0,3088
letta,/home/mhetac/Documents/GitHub/crossdem/datasets/prime_ministers/letta/csv_out/125721_letta_s2t.csv,3.738855335058959,0.0,3477
letta,/home/mhetac/Documents/GitHub/crossdem/datasets/prime_ministers/letta/csv_out/117838_letta_s2t.csv,0.9950248756218906,0.0,1005
letta,/home/mhetac/Documents/GitHub/crossdem/datasets/prime_ministers/letta/csv_out/113518_letta_s2t.csv,0.43383947939262474,0.0,2305
letta,/home/mhetac/Documents/GitHub/crossdem/datasets/prime_ministers/letta/csv_out/125224_letta_s2t.csv,0.0,0.0,2529
letta,/home/mhetac/Documents/GitHub/crossdem/datasets/prime_ministers/letta/csv_out/112791_letta_s2t.csv,0.9689922480620154,0.0,1032
letta,/home/mhetac/Documents/GitHub/crossdem/datasets/prime_ministers/letta/csv_out/123155_letta_s2t.csv,0.5625879043600562,0.0,3555
letta,/home/mhetac/Documents/GitHub/crossdem/datasets/prime_ministers/letta/csv_out/110321_letta_s2t.csv,0.3688675765400221,0.0,2711
letta,/home/mhetac/Documents/GitHub/crossdem/datasets/prime_ministers/letta/csv_out/113210_letta_s2t.csv,0.7228044813877846,0.0,2767
letta,/home/mhetac/Documents/GitHub/crossdem/datasets/prime_ministers/letta/csv_out/124456_letta_s2t.csv,5.116959064327485,0.0,1368
letta,/home/mhetac/Documents/GitHub/crossdem/datasets/prime_ministers/letta/csv_out/113103_letta_s2t.csv,3.8297872340425534,0.0,2350
letta,/home/mhetac/Documents/GitHub/crossdem/datasets/prime_ministers/letta/csv_out/109826_letta_s2t.csv,4.268943436499466,0.0,1874
letta,/home/mhetac/Documents/GitHub/crossdem/datasets/prime_ministers/letta/csv_out/111426_letta_s2t.csv,0.1793400286944046,0.0,5576
letta,/home/mhetac/Documents/GitHub/crossdem/datasets/prime_ministers/letta/csv_out/112970_letta_s2t.csv,0.8514261387824607,0.0,2349
letta,/home/mhetac/Documents/GitHub/crossdem/datasets/prime_ministers/letta/csv_out/109150_letta_s2t.csv,0.0,0.0,2672
letta,/home/mhetac/Documents/GitHub/crossdem/datasets/prime_ministers/letta/csv_out/111556_letta_s2t.csv,0.0,0.0,1965
letta,/home/mhetac/Documents/GitHub/crossdem/datasets/prime_ministers/letta/csv_out/110197_letta_s2t.csv,4.833252779120348,0.0,2069
letta,/home/mhetac/Documents/GitHub/crossdem/datasets/prime_ministers/letta/csv_out/106947_letta_s2t.csv,0.0,0.0,2247
letta,/home/mhetac/Documents/GitHub/crossdem/datasets/prime_ministers/letta/csv_out/103175_letta_s2t.csv,2.150537634408602,0.0,2325
letta,/home/mhetac/Documents/GitHub/crossdem/datasets/prime_ministers/letta/csv_out/104241_letta_s2t.csv,0.32647730982696704,0.0,3063
letta,/home/mhetac/Documents/GitHub/crossdem/datasets/prime_ministers/letta/csv_out/102792_letta_s2t.csv,1.3383297644539613,0.0,3736
letta,/home/mhetac/Documents/GitHub/crossdem/datasets/prime_ministers/letta/csv_out/101287_letta_s2t.csv,0.0,0.0,2548
letta,/home/mhetac/Documents/GitHub/crossdem/datasets/prime_ministers/letta/csv_out/100129_letta_s2t.csv,0.37133308577794283,0.0,5386
letta,/home/mhetac/Documents/GitHub/crossdem/datasets/prime_ministers/letta/csv_out/101555_letta_s2t.csv,0.6090133982947625,0.0,3284
letta,/home/mhetac/Documents/GitHub/crossdem/datasets/prime_ministers/letta/csv_out/104388_letta_s2t.csv,0.5344735435595938,0.0,1871
letta,/home/mhetac/Documents/GitHub/crossdem/datasets/prime_ministers/letta/csv_out/96799_letta_s2t.csv,1.7349815658208632,0.0,4611
letta,/home/mhetac/Documents/GitHub/crossdem/datasets/prime_ministers/letta/csv_out/94839_letta_s2t.csv,0.9910802775024777,0.0,1009
letta,/home/mhetac/Documents/GitHub/crossdem/datasets/prime_ministers/letta/csv_out/96270_letta_s2t.csv,3.244920993227991,9.090909090909092,7088
letta,/home/mhetac/Documents/GitHub/crossdem/datasets/prime_ministers/letta/csv_out/95602_letta_s2t.csv,0.16837851490149858,0.0,5939
letta,/home/mhetac/Documents/GitHub/crossdem/datasets/prime_ministers/letta/csv_out/93058_letta_s2t.csv,1.2319063751154913,0.0,3247
letta,/home/mhetac/Documents/GitHub/crossdem/datasets/prime_ministers/letta/csv_out/93599_letta_s2t.csv,9.742368478025547,0.0,4619
letta,/home/mhetac/Documents/GitHub/crossdem/datasets/prime_ministers/letta/csv_out/93658_letta_s2t.csv,1.2578616352201257,0.0,3180
letta,/home/mhetac/Documents/GitHub/crossdem/datasets/prime_ministers/letta/csv_out/88022_letta_s2t.csv,1.8376722817764166,0.0,3265
letta,/home/mhetac/Documents/GitHub/crossdem/datasets/prime_ministers/letta/csv_out/85200_letta_s2t.csv,0.8019246190858059,0.0,1247
letta,/home/mhetac/Documents/GitHub/crossdem/datasets/prime_ministers/letta/csv_out/84580_letta_s2t.csv,5.040322580645161,0.0,1984
letta,/home/mhetac/Documents/GitHub/crossdem/datasets/prime_ministers/letta/csv_out/80208_letta_s2t.csv,0.0,0.0,1391
letta,/home/mhetac/Documents/GitHub/crossdem/datasets/prime_ministers/letta/csv_out/77229_letta_s2t.csv,1.2401818933443571,0.0,2419
letta,/home/mhetac/Documents/GitHub/crossdem/datasets/prime_ministers/letta/csv_out/74665_letta_s2t.csv,0.0,0.0,80
letta,/home/mhetac/Documents/GitHub/crossdem/datasets/prime_ministers/letta/csv_out/72091_letta_s2t.csv,0.0,0.0,484
letta,/home/mhetac/Documents/GitHub/crossdem/datasets/prime_ministers/letta/csv_out/71768_letta_s2t.csv,1.4825796886582654,0.0,1349
letta,/home/mhetac/Documents/GitHub/crossdem/datasets/prime_ministers/letta/csv_out/70493_letta_s2t.csv,0.0,0.0,959
letta,/home/mhetac/Documents/GitHub/crossdem/datasets/prime_ministers/letta/csv_out/56652_letta_s2t.csv,0.2589331952356292,0.0,3862
letta,/home/mhetac/Documents/GitHub/crossdem/datasets/prime_ministers/letta/csv_out/49083_letta_s2t.csv,1.145475372279496,0.0,873
letta,/home/mhetac/Documents/GitHub/crossdem/datasets/prime_ministers/letta/csv_out/379851_letta_s2t.csv,0.0,0.0,239
letta,/home/mhetac/Documents/GitHub/crossdem/datasets/prime_ministers/letta/csv_out/193719_letta_s2t.csv,1.671541997492687,0.0,2393
letta,/home/mhetac/Documents/GitHub/crossdem/datasets/prime_ministers/letta/csv_out/145303_letta_s2t.csv,2.707092582566324,0.0,7388
letta,/home/mhetac/Documents/GitHub/crossdem/datasets/prime_ministers/letta/csv_out/478647_letta_s2t.csv,8.287292817679559,0.0,2534
letta,/home/mhetac/Documents/GitHub/crossdem/datasets/prime_ministers/letta/csv_out/462234_letta_s2t.csv,3.787878787878788,0.0,528
letta,/home/mhetac/Documents/GitHub/crossdem/datasets/prime_ministers/letta/csv_out/399404_letta_s2t.csv,7.1258907363420425,0.0,421
letta,/home/mhetac/Documents/GitHub/crossdem/datasets/prime_ministers/letta/csv_out/399403_letta_s2t.csv,7.894736842105263,0.0,380
letta,/home/mhetac/Documents/GitHub/crossdem/datasets/prime_ministers/letta/csv_out/394477_letta_s2t.csv,2.1321961620469083,0.0,469
letta,/home/mhetac/Documents/GitHub/crossdem/datasets/prime_ministers/letta/csv_out/394478_letta_s2t.csv,0.0,0.0,262
letta,/home/mhetac/Documents/GitHub/crossdem/datasets/prime_ministers/letta/csv_out/324696_letta_s2t.csv,1.9102196752626552,0.0,3141
letta,/home/mhetac/Documents/GitHub/crossdem/datasets/prime_ministers/letta/csv_out/323299_letta_s2t.csv,0.0,0.0,497
letta,/home/mhetac/Documents/GitHub/crossdem/datasets/prime_ministers/letta/csv_out/308753_letta_s2t.csv,14.084507042253522,0.0,994
letta,/home/mhetac/Documents/GitHub/crossdem/datasets/prime_ministers/letta/csv_out/300455_letta_s2t.csv,2.73972602739726,0.0,365
letta,/home/mhetac/Documents/GitHub/crossdem/datasets/prime_ministers/letta/csv_out/279618_letta_s2t.csv,0.0,0.0,737
letta,/home/mhetac/Documents/GitHub/crossdem/datasets/prime_ministers/letta/csv_out/262873_letta_s2t.csv,0.0,0.0,498
letta,/home/mhetac/Documents/GitHub/crossdem/datasets/prime_ministers/letta/csv_out/247589_letta_s2t.csv,0.0,0.0,336
letta,/home/mhetac/Documents/GitHub/crossdem/datasets/prime_ministers/letta/csv_out/235897_letta_s2t.csv,0.0,0.0,3289
letta,/home/mhetac/Documents/GitHub/crossdem/datasets/prime_ministers/letta/csv_out/263675_letta_s2t.csv,7.440476190476191,0.0,672
letta,/home/mhetac/Documents/GitHub/crossdem/datasets/prime_ministers/letta/csv_out/263676_letta_s2t.csv,2.079002079002079,0.0,962
letta,/home/mhetac/Documents/GitHub/crossdem/datasets/prime_ministers/letta/csv_out/263674_letta_s2t.csv,0.0,0.0,494
letta,/home/mhetac/Documents/GitHub/crossdem/datasets/prime_ministers/letta/csv_out/264008_letta_s2t.csv,1.6920473773265652,0.0,591
letta,/home/mhetac/Documents/GitHub/crossdem/datasets/prime_ministers/letta/csv_out/263982_letta_s2t.csv,6.269592476489028,0.0,638
letta,/home/mhetac/Documents/GitHub/crossdem/datasets/prime_ministers/letta/csv_out/261755_letta_s2t.csv,6.259780907668231,0.0,639
letta,/home/mhetac/Documents/GitHub/crossdem/datasets/prime_ministers/letta/csv_out/259817_letta_s2t.csv,0.0,0.0,652
letta,/home/mhetac/Documents/GitHub/crossdem/datasets/prime_ministers/letta/csv_out/259818_letta_s2t.csv,2.865329512893983,0.0,698
letta,/home/mhetac/Documents/GitHub/crossdem/datasets/prime_ministers/letta/csv_out/158622_letta_s2t.csv,0.0,0.0,378
letta,/home/mhetac/Documents/GitHub/crossdem/datasets/prime_ministers/letta/csv_out/158830_letta_s2t.csv,0.0,0.0,258
letta,/home/mhetac/Documents/GitHub/crossdem/datasets/prime_ministers/letta/csv_out/150625_letta_s2t.csv,0.0,0.0,154
letta,/home/mhetac/Documents/GitHub/crossdem/datasets/prime_ministers/letta/csv_out/141902_letta_s2t.csv,0.0,0.0,721
letta,/home/mhetac/Documents/GitHub/crossdem/datasets/prime_ministers/letta/csv_out/141284_letta_s2t.csv,0.0,0.0,362
letta,/home/mhetac/Documents/GitHub/crossdem/datasets/prime_ministers/letta/csv_out/140884_letta_s2t.csv,6.462035541195476,0.0,619
letta,/home/mhetac/Documents/GitHub/crossdem/datasets/prime_ministers/letta/csv_out/140923_letta_s2t.csv,2.506265664160401,0.0,399
letta,/home/mhetac/Documents/GitHub/crossdem/datasets/prime_ministers/letta/csv_out/140351_letta_s2t.csv,7.707129094412331,0.0,519
letta,/home/mhetac/Documents/GitHub/crossdem/datasets/prime_ministers/letta/csv_out/138408_letta_s2t.csv,0.0,0.0,117
letta,/home/mhetac/Documents/GitHub/crossdem/datasets/prime_ministers/letta/csv_out/138490_letta_s2t.csv,8.522727272727273,0.0,352
letta,/home/mhetac/Documents/GitHub/crossdem/datasets/prime_ministers/letta/csv_out/137903_letta_s2t.csv,5.709624796084829,0.0,1226
letta,/home/mhetac/Documents/GitHub/crossdem/datasets/prime_ministers/letta/csv_out/137242_letta_s2t.csv,0.0,0.0,403
letta,/home/mhetac/Documents/GitHub/crossdem/datasets/prime_ministers/letta/csv_out/135874_letta_s2t.csv,0.6060606060606061,0.0,1650
letta,/home/mhetac/Documents/GitHub/crossdem/datasets/prime_ministers/letta/csv_out/135495_letta_s2t.csv,0.0,0.0,80
letta,/home/mhetac/Documents/GitHub/crossdem/datasets/prime_ministers/letta/csv_out/135108_letta_s2t.csv,0.0,0.0,111
letta,/home/mhetac/Documents/GitHub/crossdem/datasets/prime_ministers/letta/csv_out/131712_letta_s2t.csv,1.721170395869191,0.0,581
letta,/home/mhetac/Documents/GitHub/crossdem/datasets/prime_ministers/letta/csv_out/131570_letta_s2t.csv,0.0,0.0,777
letta,/home/mhetac/Documents/GitHub/crossdem/datasets/prime_ministers/letta/csv_out/131049_letta_s2t.csv,1.594896331738437,0.0,627
letta,/home/mhetac/Documents/GitHub/crossdem/datasets/prime_ministers/letta/csv_out/131044_letta_s2t.csv,1.0235414534288638,0.0,977
letta,/home/mhetac/Documents/GitHub/crossdem/datasets/prime_ministers/letta/csv_out/130362_letta_s2t.csv,1.2269938650306749,0.0,815
letta,/home/mhetac/Documents/GitHub/crossdem/datasets/prime_ministers/letta/csv_out/131290_letta_s2t.csv,2.4154589371980677,0.0,414
letta,/home/mhetac/Documents/GitHub/crossdem/datasets/prime_ministers/letta/csv_out/127036_letta_s2t.csv,2.190580503833516,0.0,1826
letta,/home/mhetac/Documents/GitHub/crossdem/datasets/prime_ministers/letta/csv_out/121788_letta_s2t.csv,0.0,0.0,140
letta,/home/mhetac/Documents/GitHub/crossdem/datasets/prime_ministers/letta/csv_out/118109_letta_s2t.csv,26.490066225165563,0.0,151
letta,/home/mhetac/Documents/GitHub/crossdem/datasets/prime_ministers/letta/csv_out/114529_letta_s2t.csv,0.0,0.0,1238
letta,/home/mhetac/Documents/GitHub/crossdem/datasets/prime_ministers/letta/csv_out/114773_letta_s2t.csv,0.0,0.0,1134
letta,/home/mhetac/Documents/GitHub/crossdem/datasets/prime_ministers/letta/csv_out/110377_letta_s2t.csv,15.151515151515152,0.0,594
letta,/home/mhetac/Documents/GitHub/crossdem/datasets/prime_ministers/letta/csv_out/107265_letta_s2t.csv,4.231311706629055,0.0,709
letta,/home/mhetac/Documents/GitHub/crossdem/datasets/prime_ministers/letta/csv_out/104687_letta_s2t.csv,4.77326968973747,0.0,1257
letta,/home/mhetac/Documents/GitHub/crossdem/datasets/prime_ministers/letta/csv_out/103634_letta_s2t.csv,0.0,0.0,1127
letta,/home/mhetac/Documents/GitHub/crossdem/datasets/prime_ministers/letta/csv_out/103050_letta_s2t.csv,0.0,0.0,765
letta,/home/mhetac/Documents/GitHub/crossdem/datasets/prime_ministers/letta/csv_out/102591_letta_s2t.csv,0.0,0.0,613
letta,/home/mhetac/Documents/GitHub/crossdem/datasets/prime_ministers/letta/csv_out/102400_letta_s2t.csv,11.337868480725623,0.0,441
letta,/home/mhetac/Documents/GitHub/crossdem/datasets/prime_ministers/letta/csv_out/93544_letta_s2t.csv,2.0161290322580645,0.0,1488
letta,/home/mhetac/Documents/GitHub/crossdem/datasets/prime_ministers/letta/csv_out/411764_letta_s2t.csv,2.459722051408191,0.0,8131
letta,/home/mhetac/Documents/GitHub/crossdem/datasets/prime_ministers/letta/csv_out/235224_letta_s2t.csv,0.8164931618697694,0.0,4899
letta,/home/mhetac/Documents/GitHub/crossdem/datasets/prime_ministers/letta/csv_out/164548_letta_s2t.csv,0.8298755186721992,0.0,1205
letta,/home/mhetac/Documents/GitHub/crossdem/datasets/prime_ministers/letta/csv_out/161521_letta_s2t.csv,18.255578093306287,0.0,493
letta,/home/mhetac/Documents/GitHub/crossdem/datasets/prime_ministers/letta/csv_out/158742_letta_s2t.csv,1.9880715705765408,0.0,1006
letta,/home/mhetac/Documents/GitHub/crossdem/datasets/prime_ministers/letta/csv_out/158743_letta_s2t.csv,2.220988339811216,0.0,1801
letta,/home/mhetac/Documents/GitHub/crossdem/datasets/prime_ministers/letta/csv_out/158387_letta_s2t.csv,1.3513513513513513,0.0,2220
letta,/home/mhetac/Documents/GitHub/crossdem/datasets/prime_ministers/letta/csv_out/138255_letta_s2t.csv,0.0,0.0,514
letta,/home/mhetac/Documents/GitHub/crossdem/datasets/prime_ministers/letta/csv_out/138253_letta_s2t.csv,0.0,0.0,1452
letta,/home/mhetac/Documents/GitHub/crossdem/datasets/prime_ministers/letta/csv_out/138252_letta_s2t.csv,0.0,0.0,874
letta,/home/mhetac/Documents/GitHub/crossdem/datasets/prime_ministers/letta/csv_out/137976_letta_s2t.csv,1.6260162601626016,0.0,1230
letta,/home/mhetac/Documents/GitHub/crossdem/datasets/prime_ministers/letta/csv_out/137972_letta_s2t.csv,0.0,0.0,1126
letta,/home/mhetac/Documents/GitHub/crossdem/datasets/prime_ministers/letta/csv_out/129797_letta_s2t.csv,2.260738507912585,0.0,1327
letta,/home/mhetac/Documents/GitHub/crossdem/datasets/prime_ministers/letta/csv_out/137470_letta_s2t.csv,1.9047619047619047,0.0,525
letta,/home/mhetac/Documents/GitHub/crossdem/datasets/prime_ministers/letta/csv_out/115276_letta_s2t.csv,0.0,0.0,619
letta,/home/mhetac/Documents/GitHub/crossdem/datasets/prime_ministers/letta/csv_out/123506_letta_s2t.csv,0.27100271002710025,0.0,3690
letta,/home/mhetac/Documents/GitHub/crossdem/datasets/prime_ministers/letta/csv_out/369359_letta_s2t.csv,0.7722007722007722,0.0,1295
letta,/home/mhetac/Documents/GitHub/crossdem/datasets/prime_ministers/letta/csv_out/331769_letta_s2t.csv,0.9881422924901185,0.0,1012
letta,/home/mhetac/Documents/GitHub/crossdem/datasets/prime_ministers/letta/csv_out/311903_letta_s2t.csv,8.280254777070065,0.0,1570
letta,/home/mhetac/Documents/GitHub/crossdem/datasets/prime_ministers/letta/csv_out/272829_letta_s2t.csv,4.392386530014641,0.0,683
letta,/home/mhetac/Documents/GitHub/crossdem/datasets/prime_ministers/letta/csv_out/259511_letta_s2t.csv,0.0,0.0,547
letta,/home/mhetac/Documents/GitHub/crossdem/datasets/prime_ministers/letta/csv_out/257701_letta_s2t.csv,1.2135922330097086,0.0,824
letta,/home/mhetac/Documents/GitHub/crossdem/datasets/prime_ministers/letta/csv_out/255067_letta_s2t.csv,0.0,0.0,867
letta,/home/mhetac/Documents/GitHub/crossdem/datasets/prime_ministers/letta/csv_out/254943_letta_s2t.csv,0.0,0.0,430
letta,/home/mhetac/Documents/GitHub/crossdem/datasets/prime_ministers/letta/csv_out/254594_letta_s2t.csv,0.0,0.0,449
letta,/home/mhetac/Documents/GitHub/crossdem/datasets/prime_ministers/letta/csv_out/237989_letta_s2t.csv,0.2554931016862545,0.0,3914
letta,/home/mhetac/Documents/GitHub/crossdem/datasets/prime_ministers/letta/csv_out/131858_letta_s2t.csv,0.0,0.0,3126
letta,/home/mhetac/Documents/GitHub/crossdem/datasets/prime_ministers/letta/csv_out/132482_letta_s2t.csv,2.649325626204239,0.0,4152
letta,/home/mhetac/Documents/GitHub/crossdem/datasets/prime_ministers/letta/csv_out/136182_letta_s2t.csv,2.0865936358894106,0.0,3834
letta,/home/mhetac/Documents/GitHub/crossdem/datasets/prime_ministers/letta/csv_out/132134_letta_s2t.csv,0.6472491909385113,0.0,7725
letta,/home/mhetac/Documents/GitHub/crossdem/datasets/prime_ministers/letta/csv_out/132369_letta_s2t.csv,0.39904229848363926,0.0,2506
letta,/home/mhetac/Documents/GitHub/crossdem/datasets/prime_ministers/letta/csv_out/122464_letta_s2t.csv,0.0,0.0,2279
letta,/home/mhetac/Documents/GitHub/crossdem/datasets/prime_ministers/letta/csv_out/122883_letta_s2t.csv,0.0,0.0,285
letta,/home/mhetac/Documents/GitHub/crossdem/datasets/prime_ministers/letta/csv_out/130856_letta_s2t.csv,1.4329580348004094,0.0,4885
letta,/home/mhetac/Documents/GitHub/crossdem/datasets/prime_ministers/letta/csv_out/121106_letta_s2t.csv,0.7955449482895783,0.0,2514
letta,/home/mhetac/Documents/GitHub/crossdem/datasets/prime_ministers/letta/csv_out/130824_letta_s2t.csv,0.36271309394269136,0.0,2757
letta,/home/mhetac/Documents/GitHub/crossdem/datasets/prime_ministers/letta/csv_out/461782_letta_s2t.csv,2.987197724039829,0.0,7030
letta,/home/mhetac/Documents/GitHub/crossdem/datasets/prime_ministers/letta/csv_out/273714_letta_s2t.csv,5.167958656330749,0.0,1548
letta,/home/mhetac/Documents/GitHub/crossdem/datasets/prime_ministers/letta/csv_out/260804_letta_s2t.csv,0.5714285714285714,0.0,5250
letta,/home/mhetac/Documents/GitHub/crossdem/datasets/prime_ministers/letta/csv_out/244251_letta_s2t.csv,3.1392694063926943,0.0,3504
letta,/home/mhetac/Documents/GitHub/crossdem/datasets/prime_ministers/letta/csv_out/235825_letta_s2t.csv,0.9574468085106383,0.0,9400
letta,/home/mhetac/Documents/GitHub/crossdem/datasets/prime_ministers/letta/csv_out/227248_letta_s2t.csv,0.0,0.0,1828
letta,/home/mhetac/Documents/GitHub/crossdem/datasets/prime_ministers/letta/csv_out/217867_letta_s2t.csv,3.1237797735259663,0.0,2561
letta,/home/mhetac/Documents/GitHub/crossdem/datasets/prime_ministers/letta/csv_out/210679_letta_s2t.csv,0.0,0.0,625
letta,/home/mhetac/Documents/GitHub/crossdem/datasets/prime_ministers/letta/csv_out/210678_letta_s2t.csv,2.5789813023855577,0.0,1551
letta,/home/mhetac/Documents/GitHub/crossdem/datasets/prime_ministers/letta/csv_out/159310_letta_s2t.csv,1.0395010395010396,0.0,4810
letta,/home/mhetac/Documents/GitHub/crossdem/datasets/prime_ministers/letta/csv_out/158723_letta_s2t.csv,2.6603606266627255,0.0,3383
letta,/home/mhetac/Documents/GitHub/crossdem/datasets/prime_ministers/letta/csv_out/157567_letta_s2t.csv,4.3383947939262475,0.0,2305
letta,/home/mhetac/Documents/GitHub/crossdem/datasets/prime_ministers/letta/csv_out/155107_letta_s2t.csv,6.662965019433648,0.0,3602
letta,/home/mhetac/Documents/GitHub/crossdem/datasets/prime_ministers/letta/csv_out/156948_letta_s2t.csv,0.0,0.0,2752
letta,/home/mhetac/Documents/GitHub/crossdem/datasets/prime_ministers/letta/csv_out/157840_letta_s2t.csv,8.221225710014947,0.0,1338
letta,/home/mhetac/Documents/GitHub/crossdem/datasets/prime_ministers/letta/csv_out/153438_letta_s2t.csv,3.3840947546531304,0.0,5319
letta,/home/mhetac/Documents/GitHub/crossdem/datasets/prime_ministers/letta/csv_out/153018_letta_s2t.csv,4.1356492969396195,0.0,2418
letta,/home/mhetac/Documents/GitHub/crossdem/datasets/prime_ministers/letta/csv_out/153117_letta_s2t.csv,4.506065857885615,0.0,2885
letta,/home/mhetac/Documents/GitHub/crossdem/datasets/prime_ministers/letta/csv_out/152923_letta_s2t.csv,3.6231884057971016,0.0,2484
letta,/home/mhetac/Documents/GitHub/crossdem/datasets/prime_ministers/letta/csv_out/151356_letta_s2t.csv,3.280122457905095,0.0,4573
letta,/home/mhetac/Documents/GitHub/crossdem/datasets/prime_ministers/letta/csv_out/151290_letta_s2t.csv,1.7482517482517483,17.24137931034483,4576
letta,/home/mhetac/Documents/GitHub/crossdem/datasets/prime_ministers/letta/csv_out/143560_letta_s2t.csv,0.5159958720330238,0.0,3876
letta,/home/mhetac/Documents/GitHub/crossdem/datasets/prime_ministers/letta/csv_out/142604_letta_s2t.csv,0.3996802557953637,0.0,5004
letta,/home/mhetac/Documents/GitHub/crossdem/datasets/prime_ministers/letta/csv_out/147624_letta_s2t.csv,3.428270042194093,0.0,3792
letta,/home/mhetac/Documents/GitHub/crossdem/datasets/prime_ministers/letta/csv_out/140163_letta_s2t.csv,0.0,0.0,5556
letta,/home/mhetac/Documents/GitHub/crossdem/datasets/prime_ministers/letta/csv_out/145579_letta_s2t.csv,1.0256410256410255,15.873015873015873,2925
letta,/home/mhetac/Documents/GitHub/crossdem/datasets/prime_ministers/letta/csv_out/142836_letta_s2t.csv,0.0,0.0,3658
letta,/home/mhetac/Documents/GitHub/crossdem/datasets/prime_ministers/letta/csv_out/127761_letta_s2t.csv,1.1605415860735009,0.0,2585
letta,/home/mhetac/Documents/GitHub/crossdem/datasets/prime_ministers/letta/csv_out/301789_letta_s2t.csv,0.0,0.0,984
letta,/home/mhetac/Documents/GitHub/crossdem/datasets/prime_ministers/letta/csv_out/143432_letta_s2t.csv,0.0,0.0,80
letta,/home/mhetac/Documents/GitHub/crossdem/datasets/prime_ministers/letta/csv_out/144425_letta_s2t.csv,0.36536353671903543,0.0,2737
letta,/home/mhetac/Documents/GitHub/crossdem/datasets/prime_ministers/letta/csv_out/692925_letta_s2t.csv,0.0,0.0,3100
letta,/home/mhetac/Documents/GitHub/crossdem/datasets/prime_ministers/letta/csv_out/141565_letta_s2t.csv,0.5271481286241434,0.0,1897
letta,/home/mhetac/Documents/GitHub/crossdem/datasets/prime_ministers/letta/csv_out/139370_letta_s2t.csv,0.243605359317905,0.0,4105
letta,/home/mhetac/Documents/GitHub/crossdem/datasets/prime_ministers/letta/csv_out/137434_letta_s2t.csv,0.8729812309035355,0.0,2291
letta,/home/mhetac/Documents/GitHub/crossdem/datasets/prime_ministers/letta/csv_out/133679_letta_s2t.csv,0.0,0.0,2404
letta,/home/mhetac/Documents/GitHub/crossdem/datasets/prime_ministers/letta/csv_out/131458_letta_s2t.csv,1.342281879194631,0.0,4470
letta,/home/mhetac/Documents/GitHub/crossdem/datasets/prime_ministers/letta/csv_out/123978_letta_s2t.csv,0.37285607755406414,0.0,2682
letta,/home/mhetac/Documents/GitHub/crossdem/datasets/prime_ministers/letta/csv_out/132679_letta_s2t.csv,0.158052789631737,0.0,6327
letta,/home/mhetac/Documents/GitHub/crossdem/datasets/prime_ministers/letta/csv_out/122596_letta_s2t.csv,1.454898157129001,0.0,2062
letta,/home/mhetac/Documents/GitHub/crossdem/datasets/prime_ministers/letta/csv_out/122616_letta_s2t.csv,0.8488964346349746,0.0,3534
letta,/home/mhetac/Documents/GitHub/crossdem/datasets/prime_ministers/letta/csv_out/131739_letta_s2t.csv,0.0,0.0,2201
letta,/home/mhetac/Documents/GitHub/crossdem/datasets/prime_ministers/letta/csv_out/129623_letta_s2t.csv,0.28360748723766305,0.0,3526
letta,/home/mhetac/Documents/GitHub/crossdem/datasets/prime_ministers/letta/csv_out/129275_letta_s2t.csv,0.35816618911174786,0.0,2792
letta,/home/mhetac/Documents/GitHub/crossdem/datasets/prime_ministers/letta/csv_out/129306_letta_s2t.csv,0.0,0.0,3472
letta,/home/mhetac/Documents/GitHub/crossdem/datasets/prime_ministers/letta/csv_out/127479_letta_s2t.csv,0.7732456988208003,0.0,5173
letta,/home/mhetac/Documents/GitHub/crossdem/datasets/prime_ministers/letta/csv_out/115436_letta_s2t.csv,3.686635944700461,0.0,2170
letta,/home/mhetac/Documents/GitHub/crossdem/datasets/prime_ministers/letta/csv_out/113504_letta_s2t.csv,0.23815194093831865,0.0,4199
letta,/home/mhetac/Documents/GitHub/crossdem/datasets/prime_ministers/letta/csv_out/110194_letta_s2t.csv,0.0,0.0,1844
letta,/home/mhetac/Documents/GitHub/crossdem/datasets/prime_ministers/letta/csv_out/109787_letta_s2t.csv,1.004352192835621,0.0,5974
letta,/home/mhetac/Documents/GitHub/crossdem/datasets/prime_ministers/letta/csv_out/108271_letta_s2t.csv,2.985074626865672,0.0,3015
letta,/home/mhetac/Documents/GitHub/crossdem/datasets/prime_ministers/letta/csv_out/107723_letta_s2t.csv,1.1563367252543941,0.0,4324
letta,/home/mhetac/Documents/GitHub/crossdem/datasets/prime_ministers/letta/csv_out/95459_letta_s2t.csv,2.4992189940643548,0.0,3201
letta,/home/mhetac/Documents/GitHub/crossdem/datasets/prime_ministers/letta/csv_out/92953_letta_s2t.csv,0.8035355564483728,0.0,2489
letta,/home/mhetac/Documents/GitHub/crossdem/datasets/prime_ministers/letta/csv_out/92543_letta_s2t.csv,0.25119316754584275,0.0,3981
letta,/home/mhetac/Documents/GitHub/crossdem/datasets/prime_ministers/letta/csv_out/90768_letta_s2t.csv,1.2919896640826873,0.0,774
letta,/home/mhetac/Documents/GitHub/crossdem/datasets/prime_ministers/letta/csv_out/432621_letta_s2t.csv,0.0,0.0,139
letta,/home/mhetac/Documents/GitHub/crossdem/datasets/prime_ministers/letta/csv_out/402289_letta_s2t.csv,0.0,0.0,115
renzi,/home/mhetac/Documents/GitHub/crossdem/datasets/prime_ministers/renzi/csv_out/416610_renzi_s2t.csv,0.9937535491198183,0.0,7044
renzi,/home/mhetac/Documents/GitHub/crossdem/datasets/prime_ministers/renzi/csv_out/417751_renzi_s2t.csv,1.1998080307150856,0.0,12502
renzi,/home/mhetac/Documents/GitHub/crossdem/datasets/prime_ministers/renzi/csv_out/420179_renzi_s2t.csv,0.0,0.0,553
renzi,/home/mhetac/Documents/GitHub/crossdem/datasets/prime_ministers/renzi/csv_out/420181_renzi_s2t.csv,1.5485407980941037,0.0,8395
renzi,/home/mhetac/Documents/GitHub/crossdem/datasets/prime_ministers/renzi/csv_out/420951_renzi_s2t.csv,0.5307855626326964,0.0,5652
renzi,/home/mhetac/Documents/GitHub/crossdem/datasets/prime_ministers/renzi/csv_out/424510_renzi_s2t.csv,2.995293110825845,0.0,4674
renzi,/home/mhetac/Documents/GitHub/crossdem/datasets/prime_ministers/renzi/csv_out/425578_renzi_s2t.csv,1.8972931950417404,0.0,7906
renzi,/home/mhetac/Documents/GitHub/crossdem/datasets/prime_ministers/renzi/csv_out/428317_renzi_s2t.csv,2.5583626479053407,0.0,6254
renzi,/home/mhetac/Documents/GitHub/crossdem/datasets/prime_ministers/renzi/csv_out/432393_renzi_s2t.csv,0.2544529262086514,0.0,3930
renzi,/home/mhetac/Documents/GitHub/crossdem/datasets/prime_ministers/renzi/csv_out/443606_renzi_s2t.csv,2.0191822311963654,0.0,7924
renzi,/home/mhetac/Documents/GitHub/crossdem/datasets/prime_ministers/renzi/csv_out/450268_renzi_s2t.csv,1.2325779842609272,5.376344086021505,10547
renzi,/home/mhetac/Documents/GitHub/crossdem/datasets/prime_ministers/renzi/csv_out/459392_renzi_s2t.csv,2.0371785077667433,0.0,3927
renzi,/home/mhetac/Documents/GitHub/crossdem/datasets/prime_ministers/renzi/csv_out/474274_renzi_s2t.csv,3.582624272279445,0.0,2233
renzi,/home/mhetac/Documents/GitHub/crossdem/datasets/prime_ministers/renzi/csv_out/474693_renzi_s2t.csv,1.6371340523882896,0.0,10384
renzi,/home/mhetac/Documents/GitHub/crossdem/datasets/prime_ministers/renzi/csv_out/475630_renzi_s2t.csv,4.095112285336856,0.0,7570
renzi,/home/mhetac/Documents/GitHub/crossdem/datasets/prime_ministers/renzi/csv_out/488539_renzi_s2t.csv,1.0838933448948624,0.0,4613
renzi,/home/mhetac/Documents/GitHub/crossdem/datasets/prime_ministers/renzi/csv_out/488838_renzi_s2t.csv,0.5451373746184038,0.0,9172
renzi,/home/mhetac/Documents/GitHub/crossdem/datasets/prime_ministers/renzi/csv_out/491163_renzi_s2t.csv,0.0,0.0,2264
renzi,/home/mhetac/Documents/GitHub/crossdem/datasets/prime_ministers/renzi/csv_out/491165_renzi_s2t.csv,0.0,0.0,1188
renzi,/home/mhetac/Documents/GitHub/crossdem/datasets/prime_ministers/renzi/csv_out/494221_renzi_s2t.csv,3.515625,0.0,2560
renzi,/home/mhetac/Documents/GitHub/crossdem/datasets/prime_ministers/renzi/csv_out/494939_renzi_s2t.csv,5.031446540880503,0.0,1590
renzi,/home/mhetac/Documents/GitHub/crossdem/datasets/prime_ministers/renzi/csv_out/500087_renzi_s2t.csv,2.804414691514384,0.0,11054
renzi,/home/mhetac/Documents/GitHub/crossdem/datasets/prime_ministers/renzi/csv_out/508175_renzi_s2t.csv,2.207505518763797,0.0,8154
renzi,/home/mhetac/Documents/GitHub/crossdem/datasets/prime_ministers/renzi/csv_out/510361_renzi_s2t.csv,2.0869249614372563,0.0,11021
renzi,/home/mhetac/Documents/GitHub/crossdem/datasets/prime_ministers/renzi/csv_out/521281_renzi_s2t.csv,2.9688273132112815,0.0,4042
renzi,/home/mhetac/Documents/GitHub/crossdem/datasets/prime_ministers/renzi/csv_out/523887_renzi_s2t.csv,1.6597510373443984,0.0,2410
renzi,/home/mhetac/Documents/GitHub/crossdem/datasets/prime_ministers/renzi/csv_out/526475_renzi_s2t.csv,2.247191011235955,0.0,7565
renzi,/home/mhetac/Documents/GitHub/crossdem/datasets/prime_ministers/renzi/csv_out/657843_renzi_s2t.csv,1.725997842502697,0.0,4635
renzi,/home/mhetac/Documents/GitHub/crossdem/datasets/prime_ministers/renzi/csv_out/352628_renzi_s2t.csv,2.968460111317254,0.0,2695
renzi,/home/mhetac/Documents/GitHub/crossdem/datasets/prime_ministers/renzi/csv_out/348740_renzi_s2t.csv,0.0,0.0,1789
renzi,/home/mhetac/Documents/GitHub/crossdem/datasets/prime_ministers/renzi/csv_out/346117_renzi_s2t.csv,0.0,0.0,585
renzi,/home/mhetac/Documents/GitHub/crossdem/datasets/prime_ministers/renzi/csv_out/336992_renzi_s2t.csv,2.4630541871921183,0.0,1624
renzi,/home/mhetac/Documents/GitHub/crossdem/datasets/prime_ministers/renzi/csv_out/306016_renzi_s2t.csv,0.0,0.0,731
renzi,/home/mhetac/Documents/GitHub/crossdem/datasets/prime_ministers/renzi/csv_out/305587_renzi_s2t.csv,2.525252525252525,0.0,396
renzi,/home/mhetac/Documents/GitHub/crossdem/datasets/prime_ministers/renzi/csv_out/290276_renzi_s2t.csv,0.0,0.0,430
renzi,/home/mhetac/Documents/GitHub/crossdem/datasets/prime_ministers/renzi/csv_out/274388_renzi_s2t.csv,7.820646506777893,0.0,1918
renzi,/home/mhetac/Documents/GitHub/crossdem/datasets/prime_ministers/renzi/csv_out/258248_renzi_s2t.csv,1.419950301739439,0.0,2817
renzi,/home/mhetac/Documents/GitHub/crossdem/datasets/prime_ministers/renzi/csv_out/253574_renzi_s2t.csv,2.6041666666666665,0.0,1536
renzi,/home/mhetac/Documents/GitHub/crossdem/datasets/prime_ministers/renzi/csv_out/238708_renzi_s2t.csv,2.677376171352075,0.0,747
renzi,/home/mhetac/Documents/GitHub/crossdem/datasets/prime_ministers/renzi/csv_out/238176_renzi_s2t.csv,2.0134228187919465,0.0,1490
renzi,/home/mhetac/Documents/GitHub/crossdem/datasets/prime_ministers/renzi/csv_out/235005_renzi_s2t.csv,2.995008319467554,0.0,3005
renzi,/home/mhetac/Documents/GitHub/crossdem/datasets/prime_ministers/renzi/csv_out/213295_renzi_s2t.csv,0.0,0.0,893
renzi,/home/mhetac/Documents/GitHub/crossdem/datasets/prime_ministers/renzi/csv_out/212924_renzi_s2t.csv,4.0,0.0,1250
renzi,/home/mhetac/Documents/GitHub/crossdem/datasets/prime_ministers/renzi/csv_out/211313_renzi_s2t.csv,0.5617977528089888,0.0,3560
renzi,/home/mhetac/Documents/GitHub/crossdem/datasets/prime_ministers/renzi/csv_out/210704_renzi_s2t.csv,0.0,0.0,1764
renzi,/home/mhetac/Documents/GitHub/crossdem/datasets/prime_ministers/renzi/csv_out/210592_renzi_s2t.csv,0.0,0.0,759
renzi,/home/mhetac/Documents/GitHub/crossdem/datasets/prime_ministers/renzi/csv_out/207702_renzi_s2t.csv,1.6150740242261103,0.0,3715
renzi,/home/mhetac/Documents/GitHub/crossdem/datasets/prime_ministers/renzi/csv_out/200209_renzi_s2t.csv,0.0,0.0,1681
renzi,/home/mhetac/Documents/GitHub/crossdem/datasets/prime_ministers/renzi/csv_out/250870_renzi_s2t.csv,0.0,0.0,581
renzi,/home/mhetac/Documents/GitHub/crossdem/datasets/prime_ministers/renzi/csv_out/247401_renzi_s2t.csv,2.0202020202020203,0.0,1485
renzi,/home/mhetac/Documents/GitHub/crossdem/datasets/prime_ministers/renzi/csv_out/223513_renzi_s2t.csv,0.0,0.0,1498
renzi,/home/mhetac/Documents/GitHub/crossdem/datasets/prime_ministers/renzi/csv_out/223323_renzi_s2t.csv,0.0,0.0,379
renzi,/home/mhetac/Documents/GitHub/crossdem/datasets/prime_ministers/renzi/csv_out/198054_renzi_s2t.csv,3.278688524590164,0.0,305
renzi,/home/mhetac/Documents/GitHub/crossdem/datasets/prime_ministers/renzi/csv_out/194151_renzi_s2t.csv,0.9560229445506692,0.0,1046
renzi,/home/mhetac/Documents/GitHub/crossdem/datasets/prime_ministers/renzi/csv_out/164448_renzi_s2t.csv,0.9923916639100232,0.0,3023
renzi,/home/mhetac/Documents/GitHub/crossdem/datasets/prime_ministers/renzi/csv_out/160110_renzi_s2t.csv,0.0,0.0,597
renzi,/home/mhetac/Documents/GitHub/crossdem/datasets/prime_ministers/renzi/csv_out/158644_renzi_s2t.csv,0.0,0.0,514
renzi,/home/mhetac/Documents/GitHub/crossdem/datasets/prime_ministers/renzi/csv_out/130850_renzi_s2t.csv,1.8099547511312217,0.0,1105
renzi,/home/mhetac/Documents/GitHub/crossdem/datasets/prime_ministers/renzi/csv_out/94710_renzi_s2t.csv,1.4814814814814814,0.0,675
renzi,/home/mhetac/Documents/GitHub/crossdem/datasets/prime_ministers/renzi/csv_out/419732_renzi_s2t.csv,0.0,0.0,320
renzi,/home/mhetac/Documents/GitHub/crossdem/datasets/prime_ministers/renzi/csv_out/728367_renzi_s2t.csv,1.2406947890818858,0.0,806
renzi,/home/mhetac/Documents/GitHub/crossdem/datasets/prime_ministers/renzi/csv_out/671887_renzi_s2t.csv,0.0,0.0,259
renzi,/home/mhetac/Documents/GitHub/crossdem/datasets/prime_ministers/renzi/csv_out/644851_renzi_s2t.csv,6.079027355623101,0.0,329
renzi,/home/mhetac/Documents/GitHub/crossdem/datasets/prime_ministers/renzi/csv_out/607678_renzi_s2t.csv,1.0848928668294007,0.0,3687
renzi,/home/mhetac/Documents/GitHub/crossdem/datasets/prime_ministers/renzi/csv_out/581545_renzi_s2t.csv,0.0,0.0,602
renzi,/home/mhetac/Documents/GitHub/crossdem/datasets/prime_ministers/renzi/csv_out/570442_renzi_s2t.csv,9.03225806451613,0.0,775
renzi,/home/mhetac/Documents/GitHub/crossdem/datasets/prime_ministers/renzi/csv_out/563283_renzi_s2t.csv,6.666666666666667,0.0,300
renzi,/home/mhetac/Documents/GitHub/crossdem/datasets/prime_ministers/renzi/csv_out/490004_renzi_s2t.csv,4.6801872074882995,0.0,641
renzi,/home/mhetac/Documents/GitHub/crossdem/datasets/prime_ministers/renzi/csv_out/479736_renzi_s2t.csv,0.0,0.0,364
renzi,/home/mhetac/Documents/GitHub/crossdem/datasets/prime_ministers/renzi/csv_out/475841_renzi_s2t.csv,0.0,0.0,218
renzi,/home/mhetac/Documents/GitHub/crossdem/datasets/prime_ministers/renzi/csv_out/470011_renzi_s2t.csv,0.0,0.0,530
renzi,/home/mhetac/Documents/GitHub/crossdem/datasets/prime_ministers/renzi/csv_out/469812_renzi_s2t.csv,0.0,0.0,107
renzi,/home/mhetac/Documents/GitHub/crossdem/datasets/prime_ministers/renzi/csv_out/469025_renzi_s2t.csv,2.9940119760479043,0.0,1002
renzi,/home/mhetac/Documents/GitHub/crossdem/datasets/prime_ministers/renzi/csv_out/467403_renzi_s2t.csv,1.2062726176115801,0.0,829
renzi,/home/mhetac/Documents/GitHub/crossdem/datasets/prime_ministers/renzi/csv_out/460484_renzi_s2t.csv,2.846299810246679,0.0,1054
renzi,/home/mhetac/Documents/GitHub/crossdem/datasets/prime_ministers/renzi/csv_out/456100_renzi_s2t.csv,0.8904719501335708,0.0,1123
renzi,/home/mhetac/Documents/GitHub/crossdem/datasets/prime_ministers/renzi/csv_out/453949_renzi_s2t.csv,0.0,0.0,1647
renzi,/home/mhetac/Documents/GitHub/crossdem/datasets/prime_ministers/renzi/csv_out/446607_renzi_s2t.csv,0.0,0.0,1165
renzi,/home/mhetac/Documents/GitHub/crossdem/datasets/prime_ministers/renzi/csv_out/446114_renzi_s2t.csv,0.0,0.0,128
renzi,/home/mhetac/Documents/GitHub/crossdem/datasets/prime_ministers/renzi/csv_out/433686_renzi_s2t.csv,16.233766233766232,0.0,308
renzi,/home/mhetac/Documents/GitHub/crossdem/datasets/prime_ministers/renzi/csv_out/430505_renzi_s2t.csv,3.4129692832764507,0.0,586
renzi,/home/mhetac/Documents/GitHub/crossdem/datasets/prime_ministers/renzi/csv_out/427302_renzi_s2t.csv,0.0,0.0,488
renzi,/home/mhetac/Documents/GitHub/crossdem/datasets/prime_ministers/renzi/csv_out/424598_renzi_s2t.csv,0.0,0.0,1142
renzi,/home/mhetac/Documents/GitHub/crossdem/datasets/prime_ministers/renzi/csv_out/424497_renzi_s2t.csv,2.244668911335578,0.0,891
renzi,/home/mhetac/Documents/GitHub/crossdem/datasets/prime_ministers/renzi/csv_out/424496_renzi_s2t.csv,0.0,0.0,457
renzi,/home/mhetac/Documents/GitHub/crossdem/datasets/prime_ministers/renzi/csv_out/420967_renzi_s2t.csv,1.3831258644536653,0.0,723
renzi,/home/mhetac/Documents/GitHub/crossdem/datasets/prime_ministers/renzi/csv_out/412488_renzi_s2t.csv,0.0,0.0,367
renzi,/home/mhetac/Documents/GitHub/crossdem/datasets/prime_ministers/renzi/csv_out/411250_renzi_s2t.csv,1.0596962204168139,0.0,2831
renzi,/home/mhetac/Documents/GitHub/crossdem/datasets/prime_ministers/renzi/csv_out/407712_renzi_s2t.csv,1.9029495718363463,0.0,1051
renzi,/home/mhetac/Documents/GitHub/crossdem/datasets/prime_ministers/renzi/csv_out/405400_renzi_s2t.csv,2.865329512893983,0.0,349
renzi,/home/mhetac/Documents/GitHub/crossdem/datasets/prime_ministers/renzi/csv_out/404079_renzi_s2t.csv,0.9237875288683602,0.0,2165
renzi,/home/mhetac/Documents/GitHub/crossdem/datasets/prime_ministers/renzi/csv_out/404078_renzi_s2t.csv,1.5232292460015233,0.0,1313
renzi,/home/mhetac/Documents/GitHub/crossdem/datasets/prime_ministers/renzi/csv_out/288955_renzi_s2t.csv,0.0,0.0,340
renzi,/home/mhetac/Documents/GitHub/crossdem/datasets/prime_ministers/renzi/csv_out/531322_renzi_s2t.csv,3.494240973210819,0.0,7727
renzi,/home/mhetac/Documents/GitHub/crossdem/datasets/prime_ministers/renzi/csv_out/522466_renzi_s2t.csv,6.267806267806268,0.0,5265
renzi,/home/mhetac/Documents/GitHub/crossdem/datasets/prime_ministers/renzi/csv_out/493933_renzi_s2t.csv,1.1930801352157487,0.0,5029
renzi,/home/mhetac/Documents/GitHub/crossdem/datasets/prime_ministers/renzi/csv_out/487256_renzi_s2t.csv,2.539912917271408,0.0,8268
renzi,/home/mhetac/Documents/GitHub/crossdem/datasets/prime_ministers/renzi/csv_out/483430_renzi_s2t.csv,2.9639762881896945,0.0,8772
renzi,/home/mhetac/Documents/GitHub/crossdem/datasets/prime_ministers/renzi/csv_out/476995_renzi_s2t.csv,4.207573632538569,0.0,4278
renzi,/home/mhetac/Documents/GitHub/crossdem/datasets/prime_ministers/renzi/csv_out/473762_renzi_s2t.csv,1.8248175182481752,0.0,8768
renzi,/home/mhetac/Documents/GitHub/crossdem/datasets/prime_ministers/renzi/csv_out/451927_renzi_s2t.csv,0.8591065292096219,0.0,6984
renzi,/home/mhetac/Documents/GitHub/crossdem/datasets/prime_ministers/renzi/csv_out/443009_renzi_s2t.csv,2.4656569214512154,0.0,5678
renzi,/home/mhetac/Documents/GitHub/crossdem/datasets/prime_ministers/renzi/csv_out/442949_renzi_s2t.csv,3.1014621178555606,0.0,6771
renzi,/home/mhetac/Documents/GitHub/crossdem/datasets/prime_ministers/renzi/csv_out/441110_renzi_s2t.csv,1.9055684946008893,0.0,4723
renzi,/home/mhetac/Documents/GitHub/crossdem/datasets/prime_ministers/renzi/csv_out/412048_renzi_s2t.csv,3.2781511227667597,125.0,6101
renzi,/home/mhetac/Documents/GitHub/crossdem/datasets/prime_ministers/renzi/csv_out/411963_renzi_s2t.csv,4.040884240551462,0.0,4207
renzi,/home/mhetac/Documents/GitHub/crossdem/datasets/prime_ministers/renzi/csv_out/411750_renzi_s2t.csv,2.7137042062415198,0.0,7370
renzi,/home/mhetac/Documents/GitHub/crossdem/datasets/prime_ministers/renzi/csv_out/411747_renzi_s2t.csv,3.1658092599920855,0.0,2527
renzi,/home/mhetac/Documents/GitHub/crossdem/datasets/prime_ministers/renzi/csv_out/411236_renzi_s2t.csv,3.3112582781456954,0.0,2718
renzi,/home/mhetac/Documents/GitHub/crossdem/datasets/prime_ministers/renzi/csv_out/382148_renzi_s2t.csv,0.0,0.0,2191
renzi,/home/mhetac/Documents/GitHub/crossdem/datasets/prime_ministers/renzi/csv_out/381451_renzi_s2t.csv,0.8855827134254339,0.0,5646
renzi,/home/mhetac/Documents/GitHub/crossdem/datasets/prime_ministers/renzi/csv_out/355353_renzi_s2t.csv,2.596609133954483,0.0,6547
renzi,/home/mhetac/Documents/GitHub/crossdem/datasets/prime_ministers/renzi/csv_out/281682_renzi_s2t.csv,1.6366612111292962,0.0,1222
renzi,/home/mhetac/Documents/GitHub/crossdem/datasets/prime_ministers/renzi/csv_out/212727_renzi_s2t.csv,0.0,0.0,638
renzi,/home/mhetac/Documents/GitHub/crossdem/datasets/prime_ministers/renzi/csv_out/257518_renzi_s2t.csv,0.7993605115907274,0.0,1251
renzi,/home/mhetac/Documents/GitHub/crossdem/datasets/prime_ministers/renzi/csv_out/257812_renzi_s2t.csv,0.0,0.0,440
renzi,/home/mhetac/Documents/GitHub/crossdem/datasets/prime_ministers/renzi/csv_out/257446_renzi_s2t.csv,0.0,0.0,440
renzi,/home/mhetac/Documents/GitHub/crossdem/datasets/prime_ministers/renzi/csv_out/198194_renzi_s2t.csv,0.0,0.0,304
renzi,/home/mhetac/Documents/GitHub/crossdem/datasets/prime_ministers/renzi/csv_out/160102_renzi_s2t.csv,0.0,0.0,578
renzi,/home/mhetac/Documents/GitHub/crossdem/datasets/prime_ministers/renzi/csv_out/158966_renzi_s2t.csv,0.0,0.0,96
renzi,/home/mhetac/Documents/GitHub/crossdem/datasets/prime_ministers/renzi/csv_out/158586_renzi_s2t.csv,0.0,0.0,704
renzi,/home/mhetac/Documents/GitHub/crossdem/datasets/prime_ministers/renzi/csv_out/157054_renzi_s2t.csv,0.0,0.0,941
renzi,/home/mhetac/Documents/GitHub/crossdem/datasets/prime_ministers/renzi/csv_out/535041_renzi_s2t.csv,4.375303840544483,0.0,2057
renzi,/home/mhetac/Documents/GitHub/crossdem/datasets/prime_ministers/renzi/csv_out/400257_renzi_s2t.csv,0.5320092214931725,0.0,5639
renzi,/home/mhetac/Documents/GitHub/crossdem/datasets/prime_ministers/renzi/csv_out/275005_renzi_s2t.csv,0.5045408678102926,0.0,1982
renzi,/home/mhetac/Documents/GitHub/crossdem/datasets/prime_ministers/renzi/csv_out/479987_renzi_s2t.csv,0.0,0.0,2134
renzi,/home/mhetac/Documents/GitHub/crossdem/datasets/prime_ministers/renzi/csv_out/467025_renzi_s2t.csv,0.9492168960607499,0.0,2107
renzi,/home/mhetac/Documents/GitHub/crossdem/datasets/prime_ministers/renzi/csv_out/461200_renzi_s2t.csv,2.876778008630334,5.681818181818182,6257
renzi,/home/mhetac/Documents/GitHub/crossdem/datasets/prime_ministers/renzi/csv_out/453626_renzi_s2t.csv,2.3785926660059467,0.0,5045
renzi,/home/mhetac/Documents/GitHub/crossdem/datasets/prime_ministers/renzi/csv_out/434274_renzi_s2t.csv,0.7449714427613608,0.0,8054
renzi,/home/mhetac/Documents/GitHub/crossdem/datasets/prime_ministers/renzi/csv_out/431013_renzi_s2t.csv,2.4010976446375487,5.58659217877095,8746
renzi,/home/mhetac/Documents/GitHub/crossdem/datasets/prime_ministers/renzi/csv_out/424588_renzi_s2t.csv,1.0826416456153014,0.0,2771
renzi,/home/mhetac/Documents/GitHub/crossdem/datasets/prime_ministers/renzi/csv_out/359180_renzi_s2t.csv,1.3280212483399734,16.39344262295082,9789
renzi,/home/mhetac/Documents/GitHub/crossdem/datasets/prime_ministers/renzi/csv_out/245660_renzi_s2t.csv,0.0,0.0,1003
renzi,/home/mhetac/Documents/GitHub/crossdem/datasets/prime_ministers/renzi/csv_out/238174_renzi_s2t.csv,1.8050541516245486,0.0,554
renzi,/home/mhetac/Documents/GitHub/crossdem/datasets/prime_ministers/renzi/csv_out/236975_renzi_s2t.csv,1.3201320132013201,0.0,4545
renzi,/home/mhetac/Documents/GitHub/crossdem/datasets/prime_ministers/renzi/csv_out/215058_renzi_s2t.csv,4.291845493562231,0.0,466
renzi,/home/mhetac/Documents/GitHub/crossdem/datasets/prime_ministers/renzi/csv_out/680563_renzi_s2t.csv,0.0,0.0,75
renzi,/home/mhetac/Documents/GitHub/crossdem/datasets/prime_ministers/renzi/csv_out/471952_renzi_s2t.csv,1.9076168415315438,0.0,7339
renzi,/home/mhetac/Documents/GitHub/crossdem/datasets/prime_ministers/renzi/csv_out/338605_renzi_s2t.csv,1.4239943040227838,0.0,5618
renzi,/home/mhetac/Documents/GitHub/crossdem/datasets/prime_ministers/renzi/csv_out/338604_renzi_s2t.csv,1.001001001001001,0.0,1998
renzi,/home/mhetac/Documents/GitHub/crossdem/datasets/prime_ministers/renzi/csv_out/738816_renzi_s2t.csv,0.7437156031533542,1.976284584980237,20169
renzi,/home/mhetac/Documents/GitHub/crossdem/datasets/prime_ministers/renzi/csv_out/337200_renzi_s2t.csv,0.26121027427078797,0.0,11485
gentiloni,/home/mhetac/Documents/GitHub/crossdem/datasets/prime_ministers/gentiloni/csv_out/702281_gentiloni_s2t.csv,1.5698587127158556,0.0,637
conte,/home/mhetac/Documents/GitHub/crossdem/datasets/prime_ministers/conte/csv_out/144567_conte_s2t.csv,5.338078291814947,0.0,562
conte,/home/mhetac/Documents/GitHub/crossdem/datasets/prime_ministers/conte/csv_out/144720_conte_s2t.csv,2.5974025974025974,0.0,1925
conte,/home/mhetac/Documents/GitHub/crossdem/datasets/prime_ministers/conte/csv_out/156269_conte_s2t.csv,0.0,0.0,40
conte,/home/mhetac/Documents/GitHub/crossdem/datasets/prime_ministers/conte/csv_out/157348_conte_s2t.csv,1.6778523489932886,0.0,596
conte,/home/mhetac/Documents/GitHub/crossdem/datasets/prime_ministers/conte/csv_out/200864_conte_s2t.csv,1.4577259475218658,0.0,686
conte,/home/mhetac/Documents/GitHub/crossdem/datasets/prime_ministers/conte/csv_out/245389_conte_s2t.csv,0.0,0.0,7363
conte,/home/mhetac/Documents/GitHub/crossdem/datasets/prime_ministers/conte/csv_out/249513_conte_s2t.csv,0.14482259232440262,0.0,6905
conte,/home/mhetac/Documents/GitHub/crossdem/datasets/prime_ministers/conte/csv_out/542637_conte_s2t.csv,4.3383947939262475,0.0,461
conte,/home/mhetac/Documents/GitHub/crossdem/datasets/prime_ministers/conte/csv_out/545702_conte_s2t.csv,0.0,0.0,527
conte,/home/mhetac/Documents/GitHub/crossdem/datasets/prime_ministers/conte/csv_out/545708_conte_s2t.csv,0.0,0.0,180
conte,/home/mhetac/Documents/GitHub/crossdem/datasets/prime_ministers/conte/csv_out/552997_conte_s2t.csv,2.4539877300613497,0.0,1630
conte,/home/mhetac/Documents/GitHub/crossdem/datasets/prime_ministers/conte/csv_out/558258_conte_s2t.csv,0.0,0.0,242
conte,/home/mhetac/Documents/GitHub/crossdem/datasets/prime_ministers/conte/csv_out/560551_conte_s2t.csv,0.0,0.0,783
conte,/home/mhetac/Documents/GitHub/crossdem/datasets/prime_ministers/conte/csv_out/576507_conte_s2t.csv,2.2500803600128574,0.0,3111
conte,/home/mhetac/Documents/GitHub/crossdem/datasets/prime_ministers/conte/csv_out/588516_conte_s2t.csv,0.27359781121751026,0.0,3655
conte,/home/mhetac/Documents/GitHub/crossdem/datasets/prime_ministers/conte/csv_out/588717_conte_s2t.csv,0.3436426116838488,0.0,2910
conte,/home/mhetac/Documents/GitHub/crossdem/datasets/prime_ministers/conte/csv_out/591800_conte_s2t.csv,0.0,0.0,1820
conte,/home/mhetac/Documents/GitHub/crossdem/datasets/prime_ministers/conte/csv_out/593208_conte_s2t.csv,5.154639175257732,0.0,970
conte,/home/mhetac/Documents/GitHub/crossdem/datasets/prime_ministers/conte/csv_out/605474_conte_s2t.csv,0.0,0.0,169
conte,/home/mhetac/Documents/GitHub/crossdem/datasets/prime_ministers/conte/csv_out/606447_conte_s2t.csv,2.7247956403269753,0.0,367
conte,/home/mhetac/Documents/GitHub/crossdem/datasets/prime_ministers/conte/csv_out/684629_conte_s2t.csv,0.8900523560209425,1.364256480218281,19100
conte,/home/mhetac/Documents/GitHub/crossdem/datasets/prime_ministers/conte/csv_out/702996_conte_s2t.csv,0.0,0.0,239
conte,/home/mhetac/Documents/GitHub/crossdem/datasets/prime_ministers/conte/csv_out/751181_conte_s2t.csv,0.0,0.0,432
conte,/home/mhetac/Documents/GitHub/crossdem/datasets/prime_ministers/conte/csv_out/761528_conte_s2t.csv,0.0,0.0,280
conte,/home/mhetac/Documents/GitHub/crossdem/datasets/prime_ministers/conte/csv_out/761713_conte_s2t.csv,3.5236081747709656,0.0,1419
conte,/home/mhetac/Documents/GitHub/crossdem/datasets/prime_ministers/conte/csv_out/762705_conte_s2t.csv,2.159827213822894,0.0,463
conte,/home/mhetac/Documents/GitHub/crossdem/datasets/prime_ministers/conte/csv_out/782769_conte_s2t.csv,0.0,0.0,68
conte,/home/mhetac/Documents/GitHub/crossdem/datasets/prime_ministers/conte/csv_out/722633_conte_s2t.csv,0.0,0.0,79
conte,/home/mhetac/Documents/GitHub/crossdem/datasets/prime_ministers/conte/csv_out/562042_conte_s2t.csv,0.0,0.0,78
conte,/home/mhetac/Documents/GitHub/crossdem/datasets/prime_ministers/conte/csv_out/542640_conte_s2t.csv,0.0,0.0,80
draghi,/home/mhetac/Documents/GitHub/crossdem/datasets/prime_ministers/draghi/csv_out/102432_draghi_s2t.csv,0.5232862375719518,0.0,3822
draghi,/home/mhetac/Documents/GitHub/crossdem/datasets/prime_ministers/draghi/csv_out/103752_draghi_s2t.csv,0.0,0.0,1435
draghi,/home/mhetac/Documents/GitHub/crossdem/datasets/prime_ministers/draghi/csv_out/109135_draghi_s2t.csv,1.0070493454179255,0.0,3972
draghi,/home/mhetac/Documents/GitHub/crossdem/datasets/prime_ministers/draghi/csv_out/114916_draghi_s2t.csv,0.23094688221709006,0.0,4330
draghi,/home/mhetac/Documents/GitHub/crossdem/datasets/prime_ministers/draghi/csv_out/201434_draghi_s2t.csv,0.4952947003467063,0.0,4038
draghi,/home/mhetac/Documents/GitHub/crossdem/datasets/prime_ministers/draghi/csv_out/227063_draghi_s2t.csv,1.2333221213140486,0.0,8919
draghi,/home/mhetac/Documents/GitHub/crossdem/datasets/prime_ministers/draghi/csv_out/230332_draghi_s2t.csv,0.7403294466037387,0.0,5403
draghi,/home/mhetac/Documents/GitHub/crossdem/datasets/prime_ministers/draghi/csv_out/234785_draghi_s2t.csv,2.3515579071134627,0.0,3402
draghi,/home/mhetac/Documents/GitHub/crossdem/datasets/prime_ministers/draghi/csv_out/238978_draghi_s2t.csv,1.6988744956466342,0.0,4709
draghi,/home/mhetac/Documents/GitHub/crossdem/datasets/prime_ministers/draghi/csv_out/257271_draghi_s2t.csv,5.949429846306396,0.0,2017
draghi,/home/mhetac/Documents/GitHub/crossdem/datasets/prime_ministers/draghi/csv_out/258029_draghi_s2t.csv,1.6093341380004023,0.0,4971
draghi,/home/mhetac/Documents/GitHub/crossdem/datasets/prime_ministers/draghi/csv_out/270761_draghi_s2t.csv,2.1715526601520088,0.0,2763
draghi,/home/mhetac/Documents/GitHub/crossdem/datasets/prime_ministers/draghi/csv_out/283097_draghi_s2t.csv,1.836884643644379,0.0,5444
draghi,/home/mhetac/Documents/GitHub/crossdem/datasets/prime_ministers/draghi/csv_out/290286_draghi_s2t.csv,8.692365835222978,0.0,2646
draghi,/home/mhetac/Documents/GitHub/crossdem/datasets/prime_ministers/draghi/csv_out/321807_draghi_s2t.csv,0.0,0.0,4480
draghi,/home/mhetac/Documents/GitHub/crossdem/datasets/prime_ministers/draghi/csv_out/323562_draghi_s2t.csv,4.390018484288355,0.0,8656
draghi,/home/mhetac/Documents/GitHub/crossdem/datasets/prime_ministers/draghi/csv_out/325329_draghi_s2t.csv,8.712969878018422,0.0,4017
draghi,/home/mhetac/Documents/GitHub/crossdem/datasets/prime_ministers/draghi/csv_out/331822_draghi_s2t.csv,3.4998409163219852,0.0,3143
draghi,/home/mhetac/Documents/GitHub/crossdem/datasets/prime_ministers/draghi/csv_out/461305_draghi_s2t.csv,2.3778071334214004,0.0,3785
draghi,/home/mhetac/Documents/GitHub/crossdem/datasets/prime_ministers/draghi/csv_out/694108_draghi_s2t.csv,0.4982561036372696,0.0,2007
draghi,/home/mhetac/Documents/GitHub/crossdem/datasets/prime_ministers/draghi/csv_out/87487_draghi_s2t.csv,3.304224687278735,0.0,4237
draghi,/home/mhetac/Documents/GitHub/crossdem/datasets/prime_ministers/draghi/csv_out/95906_draghi_s2t.csv,0.31259768677711786,0.0,3199
draghi,/home/mhetac/Documents/GitHub/crossdem/datasets/prime_ministers/draghi/csv_out/112797_draghi_s2t.csv,0.0,0.0,1166
draghi,/home/mhetac/Documents/GitHub/crossdem/datasets/prime_ministers/draghi/csv_out/109051_draghi_s2t.csv,8.711600183402108,0.0,4362
draghi,/home/mhetac/Documents/GitHub/crossdem/datasets/prime_ministers/draghi/csv_out/94701_draghi_s2t.csv,0.4452359750667854,0.0,2246
draghi,/home/mhetac/Documents/GitHub/crossdem/datasets/prime_ministers/draghi/csv_out/329983_draghi_s2t.csv,0.0,0.0,37
meloni,/home/mhetac/Documents/GitHub/crossdem/datasets/prime_ministers/meloni/csv_out/124586_meloni_s2t.csv,0.0,0.0,1406
meloni,/home/mhetac/Documents/GitHub/crossdem/datasets/prime_ministers/meloni/csv_out/133778_meloni_s2t.csv,1.243781094527363,0.0,804
meloni,/home/mhetac/Documents/GitHub/crossdem/datasets/prime_ministers/meloni/csv_out/134365_meloni_s2t.csv,2.544529262086514,0.0,1179
meloni,/home/mhetac/Documents/GitHub/crossdem/datasets/prime_ministers/meloni/csv_out/135795_meloni_s2t.csv,3.5561877667140824,0.0,1406
meloni,/home/mhetac/Documents/GitHub/crossdem/datasets/prime_ministers/meloni/csv_out/136073_meloni_s2t.csv,0.0,0.0,1330
meloni,/home/mhetac/Documents/GitHub/crossdem/datasets/prime_ministers/meloni/csv_out/138787_meloni_s2t.csv,1.2395413696932136,0.0,3227
meloni,/home/mhetac/Documents/GitHub/crossdem/datasets/prime_ministers/meloni/csv_out/142749_meloni_s2t.csv,1.556420233463035,0.0,2570
meloni,/home/mhetac/Documents/GitHub/crossdem/datasets/prime_ministers/meloni/csv_out/143147_meloni_s2t.csv,0.0,0.0,725
meloni,/home/mhetac/Documents/GitHub/crossdem/datasets/prime_ministers/meloni/csv_out/143616_meloni_s2t.csv,2.0533880903490758,0.0,4383
meloni,/home/mhetac/Documents/GitHub/crossdem/datasets/prime_ministers/meloni/csv_out/143798_meloni_s2t.csv,2.205071664829107,0.0,907
meloni,/home/mhetac/Documents/GitHub/crossdem/datasets/prime_ministers/meloni/csv_out/158105_meloni_s2t.csv,3.885381253035454,0.0,2059
meloni,/home/mhetac/Documents/GitHub/crossdem/datasets/prime_ministers/meloni/csv_out/159695_meloni_s2t.csv,0.0,0.0,1107
meloni,/home/mhetac/Documents/GitHub/crossdem/datasets/prime_ministers/meloni/csv_out/161055_meloni_s2t.csv,0.0,0.0,992
meloni,/home/mhetac/Documents/GitHub/crossdem/datasets/prime_ministers/meloni/csv_out/161496_meloni_s2t.csv,1.4749262536873156,0.0,1356
meloni,/home/mhetac/Documents/GitHub/crossdem/datasets/prime_ministers/meloni/csv_out/161511_meloni_s2t.csv,0.42625745950554134,34.48275862068966,2346
meloni,/home/mhetac/Documents/GitHub/crossdem/datasets/prime_ministers/meloni/csv_out/162993_meloni_s2t.csv,1.0282776349614395,0.0,1945
meloni,/home/mhetac/Documents/GitHub/crossdem/datasets/prime_ministers/meloni/csv_out/194111_meloni_s2t.csv,1.6227180527383367,0.0,2465
meloni,/home/mhetac/Documents/GitHub/crossdem/datasets/prime_ministers/meloni/csv_out/199404_meloni_s2t.csv,0.0,0.0,1631
meloni,/home/mhetac/Documents/GitHub/crossdem/datasets/prime_ministers/meloni/csv_out/205851_meloni_s2t.csv,2.586652871184687,0.0,1933
meloni,/home/mhetac/Documents/GitHub/crossdem/datasets/prime_ministers/meloni/csv_out/207263_meloni_s2t.csv,1.7421602787456445,0.0,1722
meloni,/home/mhetac/Documents/GitHub/crossdem/datasets/prime_ministers/meloni/csv_out/208053_meloni_s2t.csv,0.0,35.714285714285715,2139
meloni,/home/mhetac/Documents/GitHub/crossdem/datasets/prime_ministers/meloni/csv_out/208657_meloni_s2t.csv,0.3342245989304813,0.0,2992
meloni,/home/mhetac/Documents/GitHub/crossdem/datasets/prime_ministers/meloni/csv_out/215943_meloni_s2t.csv,0.8125126955108674,0.0,4923
meloni,/home/mhetac/Documents/GitHub/crossdem/datasets/prime_ministers/meloni/csv_out/217051_meloni_s2t.csv,0.36927621861152143,1000.0,2708
meloni,/home/mhetac/Documents/GitHub/crossdem/datasets/prime_ministers/meloni/csv_out/224442_meloni_s2t.csv,0.6944444444444444,0.0,1440
meloni,/home/mhetac/Documents/GitHub/crossdem/datasets/prime_ministers/meloni/csv_out/227049_meloni_s2t.csv,0.6211180124223602,0.0,1610
meloni,/home/mhetac/Documents/GitHub/crossdem/datasets/prime_ministers/meloni/csv_out/230430_meloni_s2t.csv,0.0,0.0,1025
meloni,/home/mhetac/Documents/GitHub/crossdem/datasets/prime_ministers/meloni/csv_out/231324_meloni_s2t.csv,1.3333333333333333,0.0,1500
meloni,/home/mhetac/Documents/GitHub/crossdem/datasets/prime_ministers/meloni/csv_out/231866_meloni_s2t.csv,0.37907505686125853,0.0,2638
meloni,/home/mhetac/Documents/GitHub/crossdem/datasets/prime_ministers/meloni/csv_out/233814_meloni_s2t.csv,2.9305680793507665,0.0,4436
meloni,/home/mhetac/Documents/GitHub/crossdem/datasets/prime_ministers/meloni/csv_out/234308_meloni_s2t.csv,1.4174344436569808,0.0,2822
meloni,/home/mhetac/Documents/GitHub/crossdem/datasets/prime_ministers/meloni/csv_out/238289_meloni_s2t.csv,4.9365303244005645,0.0,1418
meloni,/home/mhetac/Documents/GitHub/crossdem/datasets/prime_ministers/meloni/csv_out/238817_meloni_s2t.csv,0.0,0.0,241
meloni,/home/mhetac/Documents/GitHub/crossdem/datasets/prime_ministers/meloni/csv_out/240205_meloni_s2t.csv,1.8456995201181248,25.974025974025974,2709
meloni,/home/mhetac/Documents/GitHub/crossdem/datasets/prime_ministers/meloni/csv_out/248412_meloni_s2t.csv,0.0,0.0,1745
meloni,/home/mhetac/Documents/GitHub/crossdem/datasets/prime_ministers/meloni/csv_out/249498_meloni_s2t.csv,0.0,0.0,1062
meloni,/home/mhetac/Documents/GitHub/crossdem/datasets/prime_ministers/meloni/csv_out/250282_meloni_s2t.csv,0.0,0.0,1671
meloni,/home/mhetac/Documents/GitHub/crossdem/datasets/prime_ministers/meloni/csv_out/250331_meloni_s2t.csv,2.0380434782608696,0.0,1472
meloni,/home/mhetac/Documents/GitHub/crossdem/datasets/prime_ministers/meloni/csv_out/250954_meloni_s2t.csv,0.0,0.0,1240
meloni,/home/mhetac/Documents/GitHub/crossdem/datasets/prime_ministers/meloni/csv_out/255661_meloni_s2t.csv,0.36036036036036034,0.0,2775
meloni,/home/mhetac/Documents/GitHub/crossdem/datasets/prime_ministers/meloni/csv_out/256753_meloni_s2t.csv,0.9110233829334953,0.0,3293
meloni,/home/mhetac/Documents/GitHub/crossdem/datasets/prime_ministers/meloni/csv_out/257533_meloni_s2t.csv,0.0,0.0,994
meloni,/home/mhetac/Documents/GitHub/crossdem/datasets/prime_ministers/meloni/csv_out/259696_meloni_s2t.csv,0.0,0.0,399
meloni,/home/mhetac/Documents/GitHub/crossdem/datasets/prime_ministers/meloni/csv_out/260071_meloni_s2t.csv,1.7953321364452424,0.0,557
meloni,/home/mhetac/Documents/GitHub/crossdem/datasets/prime_ministers/meloni/csv_out/261981_meloni_s2t.csv,0.0,0.0,50
meloni,/home/mhetac/Documents/GitHub/crossdem/datasets/prime_ministers/meloni/csv_out/262166_meloni_s2t.csv,0.0,0.0,362
meloni,/home/mhetac/Documents/GitHub/crossdem/datasets/prime_ministers/meloni/csv_out/262518_meloni_s2t.csv,0.0,0.0,336
meloni,/home/mhetac/Documents/GitHub/crossdem/datasets/prime_ministers/meloni/csv_out/263764_meloni_s2t.csv,0.0,0.0,1971
meloni,/home/mhetac/Documents/GitHub/crossdem/datasets/prime_ministers/meloni/csv_out/265427_meloni_s2t.csv,0.7147962830593281,0.0,4197
meloni,/home/mhetac/Documents/GitHub/crossdem/datasets/prime_ministers/meloni/csv_out/270392_meloni_s2t.csv,1.0756543564001435,0.0,2789
meloni,/home/mhetac/Documents/GitHub/crossdem/datasets/prime_ministers/meloni/csv_out/274732_meloni_s2t.csv,0.4775549188156638,0.0,2094
meloni,/home/mhetac/Documents/GitHub/crossdem/datasets/prime_ministers/meloni/csv_out/275829_meloni_s2t.csv,1.095290251916758,0.0,1826
meloni,/home/mhetac/Documents/GitHub/crossdem/datasets/prime_ministers/meloni/csv_out/275830_meloni_s2t.csv,0.0,0.0,279
meloni,/home/mhetac/Documents/GitHub/crossdem/datasets/prime_ministers/meloni/csv_out/286243_meloni_s2t.csv,0.3654970760233918,0.0,2736
meloni,/home/mhetac/Documents/GitHub/crossdem/datasets/prime_ministers/meloni/csv_out/295820_meloni_s2t.csv,0.9652509652509652,0.0,2072
meloni,/home/mhetac/Documents/GitHub/crossdem/datasets/prime_ministers/meloni/csv_out/308100_meloni_s2t.csv,0.6119951040391677,0.0,1634
meloni,/home/mhetac/Documents/GitHub/crossdem/datasets/prime_ministers/meloni/csv_out/312086_meloni_s2t.csv,3.6252091466815393,0.0,3586
meloni,/home/mhetac/Documents/GitHub/crossdem/datasets/prime_ministers/meloni/csv_out/316761_meloni_s2t.csv,2.384737678855326,1000.0,1258
meloni,/home/mhetac/Documents/GitHub/crossdem/datasets/prime_ministers/meloni/csv_out/331612_meloni_s2t.csv,3.90625,1000.0,3072
meloni,/home/mhetac/Documents/GitHub/crossdem/datasets/prime_ministers/meloni/csv_out/345322_meloni_s2t.csv,1.9627085377821394,0.0,7133
meloni,/home/mhetac/Documents/GitHub/crossdem/datasets/prime_ministers/meloni/csv_out/355338_meloni_s2t.csv,1.6767973171242927,32.25806451612903,4771
meloni,/home/mhetac/Documents/GitHub/crossdem/datasets/prime_ministers/meloni/csv_out/356309_meloni_s2t.csv,2.3228803716608595,0.0,1722
meloni,/home/mhetac/Documents/GitHub/crossdem/datasets/prime_ministers/meloni/csv_out/361539_meloni_s2t.csv,0.0,0.0,560
meloni,/home/mhetac/Documents/GitHub/crossdem/datasets/prime_ministers/meloni/csv_out/368246_meloni_s2t.csv,2.82574568288854,333.3333333333333,3185
meloni,/home/mhetac/Documents/GitHub/crossdem/datasets/prime_ministers/meloni/csv_out/368999_meloni_s2t.csv,0.0,0.0,1660
meloni,/home/mhetac/Documents/GitHub/crossdem/datasets/prime_ministers/meloni/csv_out/375123_meloni_s2t.csv,0.630715862503942,0.0,3171
meloni,/home/mhetac/Documents/GitHub/crossdem/datasets/prime_ministers/meloni/csv_out/381458_meloni_s2t.csv,3.9840637450199203,0.0,2008
meloni,/home/mhetac/Documents/GitHub/crossdem/datasets/prime_ministers/meloni/csv_out/387604_meloni_s2t.csv,0.0,0.0,635
meloni,/home/mhetac/Documents/GitHub/crossdem/datasets/prime_ministers/meloni/csv_out/396373_meloni_s2t.csv,0.0,0.0,1812
meloni,/home/mhetac/Documents/GitHub/crossdem/datasets/prime_ministers/meloni/csv_out/412320_meloni_s2t.csv,0.759589821496392,0.0,2633
meloni,/home/mhetac/Documents/GitHub/crossdem/datasets/prime_ministers/meloni/csv_out/416521_meloni_s2t.csv,0.6944444444444444,0.0,4320
meloni,/home/mhetac/Documents/GitHub/crossdem/datasets/prime_ministers/meloni/csv_out/424125_meloni_s2t.csv,1.669449081803005,0.0,3594
meloni,/home/mhetac/Documents/GitHub/crossdem/datasets/prime_ministers/meloni/csv_out/425374_meloni_s2t.csv,0.9101941747572816,0.0,3296
meloni,/home/mhetac/Documents/GitHub/crossdem/datasets/prime_ministers/meloni/csv_out/430270_meloni_s2t.csv,2.434406275358399,0.0,3697
meloni,/home/mhetac/Documents/GitHub/crossdem/datasets/prime_ministers/meloni/csv_out/444434_meloni_s2t.csv,2.178649237472767,0.0,2754
meloni,/home/mhetac/Documents/GitHub/crossdem/datasets/prime_ministers/meloni/csv_out/446365_meloni_s2t.csv,1.607717041800643,111.11111111111111,3110
meloni,/home/mhetac/Documents/GitHub/crossdem/datasets/prime_ministers/meloni/csv_out/447300_meloni_s2t.csv,8.264462809917354,0.0,363
meloni,/home/mhetac/Documents/GitHub/crossdem/datasets/prime_ministers/meloni/csv_out/453695_meloni_s2t.csv,0.0,0.0,1017
meloni,/home/mhetac/Documents/GitHub/crossdem/datasets/prime_ministers/meloni/csv_out/454118_meloni_s2t.csv,0.0,0.0,1045
meloni,/home/mhetac/Documents/GitHub/crossdem/datasets/prime_ministers/meloni/csv_out/457836_meloni_s2t.csv,0.0,0.0,857
meloni,/home/mhetac/Documents/GitHub/crossdem/datasets/prime_ministers/meloni/csv_out/460922_meloni_s2t.csv,5.9347181008902075,0.0,337
meloni,/home/mhetac/Documents/GitHub/crossdem/datasets/prime_ministers/meloni/csv_out/464576_meloni_s2t.csv,2.202643171806167,0.0,454
meloni,/home/mhetac/Documents/GitHub/crossdem/datasets/prime_ministers/meloni/csv_out/470010_meloni_s2t.csv,0.0,0.0,239
meloni,/home/mhetac/Documents/GitHub/crossdem/datasets/prime_ministers/meloni/csv_out/470230_meloni_s2t.csv,0.0,0.0,298
meloni,/home/mhetac/Documents/GitHub/crossdem/datasets/prime_ministers/meloni/csv_out/470326_meloni_s2t.csv,2.898550724637681,0.0,345
meloni,/home/mhetac/Documents/GitHub/crossdem/datasets/prime_ministers/meloni/csv_out/472551_meloni_s2t.csv,0.0,0.0,464
meloni,/home/mhetac/Documents/GitHub/crossdem/datasets/prime_ministers/meloni/csv_out/481299_meloni_s2t.csv,14.035087719298245,0.0,285
meloni,/home/mhetac/Documents/GitHub/crossdem/datasets/prime_ministers/meloni/csv_out/489065_meloni_s2t.csv,2.5510204081632653,0.0,784
meloni,/home/mhetac/Documents/GitHub/crossdem/datasets/prime_ministers/meloni/csv_out/494412_meloni_s2t.csv,3.6719706242350063,0.0,817
meloni,/home/mhetac/Documents/GitHub/crossdem/datasets/prime_ministers/meloni/csv_out/497240_meloni_s2t.csv,0.0,0.0,327
meloni,/home/mhetac/Documents/GitHub/crossdem/datasets/prime_ministers/meloni/csv_out/498562_meloni_s2t.csv,0.0,0.0,397
meloni,/home/mhetac/Documents/GitHub/crossdem/datasets/prime_ministers/meloni/csv_out/499069_meloni_s2t.csv,0.0,0.0,346
meloni,/home/mhetac/Documents/GitHub/crossdem/datasets/prime_ministers/meloni/csv_out/500798_meloni_s2t.csv,2.1367521367521367,0.0,468
meloni,/home/mhetac/Documents/GitHub/crossdem/datasets/prime_ministers/meloni/csv_out/509656_meloni_s2t.csv,1.545595054095827,0.0,647
meloni,/home/mhetac/Documents/GitHub/crossdem/datasets/prime_ministers/meloni/csv_out/516471_meloni_s2t.csv,0.0,0.0,824
meloni,/home/mhetac/Documents/GitHub/crossdem/datasets/prime_ministers/meloni/csv_out/520269_meloni_s2t.csv,0.0,0.0,838
meloni,/home/mhetac/Documents/GitHub/crossdem/datasets/prime_ministers/meloni/csv_out/520585_meloni_s2t.csv,0.0,0.0,622
meloni,/home/mhetac/Documents/GitHub/crossdem/datasets/prime_ministers/meloni/csv_out/539876_meloni_s2t.csv,0.9295840111550081,9.25925925925926,4303
meloni,/home/mhetac/Documents/GitHub/crossdem/datasets/prime_ministers/meloni/csv_out/543045_meloni_s2t.csv,1.1682242990654206,0.0,2568
meloni,/home/mhetac/Documents/GitHub/crossdem/datasets/prime_ministers/meloni/csv_out/543087_meloni_s2t.csv,1.7969451931716083,0.0,1113
meloni,/home/mhetac/Documents/GitHub/crossdem/datasets/prime_ministers/meloni/csv_out/544427_meloni_s2t.csv,3.447576556479416,20.2020202020202,4931
meloni,/home/mhetac/Documents/GitHub/crossdem/datasets/prime_ministers/meloni/csv_out/548790_meloni_s2t.csv,1.3412017167381973,13.88888888888889,3728
meloni,/home/mhetac/Documents/GitHub/crossdem/datasets/prime_ministers/meloni/csv_out/556313_meloni_s2t.csv,4.3057050592034445,0.0,929
meloni,/home/mhetac/Documents/GitHub/crossdem/datasets/prime_ministers/meloni/csv_out/557539_meloni_s2t.csv,0.7062146892655368,0.0,2832
meloni,/home/mhetac/Documents/GitHub/crossdem/datasets/prime_ministers/meloni/csv_out/558959_meloni_s2t.csv,0.0,0.0,290
meloni,/home/mhetac/Documents/GitHub/crossdem/datasets/prime_ministers/meloni/csv_out/561187_meloni_s2t.csv,0.0,0.0,597
meloni,/home/mhetac/Documents/GitHub/crossdem/datasets/prime_ministers/meloni/csv_out/579234_meloni_s2t.csv,0.0,0.0,1054
meloni,/home/mhetac/Documents/GitHub/crossdem/datasets/prime_ministers/meloni/csv_out/585129_meloni_s2t.csv,4.587155963302752,0.0,218
meloni,/home/mhetac/Documents/GitHub/crossdem/datasets/prime_ministers/meloni/csv_out/585618_meloni_s2t.csv,0.0,0.0,514
meloni,/home/mhetac/Documents/GitHub/crossdem/datasets/prime_ministers/meloni/csv_out/591147_meloni_s2t.csv,3.6908380373425964,0.0,4606
meloni,/home/mhetac/Documents/GitHub/crossdem/datasets/prime_ministers/meloni/csv_out/592810_meloni_s2t.csv,2.371200689803837,0.0,4639
meloni,/home/mhetac/Documents/GitHub/crossdem/datasets/prime_ministers/meloni/csv_out/659219_meloni_s2t.csv,2.9607698001480385,0.0,1351
meloni,/home/mhetac/Documents/GitHub/crossdem/datasets/prime_ministers/meloni/csv_out/65bjC_meloni_speech2text.csv,0.0,0.0,161
meloni,/home/mhetac/Documents/GitHub/crossdem/datasets/prime_ministers/meloni/csv_out/673100_meloni_s2t.csv,3.933434190620272,0.0,3305
meloni,/home/mhetac/Documents/GitHub/crossdem/datasets/prime_ministers/meloni/csv_out/677097_meloni_s2t.csv,1.8484288354898337,250.0,1623
meloni,/home/mhetac/Documents/GitHub/crossdem/datasets/prime_ministers/meloni/csv_out/682744_meloni_s2t.csv,2.3142195937258934,0.0,3889
meloni,/home/mhetac/Documents/GitHub/crossdem/datasets/prime_ministers/meloni/csv_out/723662_meloni_s2t.csv,0.0,0.0,208
meloni,/home/mhetac/Documents/GitHub/crossdem/datasets/prime_ministers/meloni/csv_out/735122_meloni_s2t.csv,2.3094688221709005,52.63157894736842,2165
meloni,/home/mhetac/Documents/GitHub/crossdem/datasets/prime_ministers/meloni/csv_out/735126_meloni_s2t.csv,2.457002457002457,0.0,407
meloni,/home/mhetac/Documents/GitHub/crossdem/datasets/prime_ministers/meloni/csv_out/735406_meloni_s2t.csv,0.0,0.0,187
meloni,/home/mhetac/Documents/GitHub/crossdem/datasets/prime_ministers/meloni/csv_out/783944_meloni_s2t.csv,0.7782101167315175,0.0,2570
meloni,/home/mhetac/Documents/GitHub/crossdem/datasets/prime_ministers/meloni/csv_out/788549_meloni_s2t.csv,7.751937984496124,0.0,3612
meloni,/home/mhetac/Documents/GitHub/crossdem/datasets/prime_ministers/meloni/csv_out/7FZlV_meloni_speech2text.csv,1.3157894736842106,0.0,760
meloni,/home/mhetac/Documents/GitHub/crossdem/datasets/prime_ministers/meloni/csv_out/8Hamy_meloni_speech2text.csv,6.224066390041494,0.0,1446
meloni,/home/mhetac/Documents/GitHub/crossdem/datasets/prime_ministers/meloni/csv_out/Yo3ij_meloni_speech2text.csv,0.0,0.0,1316
meloni,/home/mhetac/Documents/GitHub/crossdem/datasets/prime_ministers/meloni/csv_out/ZJLj6_meloni_speech2text.csv,0.0,0.0,352
meloni,/home/mhetac/Documents/GitHub/crossdem/datasets/prime_ministers/meloni/csv_out/Zr7Ia_meloni_speech2text.csv,0.0,0.0,1242
meloni,/home/mhetac/Documents/GitHub/crossdem/datasets/prime_ministers/meloni/csv_out/_DAzj_meloni_speech2text.csv,0.0,0.0,1154
meloni,/home/mhetac/Documents/GitHub/crossdem/datasets/prime_ministers/meloni/csv_out/_vj0Y_meloni_speech2text.csv,0.0,0.0,1299
meloni,/home/mhetac/Documents/GitHub/crossdem/datasets/prime_ministers/meloni/csv_out/aD5q4_meloni_speech2text.csv,1.6339869281045751,0.0,612
meloni,/home/mhetac/Documents/GitHub/crossdem/datasets/prime_ministers/meloni/csv_out/bwykb_meloni_speech2text.csv,0.0,0.0,488
meloni,/home/mhetac/Documents/GitHub/crossdem/datasets/prime_ministers/meloni/csv_out/cGf18_meloni_speech2text.csv,1.271940981938438,0.0,3931
meloni,/home/mhetac/Documents/GitHub/crossdem/datasets/prime_ministers/meloni/csv_out/yzIXy_meloni_speech2text.csv,0.9794319294809011,0.0,1021
meloni,/home/mhetac/Documents/GitHub/crossdem/datasets/prime_ministers/meloni/csv_out/zkEjl_meloni_speech2text.csv,2.014098690835851,0.0,993
meloni,/home/mhetac/Documents/GitHub/crossdem/datasets/prime_ministers/meloni/csv_out/520587_meloni_s2t.csv,0.0,0.0,111
meloni,/home/mhetac/Documents/GitHub/crossdem/datasets/prime_ministers/meloni/csv_out/207064_meloni_s2t.csv,0.0,0.0,70
meloni,/home/mhetac/Documents/GitHub/crossdem/datasets/prime_ministers/meloni/csv_out/147445_meloni_s2t.csv,0.0,0.0,1990
meloni,/home/mhetac/Documents/GitHub/crossdem/datasets/prime_ministers/meloni/csv_out/598226_meloni_s2t.csv,0.0,0.0,91
meloni,/home/mhetac/Documents/GitHub/crossdem/datasets/prime_ministers/meloni/csv_out/536904_meloni_s2t.csv,0.0,0.0,125
meloni,/home/mhetac/Documents/GitHub/crossdem/datasets/prime_ministers/meloni/csv_out/590932_meloni_s2t.csv,0.9657170449058425,62.5,4142
meloni,/home/mhetac/Documents/GitHub/crossdem/datasets/prime_ministers/meloni/csv_out/pdbRy_meloni_speech2text.csv,8.613264427217915,0.0,1161
meloni,/home/mhetac/Documents/GitHub/crossdem/datasets/prime_ministers/meloni/csv_out/q--RZ_meloni_speech2text.csv,0.5405405405405406,0.0,1850
meloni,/home/mhetac/Documents/GitHub/crossdem/datasets/prime_ministers/meloni/csv_out/qtub6_meloni_speech2text.csv,12.5,0.0,240
meloni,/home/mhetac/Documents/GitHub/crossdem/datasets/prime_ministers/meloni/csv_out/QYrdZ_meloni_speech2text.csv,0.0,0.0,602
meloni,/home/mhetac/Documents/GitHub/crossdem/datasets/prime_ministers/meloni/csv_out/rBHLJ_meloni_speech2text.csv,0.20060180541624875,0.0,4985
meloni,/home/mhetac/Documents/GitHub/crossdem/datasets/prime_ministers/meloni/csv_out/SgM9q_meloni_speech2text.csv,0.0,0.0,1152
meloni,/home/mhetac/Documents/GitHub/crossdem/datasets/prime_ministers/meloni/csv_out/sMzNn_meloni_speech2text.csv,18.599562363238512,0.0,914
meloni,/home/mhetac/Documents/GitHub/crossdem/datasets/prime_ministers/meloni/csv_out/1GqzU_meloni_speech2text.csv,5.291005291005291,0.0,1890
meloni,/home/mhetac/Documents/GitHub/crossdem/datasets/prime_ministers/meloni/csv_out/vB7ut_meloni_speech2text.csv,0.0,0.0,65
